filename,Label
847_s3_normal_retardationnormal.png,0
966_s3_normal_retardationnormal.png,0
342_s3_normal_retardationnormal.png,0
260_s3_normal_retardationnormal.png,0
253_s3_normal_retardationnormal.png,0
859_s3_normal_retardationnormal.png,0
121_s3_normal_retardationnormal.png,0
26_s3_normal_retardationnormal.png,0
1055_s3_normal_retardationnormal.png,0
1192_s3_normal_retardationnormal.png,0
92_s3_normal_retardationnormal.png,0
835_s3_normal_retardationnormal.png,0
1108_s3_normal_retardationnormal.png,0
588_s3_normal_retardationnormal.png,0
192_s3_normal_retardationnormal.png,0
399_s3_normal_retardationnormal.png,0
563_s3_normal_retardationnormal.png,0
996_s3_normal_retardationnormal.png,0
169_s3_normal_retardationnormal.png,0
1018_s3_normal_retardationnormal.png,0
141_s3_normal_retardationnormal.png,0
474_s3_normal_retardationnormal.png,0
103_s3_normal_retardationnormal.png,0
411_s3_normal_retardationnormal.png,0
110_s3_normal_retardationnormal.png,0
779_s3_normal_retardationnormal.png,0
125_s3_normal_retardationnormal.png,0
112_s3_normal_retardationnormal.png,0
688_s3_normal_retardationnormal.png,0
580_s3_normal_retardationnormal.png,0
397_s3_normal_retardationnormal.png,0
280_s3_normal_retardationnormal.png,0
784_s3_normal_retardationnormal.png,0
1016_s3_normal_retardationnormal.png,0
1174_s3_normal_retardationnormal.png,0
347_s3_normal_retardationnormal.png,0
213_s3_normal_retardationnormal.png,0
496_s3_normal_retardationnormal.png,0
1094_s3_normal_retardationnormal.png,0
406_s3_normal_retardationnormal.png,0
1010_s3_normal_retardationnormal.png,0
1177_s3_normal_retardationnormal.png,0
681_s3_normal_retardationnormal.png,0
491_s3_normal_retardationnormal.png,0
486_s3_normal_retardationnormal.png,0
181_s3_normal_retardationnormal.png,0
772_s3_normal_retardationnormal.png,0
831_s3_normal_retardationnormal.png,0
162_s3_normal_retardationnormal.png,0
782_s3_normal_retardationnormal.png,0
755_s3_normal_retardationnormal.png,0
663_s3_normal_retardationnormal.png,0
846_s3_normal_retardationnormal.png,0
752_s3_normal_retardationnormal.png,0
566_s3_normal_retardationnormal.png,0
889_s3_normal_retardationnormal.png,0
415_s3_normal_retardationnormal.png,0
587_s3_normal_retardationnormal.png,0
804_s3_normal_retardationnormal.png,0
17_s3_normal_retardationnormal.png,0
457_s3_normal_retardationnormal.png,0
732_s3_normal_retardationnormal.png,0
1029_s3_normal_retardationnormal.png,0
178_s3_normal_retardationnormal.png,0
941_s3_normal_retardationnormal.png,0
357_s3_normal_retardationnormal.png,0
254_s3_normal_retardationnormal.png,0
31_s3_normal_retardationnormal.png,0
256_s3_normal_retardationnormal.png,0
1052_s3_normal_retardationnormal.png,0
943_s3_normal_retardationnormal.png,0
990_s3_normal_retardationnormal.png,0
1182_s3_normal_retardationnormal.png,0
567_s3_normal_retardationnormal.png,0
212_s3_normal_retardationnormal.png,0
876_s3_normal_retardationnormal.png,0
366_s3_normal_retardationnormal.png,0
1068_s3_normal_retardationnormal.png,0
1135_s3_normal_retardationnormal.png,0
542_s3_normal_retardationnormal.png,0
903_s3_normal_retardationnormal.png,0
969_s3_normal_retardationnormal.png,0
927_s3_normal_retardationnormal.png,0
967_s3_normal_retardationnormal.png,0
329_s3_normal_retardationnormal.png,0
913_s3_normal_retardationnormal.png,0
265_s3_normal_retardationnormal.png,0
820_s3_normal_retardationnormal.png,0
650_s3_normal_retardationnormal.png,0
231_s3_normal_retardationnormal.png,0
767_s3_normal_retardationnormal.png,0
384_s3_normal_retardationnormal.png,0
1102_s3_normal_retardationnormal.png,0
971_s3_normal_retardationnormal.png,0
455_s3_normal_retardationnormal.png,0
581_s3_normal_retardationnormal.png,0
82_s3_normal_retardationnormal.png,0
274_s3_normal_retardationnormal.png,0
1001_s3_normal_retardationnormal.png,0
888_s3_normal_retardationnormal.png,0
642_s3_normal_retardationnormal.png,0
675_s3_normal_retardationnormal.png,0
150_s3_normal_retardationnormal.png,0
76_s3_normal_retardationnormal.png,0
135_s3_normal_retardationnormal.png,0
217_s3_normal_retardationnormal.png,0
1008_s3_normal_retardationnormal.png,0
464_s3_normal_retardationnormal.png,0
487_s3_normal_retardationnormal.png,0
1117_s3_normal_retardationnormal.png,0
798_s3_normal_retardationnormal.png,0
690_s3_normal_retardationnormal.png,0
54_s3_normal_retardationnormal.png,0
721_s3_normal_retardationnormal.png,0
1020_s3_normal_retardationnormal.png,0
489_s3_normal_retardationnormal.png,0
395_s3_normal_retardationnormal.png,0
957_s3_normal_retardationnormal.png,0
392_s3_normal_retardationnormal.png,0
420_s3_normal_retardationnormal.png,0
1126_s3_normal_retardationnormal.png,0
18_s3_normal_retardationnormal.png,0
230_s3_normal_retardationnormal.png,0
904_s3_normal_retardationnormal.png,0
536_s3_normal_retardationnormal.png,0
861_s3_normal_retardationnormal.png,0
538_s3_normal_retardationnormal.png,0
1164_s3_normal_retardationnormal.png,0
547_s3_normal_retardationnormal.png,0
154_s3_normal_retardationnormal.png,0
436_s3_normal_retardationnormal.png,0
785_s3_normal_retardationnormal.png,0
03_s3_normal_retardationnormal.png,0
177_s3_normal_retardationnormal.png,0
1019_s3_normal_retardationnormal.png,0
591_s3_normal_retardationnormal.png,0
430_s3_normal_retardationnormal.png,0
530_s3_normal_retardationnormal.png,0
42_s3_normal_retardationnormal.png,0
20_s3_normal_retardationnormal.png,0
127_s3_normal_retardationnormal.png,0
948_s3_normal_retardationnormal.png,0
314_s3_normal_retardationnormal.png,0
822_s3_normal_retardationnormal.png,0
735_s3_normal_retardationnormal.png,0
1138_s3_normal_retardationnormal.png,0
182_s3_normal_retardationnormal.png,0
633_s3_normal_retardationnormal.png,0
973_s3_normal_retardationnormal.png,0
909_s3_normal_retardationnormal.png,0
488_s3_normal_retardationnormal.png,0
741_s3_normal_retardationnormal.png,0
623_s3_normal_retardationnormal.png,0
607_s3_normal_retardationnormal.png,0
764_s3_normal_retardationnormal.png,0
247_s3_normal_retardationnormal.png,0
819_s3_normal_retardationnormal.png,0
249_s3_normal_retardationnormal.png,0
561_s3_normal_retardationnormal.png,0
442_s3_normal_retardationnormal.png,0
335_s3_normal_retardationnormal.png,0
907_s3_normal_retardationnormal.png,0
611_s3_normal_retardationnormal.png,0
761_s3_normal_retardationnormal.png,0
349_s3_normal_retardationnormal.png,0
1115_s3_normal_retardationnormal.png,0
706_s3_normal_retardationnormal.png,0
630_s3_normal_retardationnormal.png,0
924_s3_normal_retardationnormal.png,0
85_s3_normal_retardationnormal.png,0
585_s3_normal_retardationnormal.png,0
669_s3_normal_retardationnormal.png,0
1198_s3_normal_retardationnormal.png,0
771_s3_normal_retardationnormal.png,0
49_s3_normal_retardationnormal.png,0
405_s3_normal_retardationnormal.png,0
452_s3_normal_retardationnormal.png,0
751_s3_normal_retardationnormal.png,0
149_s3_normal_retardationnormal.png,0
273_s3_normal_retardationnormal.png,0
485_s3_normal_retardationnormal.png,0
423_s3_normal_retardationnormal.png,0
466_s3_normal_retardationnormal.png,0
762_s3_normal_retardationnormal.png,0
183_s3_normal_retardationnormal.png,0
636_s3_normal_retardationnormal.png,0
334_s3_normal_retardationnormal.png,0
97_s3_normal_retardationnormal.png,0
885_s3_normal_retardationnormal.png,0
407_s3_normal_retardationnormal.png,0
1128_s3_normal_retardationnormal.png,0
759_s3_normal_retardationnormal.png,0
934_s3_normal_retardationnormal.png,0
434_s3_normal_retardationnormal.png,0
1098_s3_normal_retardationnormal.png,0
130_s3_normal_retardationnormal.png,0
1015_s3_normal_retardationnormal.png,0
980_s3_normal_retardationnormal.png,0
413_s3_normal_retardationnormal.png,0
348_s3_normal_retardationnormal.png,0
613_s3_normal_retardationnormal.png,0
850_s3_normal_retardationnormal.png,0
1026_s3_normal_retardationnormal.png,0
739_s3_normal_retardationnormal.png,0
243_s3_normal_retardationnormal.png,0
821_s3_normal_retardationnormal.png,0
1155_s3_normal_retardationnormal.png,0
401_s3_normal_retardationnormal.png,0
700_s3_normal_retardationnormal.png,0
1143_s3_normal_retardationnormal.png,0
770_s3_normal_retardationnormal.png,0
898_s3_normal_retardationnormal.png,0
994_s3_normal_retardationnormal.png,0
237_s3_normal_retardationnormal.png,0
724_s3_normal_retardationnormal.png,0
21_s3_normal_retardationnormal.png,0
916_s3_normal_retardationnormal.png,0
403_s3_normal_retardationnormal.png,0
354_s3_normal_retardationnormal.png,0
823_s3_normal_retardationnormal.png,0
463_s3_normal_retardationnormal.png,0
1058_s3_normal_retardationnormal.png,0
740_s3_normal_retardationnormal.png,0
678_s3_normal_retardationnormal.png,0
19_s3_normal_retardationnormal.png,0
176_s3_normal_retardationnormal.png,0
379_s3_normal_retardationnormal.png,0
484_s3_normal_retardationnormal.png,0
696_s3_normal_retardationnormal.png,0
46_s3_normal_retardationnormal.png,0
748_s3_normal_retardationnormal.png,0
1186_s3_normal_retardationnormal.png,0
754_s3_normal_retardationnormal.png,0
502_s3_normal_retardationnormal.png,0
429_s3_normal_retardationnormal.png,0
520_s3_normal_retardationnormal.png,0
84_s3_normal_retardationnormal.png,0
207_s3_normal_retardationnormal.png,0
952_s3_normal_retardationnormal.png,0
906_s3_normal_retardationnormal.png,0
734_s3_normal_retardationnormal.png,0
870_s3_normal_retardationnormal.png,0
972_s3_normal_retardationnormal.png,0
813_s3_normal_retardationnormal.png,0
792_s3_normal_retardationnormal.png,0
363_s3_normal_retardationnormal.png,0
462_s3_normal_retardationnormal.png,0
1088_s3_normal_retardationnormal.png,0
845_s3_normal_retardationnormal.png,0
59_s3_normal_retardationnormal.png,0
276_s3_normal_retardationnormal.png,0
619_s3_normal_retardationnormal.png,0
723_s3_normal_retardationnormal.png,0
473_s3_normal_retardationnormal.png,0
500_s3_normal_retardationnormal.png,0
893_s3_normal_retardationnormal.png,0
145_s3_normal_retardationnormal.png,0
432_s3_normal_retardationnormal.png,0
874_s3_normal_retardationnormal.png,0
365_s3_normal_retardationnormal.png,0
325_s3_normal_retardationnormal.png,0
180_s3_normal_retardationnormal.png,0
195_s3_normal_retardationnormal.png,0
868_s3_normal_retardationnormal.png,0
318_s3_normal_retardationnormal.png,0
73_s3_normal_retardationnormal.png,0
666_s3_normal_retardationnormal.png,0
1200_s3_normal_retardationnormal.png,0
200_s3_normal_retardationnormal.png,0
1087_s3_normal_retardationnormal.png,0
975_s3_normal_retardationnormal.png,0
707_s3_normal_retardationnormal.png,0
139_s3_normal_retardationnormal.png,0
204_s3_normal_retardationnormal.png,0
533_s3_normal_retardationnormal.png,0
37_s3_normal_retardationnormal.png,0
518_s3_normal_retardationnormal.png,0
1073_s3_normal_retardationnormal.png,0
993_s3_normal_retardationnormal.png,0
548_s3_normal_retardationnormal.png,0
728_s3_normal_retardationnormal.png,0
292_s3_normal_retardationnormal.png,0
1111_s3_normal_retardationnormal.png,0
267_s3_normal_retardationnormal.png,0
483_s3_normal_retardationnormal.png,0
643_s3_normal_retardationnormal.png,0
447_s3_normal_retardationnormal.png,0
604_s3_normal_retardationnormal.png,0
961_s3_normal_retardationnormal.png,0
765_s3_normal_retardationnormal.png,0
490_s3_normal_retardationnormal.png,0
358_s3_normal_retardationnormal.png,0
851_s3_normal_retardationnormal.png,0
294_s3_normal_retardationnormal.png,0
575_s3_normal_retardationnormal.png,0
787_s3_normal_retardationnormal.png,0
584_s3_normal_retardationnormal.png,0
222_s3_normal_retardationnormal.png,0
606_s3_normal_retardationnormal.png,0
1100_s3_normal_retardationnormal.png,0
938_s3_normal_retardationnormal.png,0
693_s3_normal_retardationnormal.png,0
505_s3_normal_retardationnormal.png,0
790_s3_normal_retardationnormal.png,0
1147_s3_normal_retardationnormal.png,0
02_s3_normal_retardationnormal.png,0
757_s3_normal_retardationnormal.png,0
102_s3_normal_retardationnormal.png,0
997_s3_normal_retardationnormal.png,0
808_s3_normal_retardationnormal.png,0
526_s3_normal_retardationnormal.png,0
1064_s3_normal_retardationnormal.png,0
746_s3_normal_retardationnormal.png,0
259_s3_normal_retardationnormal.png,0
552_s3_normal_retardationnormal.png,0
142_s3_normal_retardationnormal.png,0
339_s3_normal_retardationnormal.png,0
692_s3_normal_retardationnormal.png,0
628_s3_normal_retardationnormal.png,0
902_s3_normal_retardationnormal.png,0
802_s3_normal_retardationnormal.png,0
1142_s3_normal_retardationnormal.png,0
844_s3_normal_retardationnormal.png,0
1003_s3_normal_retardationnormal.png,0
170_s3_normal_retardationnormal.png,0
524_s3_normal_retardationnormal.png,0
291_s3_normal_retardationnormal.png,0
353_s3_normal_retardationnormal.png,0
504_s3_normal_retardationnormal.png,0
684_s3_normal_retardationnormal.png,0
179_s3_normal_retardationnormal.png,0
118_s3_normal_retardationnormal.png,0
94_s3_normal_retardationnormal.png,0
290_s3_normal_retardationnormal.png,0
912_s3_normal_retardationnormal.png,0
671_s3_normal_retardationnormal.png,0
1104_s3_normal_retardationnormal.png,0
879_s3_normal_retardationnormal.png,0
418_s3_normal_retardationnormal.png,0
1043_s3_normal_retardationnormal.png,0
51_s3_normal_retardationnormal.png,0
958_s3_normal_retardationnormal.png,0
651_s3_normal_retardationnormal.png,0
811_s3_normal_retardationnormal.png,0
1067_s3_normal_retardationnormal.png,0
394_s3_normal_retardationnormal.png,0
87_s3_normal_retardationnormal.png,0
1046_s3_normal_retardationnormal.png,0
833_s3_normal_retardationnormal.png,0
626_s3_normal_retardationnormal.png,0
1110_s3_normal_retardationnormal.png,0
242_s3_normal_retardationnormal.png,0
932_s3_normal_retardationnormal.png,0
233_s3_normal_retardationnormal.png,0
659_s3_normal_retardationnormal.png,0
583_s3_normal_retardationnormal.png,0
1076_s3_normal_retardationnormal.png,0
120_s3_normal_retardationnormal.png,0
838_s3_normal_retardationnormal.png,0
614_s3_normal_retardationnormal.png,0
88_s3_normal_retardationnormal.png,0
836_s3_normal_retardationnormal.png,0
956_s3_normal_retardationnormal.png,0
1189_s3_normal_retardationnormal.png,0
68_s3_normal_retardationnormal.png,0
1059_s3_normal_retardationnormal.png,0
712_s3_normal_retardationnormal.png,0
197_s3_normal_retardationnormal.png,0
1017_s3_normal_retardationnormal.png,0
702_s3_normal_retardationnormal.png,0
326_s3_normal_retardationnormal.png,0
472_s3_normal_retardationnormal.png,0
495_s3_normal_retardationnormal.png,0
857_s3_normal_retardationnormal.png,0
129_s3_normal_retardationnormal.png,0
1187_s3_normal_retardationnormal.png,0
115_s3_normal_retardationnormal.png,0
562_s3_normal_retardationnormal.png,0
209_s3_normal_retardationnormal.png,0
599_s3_normal_retardationnormal.png,0
922_s3_normal_retardationnormal.png,0
1158_s3_normal_retardationnormal.png,0
201_s3_normal_retardationnormal.png,0
72_s3_normal_retardationnormal.png,0
528_s3_normal_retardationnormal.png,0
330_s3_normal_retardationnormal.png,0
716_s3_normal_retardationnormal.png,0
705_s3_normal_retardationnormal.png,0
1084_s3_normal_retardationnormal.png,0
935_s3_normal_retardationnormal.png,0
1160_s3_normal_retardationnormal.png,0
895_s3_normal_retardationnormal.png,0
101_s3_normal_retardationnormal.png,0
1156_s3_normal_retardationnormal.png,0
862_s3_normal_retardationnormal.png,0
461_s3_normal_retardationnormal.png,0
703_s3_normal_retardationnormal.png,0
624_s3_normal_retardationnormal.png,0
261_s3_normal_retardationnormal.png,0
107_s3_normal_retardationnormal.png,0
592_s3_normal_retardationnormal.png,0
1063_s3_normal_retardationnormal.png,0
336_s3_normal_retardationnormal.png,0
1096_s3_normal_retardationnormal.png,0
1105_s3_normal_retardationnormal.png,0
880_s3_normal_retardationnormal.png,0
1034_s3_normal_retardationnormal.png,0
597_s3_normal_retardationnormal.png,0
731_s3_normal_retardationnormal.png,0
83_s3_normal_retardationnormal.png,0
1132_s3_normal_retardationnormal.png,0
376_s3_normal_retardationnormal.png,0
766_s3_normal_retardationnormal.png,0
327_s3_normal_retardationnormal.png,0
433_s3_normal_retardationnormal.png,0
30_s3_normal_retardationnormal.png,0
275_s3_normal_retardationnormal.png,0
113_s3_normal_retardationnormal.png,0
758_s3_normal_retardationnormal.png,0
550_s3_normal_retardationnormal.png,0
498_s3_normal_retardationnormal.png,0
284_s3_normal_retardationnormal.png,0
828_s3_normal_retardationnormal.png,0
116_s3_normal_retardationnormal.png,0
1037_s3_normal_retardationnormal.png,0
15_s3_normal_retardationnormal.png,0
1007_s3_normal_retardationnormal.png,0
1118_s3_normal_retardationnormal.png,0
47_s3_normal_retardationnormal.png,0
1139_s3_normal_retardationnormal.png,0
1119_s3_normal_retardationnormal.png,0
53_s3_normal_retardationnormal.png,0
408_s3_normal_retardationnormal.png,0
534_s3_normal_retardationnormal.png,0
979_s3_normal_retardationnormal.png,0
08_s3_normal_retardationnormal.png,0
978_s3_normal_retardationnormal.png,0
119_s3_normal_retardationnormal.png,0
1197_s3_normal_retardationnormal.png,0
968_s3_normal_retardationnormal.png,0
573_s3_normal_retardationnormal.png,0
965_s3_normal_retardationnormal.png,0
865_s3_normal_retardationnormal.png,0
424_s3_normal_retardationnormal.png,0
949_s3_normal_retardationnormal.png,0
14_s3_normal_retardationnormal.png,0
293_s3_normal_retardationnormal.png,0
470_s3_normal_retardationnormal.png,0
725_s3_normal_retardationnormal.png,0
825_s3_normal_retardationnormal.png,0
446_s3_normal_retardationnormal.png,0
631_s3_normal_retardationnormal.png,0
1166_s3_normal_retardationnormal.png,0
558_s3_normal_retardationnormal.png,0
1196_s3_normal_retardationnormal.png,0
299_s3_normal_retardationnormal.png,0
506_s3_normal_retardationnormal.png,0
698_s3_normal_retardationnormal.png,0
144_s3_normal_retardationnormal.png,0
710_s3_normal_retardationnormal.png,0
1171_s3_normal_retardationnormal.png,0
220_s3_normal_retardationnormal.png,0
679_s3_normal_retardationnormal.png,0
1000_s3_normal_retardationnormal.png,0
264_s3_normal_retardationnormal.png,0
672_s3_normal_retardationnormal.png,0
63_s3_normal_retardationnormal.png,0
07_s3_normal_retardationnormal.png,0
946_s3_normal_retardationnormal.png,0
598_s3_normal_retardationnormal.png,0
1180_s3_normal_retardationnormal.png,0
409_s3_normal_retardationnormal.png,0
1079_s3_normal_retardationnormal.png,0
1136_s3_normal_retardationnormal.png,0
942_s3_normal_retardationnormal.png,0
951_s3_normal_retardationnormal.png,0
345_s3_normal_retardationnormal.png,0
477_s3_normal_retardationnormal.png,0
601_s3_normal_retardationnormal.png,0
886_s3_normal_retardationnormal.png,0
911_s3_normal_retardationnormal.png,0
680_s3_normal_retardationnormal.png,0
925_s3_normal_retardationnormal.png,0
1054_s3_normal_retardationnormal.png,0
99_s3_normal_retardationnormal.png,0
843_s3_normal_retardationnormal.png,0
714_s3_normal_retardationnormal.png,0
662_s3_normal_retardationnormal.png,0
742_s3_normal_retardationnormal.png,0
38_s3_normal_retardationnormal.png,0
985_s3_normal_retardationnormal.png,0
568_s3_normal_retardationnormal.png,0
86_s3_normal_retardationnormal.png,0
775_s3_normal_retardationnormal.png,0
328_s3_normal_retardationnormal.png,0
1053_s3_normal_retardationnormal.png,0
67_s3_normal_retardationnormal.png,0
1154_s3_normal_retardationnormal.png,0
717_s3_normal_retardationnormal.png,0
499_s3_normal_retardationnormal.png,0
1070_s3_normal_retardationnormal.png,0
310_s3_normal_retardationnormal.png,0
789_s3_normal_retardationnormal.png,0
277_s3_normal_retardationnormal.png,0
383_s3_normal_retardationnormal.png,0
482_s3_normal_retardationnormal.png,0
826_s3_normal_retardationnormal.png,0
367_s3_normal_retardationnormal.png,0
323_s3_normal_retardationnormal.png,0
689_s3_normal_retardationnormal.png,0
1025_s3_normal_retardationnormal.png,0
215_s3_normal_retardationnormal.png,0
891_s3_normal_retardationnormal.png,0
634_s3_normal_retardationnormal.png,0
165_s3_normal_retardationnormal.png,0
1172_s3_normal_retardationnormal.png,0
114_s3_normal_retardationnormal.png,0
412_s3_normal_retardationnormal.png,0
389_s3_normal_retardationnormal.png,0
117_s3_normal_retardationnormal.png,0
989_s3_normal_retardationnormal.png,0
50_s3_normal_retardationnormal.png,0
1181_s3_normal_retardationnormal.png,0
849_s3_normal_retardationnormal.png,0
1099_s3_normal_retardationnormal.png,0
991_s3_normal_retardationnormal.png,0
1153_s3_normal_retardationnormal.png,0
307_s3_normal_retardationnormal.png,0
867_s3_normal_retardationnormal.png,0
1176_s3_normal_retardationnormal.png,0
1023_s3_normal_retardationnormal.png,0
12_s3_normal_retardationnormal.png,0
417_s3_normal_retardationnormal.png,0
1047_s3_normal_retardationnormal.png,0
708_s3_normal_retardationnormal.png,0
364_s3_normal_retardationnormal.png,0
900_s3_normal_retardationnormal.png,0
617_s3_normal_retardationnormal.png,0
289_s3_normal_retardationnormal.png,0
621_s3_normal_retardationnormal.png,0
683_s3_normal_retardationnormal.png,0
704_s3_normal_retardationnormal.png,0
419_s3_normal_retardationnormal.png,0
297_s3_normal_retardationnormal.png,0
939_s3_normal_retardationnormal.png,0
378_s3_normal_retardationnormal.png,0
1086_s3_normal_retardationnormal.png,0
930_s3_normal_retardationnormal.png,0
537_s3_normal_retardationnormal.png,0
64_s3_normal_retardationnormal.png,0
33_s3_normal_retardationnormal.png,0
341_s3_normal_retardationnormal.png,0
648_s3_normal_retardationnormal.png,0
368_s3_normal_retardationnormal.png,0
523_s3_normal_retardationnormal.png,0
970_s3_normal_retardationnormal.png,0
923_s3_normal_retardationnormal.png,0
937_s3_normal_retardationnormal.png,0
810_s3_normal_retardationnormal.png,0
816_s3_normal_retardationnormal.png,0
380_s3_normal_retardationnormal.png,0
917_s3_normal_retardationnormal.png,0
737_s3_normal_retardationnormal.png,0
74_s3_normal_retardationnormal.png,0
673_s3_normal_retardationnormal.png,0
459_s3_normal_retardationnormal.png,0
1183_s3_normal_retardationnormal.png,0
1041_s3_normal_retardationnormal.png,0
873_s3_normal_retardationnormal.png,0
460_s3_normal_retardationnormal.png,0
1062_s3_normal_retardationnormal.png,0
1024_s3_normal_retardationnormal.png,0
987_s3_normal_retardationnormal.png,0
674_s3_normal_retardationnormal.png,0
128_s3_normal_retardationnormal.png,0
164_s3_normal_retardationnormal.png,0
375_s3_normal_retardationnormal.png,0
1184_s3_normal_retardationnormal.png,0
557_s3_normal_retardationnormal.png,0
435_s3_normal_retardationnormal.png,0
422_s3_normal_retardationnormal.png,0
610_s3_normal_retardationnormal.png,0
369_s3_normal_retardationnormal.png,0
317_s3_normal_retardationnormal.png,0
756_s3_normal_retardationnormal.png,0
644_s3_normal_retardationnormal.png,0
829_s3_normal_retardationnormal.png,0
555_s3_normal_retardationnormal.png,0
594_s3_normal_retardationnormal.png,0
1042_s3_normal_retardationnormal.png,0
1051_s3_normal_retardationnormal.png,0
1061_s3_normal_retardationnormal.png,0
05_s3_normal_retardationnormal.png,0
148_s3_normal_retardationnormal.png,0
600_s3_normal_retardationnormal.png,0
319_s3_normal_retardationnormal.png,0
529_s3_normal_retardationnormal.png,0
1199_s3_normal_retardationnormal.png,0
1122_s3_normal_retardationnormal.png,0
998_s3_normal_retardationnormal.png,0
856_s3_normal_retardationnormal.png,0
677_s3_normal_retardationnormal.png,0
641_s3_normal_retardationnormal.png,0
736_s3_normal_retardationnormal.png,0
727_s3_normal_retardationnormal.png,0
1039_s3_normal_retardationnormal.png,0
933_s3_normal_retardationnormal.png,0
431_s3_normal_retardationnormal.png,0
106_s3_normal_retardationnormal.png,0
1035_s3_normal_retardationnormal.png,0
1107_s3_normal_retardationnormal.png,0
1103_s3_normal_retardationnormal.png,0
612_s3_normal_retardationnormal.png,0
590_s3_normal_retardationnormal.png,0
288_s3_normal_retardationnormal.png,0
41_s3_normal_retardationnormal.png,0
198_s3_normal_retardationnormal.png,0
532_s3_normal_retardationnormal.png,0
661_s3_normal_retardationnormal.png,0
711_s3_normal_retardationnormal.png,0
241_s3_normal_retardationnormal.png,0
984_s3_normal_retardationnormal.png,0
1124_s3_normal_retardationnormal.png,0
414_s3_normal_retardationnormal.png,0
769_s3_normal_retardationnormal.png,0
283_s3_normal_retardationnormal.png,0
331_s3_normal_retardationnormal.png,0
188_s3_normal_retardationnormal.png,0
638_s3_normal_retardationnormal.png,0
309_s3_normal_retardationnormal.png,0
649_s3_normal_retardationnormal.png,0
871_s3_normal_retardationnormal.png,0
350_s3_normal_retardationnormal.png,0
866_s3_normal_retardationnormal.png,0
126_s3_normal_retardationnormal.png,0
560_s3_normal_retardationnormal.png,0
286_s3_normal_retardationnormal.png,0
270_s3_normal_retardationnormal.png,0
1195_s3_normal_retardationnormal.png,0
155_s3_normal_retardationnormal.png,0
1175_s3_normal_retardationnormal.png,0
992_s3_normal_retardationnormal.png,0
227_s3_normal_retardationnormal.png,0
1056_s3_normal_retardationnormal.png,0
564_s3_normal_retardationnormal.png,0
221_s3_normal_retardationnormal.png,0
834_s3_normal_retardationnormal.png,0
190_s3_normal_retardationnormal.png,0
269_s3_normal_retardationnormal.png,0
571_s3_normal_retardationnormal.png,0
1074_s3_normal_retardationnormal.png,0
931_s3_normal_retardationnormal.png,0
1072_s3_normal_retardationnormal.png,0
451_s3_normal_retardationnormal.png,0
69_s3_normal_retardationnormal.png,0
887_s3_normal_retardationnormal.png,0
404_s3_normal_retardationnormal.png,0
1114_s3_normal_retardationnormal.png,0
445_s3_normal_retardationnormal.png,0
858_s3_normal_retardationnormal.png,0
982_s3_normal_retardationnormal.png,0
1194_s3_normal_retardationnormal.png,0
465_s3_normal_retardationnormal.png,0
527_s3_normal_retardationnormal.png,0
1097_s3_normal_retardationnormal.png,0
453_s3_normal_retardationnormal.png,0
475_s3_normal_retardationnormal.png,0
246_s3_normal_retardationnormal.png,0
1121_s3_normal_retardationnormal.png,0
853_s3_normal_retardationnormal.png,0
343_s3_normal_retardationnormal.png,0
926_s3_normal_retardationnormal.png,0
173_s3_normal_retardationnormal.png,0
224_s3_normal_retardationnormal.png,0
713_s3_normal_retardationnormal.png,0
667_s3_normal_retardationnormal.png,0
187_s3_normal_retardationnormal.png,0
360_s3_normal_retardationnormal.png,0
1130_s3_normal_retardationnormal.png,0
250_s3_normal_retardationnormal.png,0
36_s3_normal_retardationnormal.png,0
402_s3_normal_retardationnormal.png,0
896_s3_normal_retardationnormal.png,0
553_s3_normal_retardationnormal.png,0
503_s3_normal_retardationnormal.png,0
184_s3_normal_retardationnormal.png,0
1137_s3_normal_retardationnormal.png,0
302_s3_normal_retardationnormal.png,0
646_s3_normal_retardationnormal.png,0
800_s3_normal_retardationnormal.png,0
1173_s3_normal_retardationnormal.png,0
471_s3_normal_retardationnormal.png,0
1012_s3_normal_retardationnormal.png,0
1077_s3_normal_retardationnormal.png,0
1113_s3_normal_retardationnormal.png,0
387_s3_normal_retardationnormal.png,0
478_s3_normal_retardationnormal.png,0
637_s3_normal_retardationnormal.png,0
25_s3_normal_retardationnormal.png,0
211_s3_normal_retardationnormal.png,0
715_s3_normal_retardationnormal.png,0
899_s3_normal_retardationnormal.png,0
321_s3_normal_retardationnormal.png,0
196_s3_normal_retardationnormal.png,0
546_s3_normal_retardationnormal.png,0
304_s3_normal_retardationnormal.png,0
981_s3_normal_retardationnormal.png,0
159_s3_normal_retardationnormal.png,0
616_s3_normal_retardationnormal.png,0
1066_s3_normal_retardationnormal.png,0
1151_s3_normal_retardationnormal.png,0
214_s3_normal_retardationnormal.png,0
1152_s3_normal_retardationnormal.png,0
372_s3_normal_retardationnormal.png,0
124_s3_normal_retardationnormal.png,0
134_s3_normal_retardationnormal.png,0
497_s3_normal_retardationnormal.png,0
140_s3_normal_retardationnormal.png,0
1031_s3_normal_retardationnormal.png,0
541_s3_normal_retardationnormal.png,0
208_s3_normal_retardationnormal.png,0
540_s3_normal_retardationnormal.png,0
1071_s3_normal_retardationnormal.png,0
1161_s3_normal_retardationnormal.png,0
517_s3_normal_retardationnormal.png,0
531_s3_normal_retardationnormal.png,0
999_s3_normal_retardationnormal.png,0
964_s3_normal_retardationnormal.png,0
39_s3_normal_retardationnormal.png,0
572_s3_normal_retardationnormal.png,0
111_s3_normal_retardationnormal.png,0
1168_s3_normal_retardationnormal.png,0
1050_s3_normal_retardationnormal.png,0
437_s3_normal_retardationnormal.png,0
390_s3_normal_retardationnormal.png,0
186_s3_normal_retardationnormal.png,0
315_s3_normal_retardationnormal.png,0
322_s3_normal_retardationnormal.png,0
444_s3_normal_retardationnormal.png,0
65_s3_normal_retardationnormal.png,0
28_s3_normal_retardationnormal.png,0
1027_s3_normal_retardationnormal.png,0
632_s3_normal_retardationnormal.png,0
166_s3_normal_retardationnormal.png,0
1112_s3_normal_retardationnormal.png,0
747_s3_normal_retardationnormal.png,0
279_s3_normal_retardationnormal.png,0
236_s3_normal_retardationnormal.png,0
1021_s3_normal_retardationnormal.png,0
842_s3_normal_retardationnormal.png,0
818_s3_normal_retardationnormal.png,0
352_s3_normal_retardationnormal.png,0
627_s3_normal_retardationnormal.png,0
421_s3_normal_retardationnormal.png,0
839_s3_normal_retardationnormal.png,0
512_s3_normal_retardationnormal.png,0
1125_s3_normal_retardationnormal.png,0
193_s3_normal_retardationnormal.png,0
837_s3_normal_retardationnormal.png,0
312_s3_normal_retardationnormal.png,0
232_s3_normal_retardationnormal.png,0
356_s3_normal_retardationnormal.png,0
1141_s3_normal_retardationnormal.png,0
954_s3_normal_retardationnormal.png,0
252_s3_normal_retardationnormal.png,0
854_s3_normal_retardationnormal.png,0
709_s3_normal_retardationnormal.png,0
377_s3_normal_retardationnormal.png,0
936_s3_normal_retardationnormal.png,0
801_s3_normal_retardationnormal.png,0
640_s3_normal_retardationnormal.png,0
373_s3_normal_retardationnormal.png,0
676_s3_normal_retardationnormal.png,0
1040_s3_normal_retardationnormal.png,0
1163_s3_normal_retardationnormal.png,0
760_s3_normal_retardationnormal.png,0
812_s3_normal_retardationnormal.png,0
974_s3_normal_retardationnormal.png,0
308_s3_normal_retardationnormal.png,0
355_s3_normal_retardationnormal.png,0
1091_s3_normal_retardationnormal.png,0
55_s3_normal_retardationnormal.png,0
953_s3_normal_retardationnormal.png,0
287_s3_normal_retardationnormal.png,0
1014_s3_normal_retardationnormal.png,0
218_s3_normal_retardationnormal.png,0
300_s3_normal_retardationnormal.png,0
32_s3_normal_retardationnormal.png,0
625_s3_normal_retardationnormal.png,0
576_s3_normal_retardationnormal.png,0
296_s3_normal_retardationnormal.png,0
515_s3_normal_retardationnormal.png,0
337_s3_normal_retardationnormal.png,0
832_s3_normal_retardationnormal.png,0
248_s3_normal_retardationnormal.png,0
153_s3_normal_retardationnormal.png,0
521_s3_normal_retardationnormal.png,0
370_s3_normal_retardationnormal.png,0
962_s3_normal_retardationnormal.png,0
657_s3_normal_retardationnormal.png,0
670_s3_normal_retardationnormal.png,0
45_s3_normal_retardationnormal.png,0
733_s3_normal_retardationnormal.png,0
1004_s3_normal_retardationnormal.png,0
664_s3_normal_retardationnormal.png,0
783_s3_normal_retardationnormal.png,0
686_s3_normal_retardationnormal.png,0
175_s3_normal_retardationnormal.png,0
78_s3_normal_retardationnormal.png,0
788_s3_normal_retardationnormal.png,0
416_s3_normal_retardationnormal.png,0
1032_s3_normal_retardationnormal.png,0
928_s3_normal_retardationnormal.png,0
660_s3_normal_retardationnormal.png,0
749_s3_normal_retardationnormal.png,0
768_s3_normal_retardationnormal.png,0
796_s3_normal_retardationnormal.png,0
332_s3_normal_retardationnormal.png,0
691_s3_normal_retardationnormal.png,0
171_s3_normal_retardationnormal.png,0
551_s3_normal_retardationnormal.png,0
1092_s3_normal_retardationnormal.png,0
219_s3_normal_retardationnormal.png,0
61_s3_normal_retardationnormal.png,0
1095_s3_normal_retardationnormal.png,0
439_s3_normal_retardationnormal.png,0
878_s3_normal_retardationnormal.png,0
10_s3_normal_retardationnormal.png,0
929_s3_normal_retardationnormal.png,0
797_s3_normal_retardationnormal.png,0
1116_s3_normal_retardationnormal.png,0
258_s3_normal_retardationnormal.png,0
29_s3_normal_retardationnormal.png,0
104_s3_normal_retardationnormal.png,0
656_s3_normal_retardationnormal.png,0
147_s3_normal_retardationnormal.png,0
199_s3_normal_retardationnormal.png,0
158_s3_normal_retardationnormal.png,0
449_s3_normal_retardationnormal.png,0
77_s3_normal_retardationnormal.png,0
229_s3_normal_retardationnormal.png,0
1149_s3_normal_retardationnormal.png,0
864_s3_normal_retardationnormal.png,0
694_s3_normal_retardationnormal.png,0
986_s3_normal_retardationnormal.png,0
1185_s3_normal_retardationnormal.png,0
163_s3_normal_retardationnormal.png,0
570_s3_normal_retardationnormal.png,0
1162_s3_normal_retardationnormal.png,0
744_s3_normal_retardationnormal.png,0
09_s3_normal_retardationnormal.png,0
722_s3_normal_retardationnormal.png,0
1065_s3_normal_retardationnormal.png,0
519_s3_normal_retardationnormal.png,0
90_s3_normal_retardationnormal.png,0
914_s3_normal_retardationnormal.png,0
516_s3_normal_retardationnormal.png,0
60_s3_normal_retardationnormal.png,0
840_s3_normal_retardationnormal.png,0
257_s3_normal_retardationnormal.png,0
226_s3_normal_retardationnormal.png,0
1127_s3_normal_retardationnormal.png,0
1109_s3_normal_retardationnormal.png,0
720_s3_normal_retardationnormal.png,0
79_s3_normal_retardationnormal.png,0
620_s3_normal_retardationnormal.png,0
1101_s3_normal_retardationnormal.png,0
480_s3_normal_retardationnormal.png,0
945_s3_normal_retardationnormal.png,0
228_s3_normal_retardationnormal.png,0
890_s3_normal_retardationnormal.png,0
467_s3_normal_retardationnormal.png,0
1167_s3_normal_retardationnormal.png,0
161_s3_normal_retardationnormal.png,0
773_s3_normal_retardationnormal.png,0
450_s3_normal_retardationnormal.png,0
98_s3_normal_retardationnormal.png,0
807_s3_normal_retardationnormal.png,0
629_s3_normal_retardationnormal.png,0
371_s3_normal_retardationnormal.png,0
786_s3_normal_retardationnormal.png,0
316_s3_normal_retardationnormal.png,0
654_s3_normal_retardationnormal.png,0
400_s3_normal_retardationnormal.png,0
428_s3_normal_retardationnormal.png,0
255_s3_normal_retardationnormal.png,0
544_s3_normal_retardationnormal.png,0
1044_s3_normal_retardationnormal.png,0
156_s3_normal_retardationnormal.png,0
556_s3_normal_retardationnormal.png,0
122_s3_normal_retardationnormal.png,0
333_s3_normal_retardationnormal.png,0
225_s3_normal_retardationnormal.png,0
824_s3_normal_retardationnormal.png,0
1078_s3_normal_retardationnormal.png,0
1178_s3_normal_retardationnormal.png,0
1131_s3_normal_retardationnormal.png,0
995_s3_normal_retardationnormal.png,0
1049_s3_normal_retardationnormal.png,0
535_s3_normal_retardationnormal.png,0
351_s3_normal_retardationnormal.png,0
1133_s3_normal_retardationnormal.png,0
396_s3_normal_retardationnormal.png,0
266_s3_normal_retardationnormal.png,0
80_s3_normal_retardationnormal.png,0
268_s3_normal_retardationnormal.png,0
719_s3_normal_retardationnormal.png,0
603_s3_normal_retardationnormal.png,0
160_s3_normal_retardationnormal.png,0
817_s3_normal_retardationnormal.png,0
240_s3_normal_retardationnormal.png,0
1082_s3_normal_retardationnormal.png,0
109_s3_normal_retardationnormal.png,0
794_s3_normal_retardationnormal.png,0
239_s3_normal_retardationnormal.png,0
959_s3_normal_retardationnormal.png,0
1060_s3_normal_retardationnormal.png,0
1146_s3_normal_retardationnormal.png,0
579_s3_normal_retardationnormal.png,0
501_s3_normal_retardationnormal.png,0
508_s3_normal_retardationnormal.png,0
776_s3_normal_retardationnormal.png,0
569_s3_normal_retardationnormal.png,0
295_s3_normal_retardationnormal.png,0
1038_s3_normal_retardationnormal.png,0
479_s3_normal_retardationnormal.png,0
549_s3_normal_retardationnormal.png,0
313_s3_normal_retardationnormal.png,0
753_s3_normal_retardationnormal.png,0
872_s3_normal_retardationnormal.png,0
362_s3_normal_retardationnormal.png,0
726_s3_normal_retardationnormal.png,0
1129_s3_normal_retardationnormal.png,0
1081_s3_normal_retardationnormal.png,0
203_s3_normal_retardationnormal.png,0
855_s3_normal_retardationnormal.png,0
1022_s3_normal_retardationnormal.png,0
174_s3_normal_retardationnormal.png,0
577_s3_normal_retardationnormal.png,0
1036_s3_normal_retardationnormal.png,0
582_s3_normal_retardationnormal.png,0
774_s3_normal_retardationnormal.png,0
172_s3_normal_retardationnormal.png,0
93_s3_normal_retardationnormal.png,0
282_s3_normal_retardationnormal.png,0
27_s3_normal_retardationnormal.png,0
543_s3_normal_retardationnormal.png,0
189_s3_normal_retardationnormal.png,0
44_s3_normal_retardationnormal.png,0
244_s3_normal_retardationnormal.png,0
830_s3_normal_retardationnormal.png,0
91_s3_normal_retardationnormal.png,0
1002_s3_normal_retardationnormal.png,0
1140_s3_normal_retardationnormal.png,0
131_s3_normal_retardationnormal.png,0
809_s3_normal_retardationnormal.png,0
234_s3_normal_retardationnormal.png,0
1134_s3_normal_retardationnormal.png,0
01_s3_normal_retardationnormal.png,0
324_s3_normal_retardationnormal.png,0
306_s3_normal_retardationnormal.png,0
892_s3_normal_retardationnormal.png,0
398_s3_normal_retardationnormal.png,0
814_s3_normal_retardationnormal.png,0
589_s3_normal_retardationnormal.png,0
1013_s3_normal_retardationnormal.png,0
168_s3_normal_retardationnormal.png,0
24_s3_normal_retardationnormal.png,0
96_s3_normal_retardationnormal.png,0
385_s3_normal_retardationnormal.png,0
701_s3_normal_retardationnormal.png,0
947_s3_normal_retardationnormal.png,0
1165_s3_normal_retardationnormal.png,0
685_s3_normal_retardationnormal.png,0
1048_s3_normal_retardationnormal.png,0
983_s3_normal_retardationnormal.png,0
272_s3_normal_retardationnormal.png,0
921_s3_normal_retardationnormal.png,0
427_s3_normal_retardationnormal.png,0
750_s3_normal_retardationnormal.png,0
71_s3_normal_retardationnormal.png,0
443_s3_normal_retardationnormal.png,0
668_s3_normal_retardationnormal.png,0
205_s3_normal_retardationnormal.png,0
525_s3_normal_retardationnormal.png,0
539_s3_normal_retardationnormal.png,0
311_s3_normal_retardationnormal.png,0
185_s3_normal_retardationnormal.png,0
238_s3_normal_retardationnormal.png,0
298_s3_normal_retardationnormal.png,0
894_s3_normal_retardationnormal.png,0
16_s3_normal_retardationnormal.png,0
745_s3_normal_retardationnormal.png,0
595_s3_normal_retardationnormal.png,0
805_s3_normal_retardationnormal.png,0
1188_s3_normal_retardationnormal.png,0
1069_s3_normal_retardationnormal.png,0
615_s3_normal_retardationnormal.png,0
718_s3_normal_retardationnormal.png,0
58_s3_normal_retardationnormal.png,0
57_s3_normal_retardationnormal.png,0
1090_s3_normal_retardationnormal.png,0
545_s3_normal_retardationnormal.png,0
386_s3_normal_retardationnormal.png,0
123_s3_normal_retardationnormal.png,0
513_s3_normal_retardationnormal.png,0
920_s3_normal_retardationnormal.png,0
1085_s3_normal_retardationnormal.png,0
157_s3_normal_retardationnormal.png,0
476_s3_normal_retardationnormal.png,0
593_s3_normal_retardationnormal.png,0
1093_s3_normal_retardationnormal.png,0
469_s3_normal_retardationnormal.png,0
1080_s3_normal_retardationnormal.png,0
883_s3_normal_retardationnormal.png,0
263_s3_normal_retardationnormal.png,0
40_s3_normal_retardationnormal.png,0
1011_s3_normal_retardationnormal.png,0
881_s3_normal_retardationnormal.png,0
381_s3_normal_retardationnormal.png,0
777_s3_normal_retardationnormal.png,0
875_s3_normal_retardationnormal.png,0
1045_s3_normal_retardationnormal.png,0
89_s3_normal_retardationnormal.png,0
136_s3_normal_retardationnormal.png,0
578_s3_normal_retardationnormal.png,0
458_s3_normal_retardationnormal.png,0
340_s3_normal_retardationnormal.png,0
910_s3_normal_retardationnormal.png,0
780_s3_normal_retardationnormal.png,0
1150_s3_normal_retardationnormal.png,0
655_s3_normal_retardationnormal.png,0
425_s3_normal_retardationnormal.png,0
167_s3_normal_retardationnormal.png,0
108_s3_normal_retardationnormal.png,0
456_s3_normal_retardationnormal.png,0
1089_s3_normal_retardationnormal.png,0
56_s3_normal_retardationnormal.png,0
510_s3_normal_retardationnormal.png,0
235_s3_normal_retardationnormal.png,0
1169_s3_normal_retardationnormal.png,0
602_s3_normal_retardationnormal.png,0
1159_s3_normal_retardationnormal.png,0
410_s3_normal_retardationnormal.png,0
884_s3_normal_retardationnormal.png,0
320_s3_normal_retardationnormal.png,0
554_s3_normal_retardationnormal.png,0
1179_s3_normal_retardationnormal.png,0
1190_s3_normal_retardationnormal.png,0
738_s3_normal_retardationnormal.png,0
1106_s3_normal_retardationnormal.png,0
251_s3_normal_retardationnormal.png,0
62_s3_normal_retardationnormal.png,0
695_s3_normal_retardationnormal.png,0
133_s3_normal_retardationnormal.png,0
511_s3_normal_retardationnormal.png,0
338_s3_normal_retardationnormal.png,0
1075_s3_normal_retardationnormal.png,0
905_s3_normal_retardationnormal.png,0
137_s3_normal_retardationnormal.png,0
1009_s3_normal_retardationnormal.png,0
132_s3_normal_retardationnormal.png,0
852_s3_normal_retardationnormal.png,0
635_s3_normal_retardationnormal.png,0
35_s3_normal_retardationnormal.png,0
793_s3_normal_retardationnormal.png,0
143_s3_normal_retardationnormal.png,0
66_s3_normal_retardationnormal.png,0
440_s3_normal_retardationnormal.png,0
877_s3_normal_retardationnormal.png,0
618_s3_normal_retardationnormal.png,0
596_s3_normal_retardationnormal.png,0
301_s3_normal_retardationnormal.png,0
262_s3_normal_retardationnormal.png,0
806_s3_normal_retardationnormal.png,0
191_s3_normal_retardationnormal.png,0
06_s3_normal_retardationnormal.png,0
1144_s3_normal_retardationnormal.png,0
151_s3_normal_retardationnormal.png,0
639_s3_normal_retardationnormal.png,0
374_s3_normal_retardationnormal.png,0
848_s3_normal_retardationnormal.png,0
799_s3_normal_retardationnormal.png,0
1033_s3_normal_retardationnormal.png,0
146_s3_normal_retardationnormal.png,0
481_s3_normal_retardationnormal.png,0
781_s3_normal_retardationnormal.png,0
43_s3_normal_retardationnormal.png,0
522_s3_normal_retardationnormal.png,0
223_s3_normal_retardationnormal.png,0
918_s3_normal_retardationnormal.png,0
426_s3_normal_retardationnormal.png,0
361_s3_normal_retardationnormal.png,0
509_s3_normal_retardationnormal.png,0
11_s3_normal_retardationnormal.png,0
653_s3_normal_retardationnormal.png,0
841_s3_normal_retardationnormal.png,0
950_s3_normal_retardationnormal.png,0
586_s3_normal_retardationnormal.png,0
622_s3_normal_retardationnormal.png,0
507_s3_normal_retardationnormal.png,0
609_s3_normal_retardationnormal.png,0
559_s3_normal_retardationnormal.png,0
441_s3_normal_retardationnormal.png,0
1030_s3_normal_retardationnormal.png,0
48_s3_normal_retardationnormal.png,0
468_s3_normal_retardationnormal.png,0
494_s3_normal_retardationnormal.png,0
863_s3_normal_retardationnormal.png,0
138_s3_normal_retardationnormal.png,0
977_s3_normal_retardationnormal.png,0
382_s3_normal_retardationnormal.png,0
919_s3_normal_retardationnormal.png,0
860_s3_normal_retardationnormal.png,0
1120_s3_normal_retardationnormal.png,0
206_s3_normal_retardationnormal.png,0
743_s3_normal_retardationnormal.png,0
454_s3_normal_retardationnormal.png,0
34_s3_normal_retardationnormal.png,0
194_s3_normal_retardationnormal.png,0
652_s3_normal_retardationnormal.png,0
1083_s3_normal_retardationnormal.png,0
346_s3_normal_retardationnormal.png,0
216_s3_normal_retardationnormal.png,0
778_s3_normal_retardationnormal.png,0
271_s3_normal_retardationnormal.png,0
388_s3_normal_retardationnormal.png,0
1145_s3_normal_retardationnormal.png,0
1057_s3_normal_retardationnormal.png,0
647_s3_normal_retardationnormal.png,0
100_s3_normal_retardationnormal.png,0
23_s3_normal_retardationnormal.png,0
699_s3_normal_retardationnormal.png,0
815_s3_normal_retardationnormal.png,0
281_s3_normal_retardationnormal.png,0
803_s3_normal_retardationnormal.png,0
1006_s3_normal_retardationnormal.png,0
81_s3_normal_retardationnormal.png,0
393_s3_normal_retardationnormal.png,0
202_s3_normal_retardationnormal.png,0
955_s3_normal_retardationnormal.png,0
75_s3_normal_retardationnormal.png,0
608_s3_normal_retardationnormal.png,0
976_s3_normal_retardationnormal.png,0
305_s3_normal_retardationnormal.png,0
1191_s3_normal_retardationnormal.png,0
940_s3_normal_retardationnormal.png,0
152_s3_normal_retardationnormal.png,0
1170_s3_normal_retardationnormal.png,0
278_s3_normal_retardationnormal.png,0
988_s3_normal_retardationnormal.png,0
1148_s3_normal_retardationnormal.png,0
448_s3_normal_retardationnormal.png,0
908_s3_normal_retardationnormal.png,0
303_s3_normal_retardationnormal.png,0
658_s3_normal_retardationnormal.png,0
795_s3_normal_retardationnormal.png,0
791_s3_normal_retardationnormal.png,0
210_s3_normal_retardationnormal.png,0
763_s3_normal_retardationnormal.png,0
1123_s3_normal_retardationnormal.png,0
963_s3_normal_retardationnormal.png,0
897_s3_normal_retardationnormal.png,0
565_s3_normal_retardationnormal.png,0
13_s3_normal_retardationnormal.png,0
95_s3_normal_retardationnormal.png,0
682_s3_normal_retardationnormal.png,0
285_s3_normal_retardationnormal.png,0
391_s3_normal_retardationnormal.png,0
665_s3_normal_retardationnormal.png,0
960_s3_normal_retardationnormal.png,0
52_s3_normal_retardationnormal.png,0
514_s3_normal_retardationnormal.png,0
730_s3_normal_retardationnormal.png,0
245_s3_normal_retardationnormal.png,0
1193_s3_normal_retardationnormal.png,0
492_s3_normal_retardationnormal.png,0
901_s3_normal_retardationnormal.png,0
359_s3_normal_retardationnormal.png,0
105_s3_normal_retardationnormal.png,0
438_s3_normal_retardationnormal.png,0
697_s3_normal_retardationnormal.png,0
70_s3_normal_retardationnormal.png,0
493_s3_normal_retardationnormal.png,0
1005_s3_normal_retardationnormal.png,0
869_s3_normal_retardationnormal.png,0
882_s3_normal_retardationnormal.png,0
1028_s3_normal_retardationnormal.png,0
645_s3_normal_retardationnormal.png,0
944_s3_normal_retardationnormal.png,0
687_s3_normal_retardationnormal.png,0
04_s3_normal_retardationnormal.png,0
1157_s3_normal_retardationnormal.png,0
915_s3_normal_retardationnormal.png,0
22_s3_normal_retardationnormal.png,0
827_s3_normal_retardationnormal.png,0
729_s3_normal_retardationnormal.png,0
574_s3_normal_retardationnormal.png,0
605_s3_normal_retardationnormal.png,0
344_s3_normal_retardationnormal.png,0
885_s3_tumor_retardationtumor.png,1
1166_s3_tumor_retardationtumor.png,1
870_s3_tumor_retardationtumor.png,1
749_s3_tumor_retardationtumor.png,1
308_s3_tumor_retardationtumor.png,1
557_s3_tumor_retardationtumor.png,1
1053_s3_tumor_retardationtumor.png,1
205_s3_tumor_retardationtumor.png,1
834_s3_tumor_retardationtumor.png,1
1025_s3_tumor_retardationtumor.png,1
839_s3_tumor_retardationtumor.png,1
405_s3_tumor_retardationtumor.png,1
299_s3_tumor_retardationtumor.png,1
1003_s3_tumor_retardationtumor.png,1
244_s3_tumor_retardationtumor.png,1
751_s3_tumor_retardationtumor.png,1
622_s3_tumor_retardationtumor.png,1
413_s3_tumor_retardationtumor.png,1
514_s3_tumor_retardationtumor.png,1
654_s3_tumor_retardationtumor.png,1
28_s3_tumor_retardationtumor.png,1
26_s3_tumor_retardationtumor.png,1
511_s3_tumor_retardationtumor.png,1
609_s3_tumor_retardationtumor.png,1
193_s3_tumor_retardationtumor.png,1
117_s3_tumor_retardationtumor.png,1
907_s3_tumor_retardationtumor.png,1
1185_s3_tumor_retardationtumor.png,1
404_s3_tumor_retardationtumor.png,1
1088_s3_tumor_retardationtumor.png,1
728_s3_tumor_retardationtumor.png,1
44_s3_tumor_retardationtumor.png,1
232_s3_tumor_retardationtumor.png,1
448_s3_tumor_retardationtumor.png,1
180_s3_tumor_retardationtumor.png,1
96_s3_tumor_retardationtumor.png,1
1165_s3_tumor_retardationtumor.png,1
1004_s3_tumor_retardationtumor.png,1
1137_s3_tumor_retardationtumor.png,1
958_s3_tumor_retardationtumor.png,1
930_s3_tumor_retardationtumor.png,1
91_s3_tumor_retardationtumor.png,1
246_s3_tumor_retardationtumor.png,1
302_s3_tumor_retardationtumor.png,1
833_s3_tumor_retardationtumor.png,1
917_s3_tumor_retardationtumor.png,1
944_s3_tumor_retardationtumor.png,1
642_s3_tumor_retardationtumor.png,1
222_s3_tumor_retardationtumor.png,1
1043_s3_tumor_retardationtumor.png,1
987_s3_tumor_retardationtumor.png,1
822_s3_tumor_retardationtumor.png,1
1091_s3_tumor_retardationtumor.png,1
713_s3_tumor_retardationtumor.png,1
41_s3_tumor_retardationtumor.png,1
252_s3_tumor_retardationtumor.png,1
634_s3_tumor_retardationtumor.png,1
260_s3_tumor_retardationtumor.png,1
672_s3_tumor_retardationtumor.png,1
1060_s3_tumor_retardationtumor.png,1
237_s3_tumor_retardationtumor.png,1
1056_s3_tumor_retardationtumor.png,1
692_s3_tumor_retardationtumor.png,1
256_s3_tumor_retardationtumor.png,1
459_s3_tumor_retardationtumor.png,1
957_s3_tumor_retardationtumor.png,1
294_s3_tumor_retardationtumor.png,1
03_s3_tumor_retardationtumor.png,1
879_s3_tumor_retardationtumor.png,1
420_s3_tumor_retardationtumor.png,1
233_s3_tumor_retardationtumor.png,1
1124_s3_tumor_retardationtumor.png,1
721_s3_tumor_retardationtumor.png,1
1077_s3_tumor_retardationtumor.png,1
1161_s3_tumor_retardationtumor.png,1
790_s3_tumor_retardationtumor.png,1
270_s3_tumor_retardationtumor.png,1
223_s3_tumor_retardationtumor.png,1
191_s3_tumor_retardationtumor.png,1
268_s3_tumor_retardationtumor.png,1
603_s3_tumor_retardationtumor.png,1
36_s3_tumor_retardationtumor.png,1
631_s3_tumor_retardationtumor.png,1
109_s3_tumor_retardationtumor.png,1
461_s3_tumor_retardationtumor.png,1
1189_s3_tumor_retardationtumor.png,1
782_s3_tumor_retardationtumor.png,1
992_s3_tumor_retardationtumor.png,1
362_s3_tumor_retardationtumor.png,1
913_s3_tumor_retardationtumor.png,1
808_s3_tumor_retardationtumor.png,1
1167_s3_tumor_retardationtumor.png,1
856_s3_tumor_retardationtumor.png,1
941_s3_tumor_retardationtumor.png,1
358_s3_tumor_retardationtumor.png,1
364_s3_tumor_retardationtumor.png,1
1125_s3_tumor_retardationtumor.png,1
331_s3_tumor_retardationtumor.png,1
925_s3_tumor_retardationtumor.png,1
1128_s3_tumor_retardationtumor.png,1
824_s3_tumor_retardationtumor.png,1
970_s3_tumor_retardationtumor.png,1
1013_s3_tumor_retardationtumor.png,1
1170_s3_tumor_retardationtumor.png,1
819_s3_tumor_retardationtumor.png,1
407_s3_tumor_retardationtumor.png,1
1133_s3_tumor_retardationtumor.png,1
158_s3_tumor_retardationtumor.png,1
437_s3_tumor_retardationtumor.png,1
716_s3_tumor_retardationtumor.png,1
566_s3_tumor_retardationtumor.png,1
964_s3_tumor_retardationtumor.png,1
869_s3_tumor_retardationtumor.png,1
431_s3_tumor_retardationtumor.png,1
670_s3_tumor_retardationtumor.png,1
442_s3_tumor_retardationtumor.png,1
806_s3_tumor_retardationtumor.png,1
582_s3_tumor_retardationtumor.png,1
77_s3_tumor_retardationtumor.png,1
815_s3_tumor_retardationtumor.png,1
866_s3_tumor_retardationtumor.png,1
249_s3_tumor_retardationtumor.png,1
614_s3_tumor_retardationtumor.png,1
356_s3_tumor_retardationtumor.png,1
326_s3_tumor_retardationtumor.png,1
430_s3_tumor_retardationtumor.png,1
352_s3_tumor_retardationtumor.png,1
390_s3_tumor_retardationtumor.png,1
46_s3_tumor_retardationtumor.png,1
418_s3_tumor_retardationtumor.png,1
1106_s3_tumor_retardationtumor.png,1
438_s3_tumor_retardationtumor.png,1
370_s3_tumor_retardationtumor.png,1
586_s3_tumor_retardationtumor.png,1
637_s3_tumor_retardationtumor.png,1
902_s3_tumor_retardationtumor.png,1
31_s3_tumor_retardationtumor.png,1
92_s3_tumor_retardationtumor.png,1
489_s3_tumor_retardationtumor.png,1
316_s3_tumor_retardationtumor.png,1
178_s3_tumor_retardationtumor.png,1
761_s3_tumor_retardationtumor.png,1
346_s3_tumor_retardationtumor.png,1
339_s3_tumor_retardationtumor.png,1
439_s3_tumor_retardationtumor.png,1
742_s3_tumor_retardationtumor.png,1
188_s3_tumor_retardationtumor.png,1
53_s3_tumor_retardationtumor.png,1
632_s3_tumor_retardationtumor.png,1
580_s3_tumor_retardationtumor.png,1
1069_s3_tumor_retardationtumor.png,1
1063_s3_tumor_retardationtumor.png,1
683_s3_tumor_retardationtumor.png,1
1149_s3_tumor_retardationtumor.png,1
552_s3_tumor_retardationtumor.png,1
691_s3_tumor_retardationtumor.png,1
08_s3_tumor_retardationtumor.png,1
715_s3_tumor_retardationtumor.png,1
890_s3_tumor_retardationtumor.png,1
788_s3_tumor_retardationtumor.png,1
787_s3_tumor_retardationtumor.png,1
770_s3_tumor_retardationtumor.png,1
463_s3_tumor_retardationtumor.png,1
351_s3_tumor_retardationtumor.png,1
138_s3_tumor_retardationtumor.png,1
598_s3_tumor_retardationtumor.png,1
466_s3_tumor_retardationtumor.png,1
386_s3_tumor_retardationtumor.png,1
1019_s3_tumor_retardationtumor.png,1
419_s3_tumor_retardationtumor.png,1
619_s3_tumor_retardationtumor.png,1
1163_s3_tumor_retardationtumor.png,1
900_s3_tumor_retardationtumor.png,1
924_s3_tumor_retardationtumor.png,1
1196_s3_tumor_retardationtumor.png,1
1159_s3_tumor_retardationtumor.png,1
838_s3_tumor_retardationtumor.png,1
657_s3_tumor_retardationtumor.png,1
734_s3_tumor_retardationtumor.png,1
291_s3_tumor_retardationtumor.png,1
1171_s3_tumor_retardationtumor.png,1
799_s3_tumor_retardationtumor.png,1
802_s3_tumor_retardationtumor.png,1
1116_s3_tumor_retardationtumor.png,1
539_s3_tumor_retardationtumor.png,1
863_s3_tumor_retardationtumor.png,1
176_s3_tumor_retardationtumor.png,1
65_s3_tumor_retardationtumor.png,1
554_s3_tumor_retardationtumor.png,1
470_s3_tumor_retardationtumor.png,1
894_s3_tumor_retardationtumor.png,1
680_s3_tumor_retardationtumor.png,1
862_s3_tumor_retardationtumor.png,1
401_s3_tumor_retardationtumor.png,1
469_s3_tumor_retardationtumor.png,1
527_s3_tumor_retardationtumor.png,1
628_s3_tumor_retardationtumor.png,1
735_s3_tumor_retardationtumor.png,1
563_s3_tumor_retardationtumor.png,1
544_s3_tumor_retardationtumor.png,1
340_s3_tumor_retardationtumor.png,1
710_s3_tumor_retardationtumor.png,1
24_s3_tumor_retardationtumor.png,1
313_s3_tumor_retardationtumor.png,1
338_s3_tumor_retardationtumor.png,1
581_s3_tumor_retardationtumor.png,1
332_s3_tumor_retardationtumor.png,1
548_s3_tumor_retardationtumor.png,1
141_s3_tumor_retardationtumor.png,1
1148_s3_tumor_retardationtumor.png,1
778_s3_tumor_retardationtumor.png,1
242_s3_tumor_retardationtumor.png,1
776_s3_tumor_retardationtumor.png,1
266_s3_tumor_retardationtumor.png,1
1034_s3_tumor_retardationtumor.png,1
1008_s3_tumor_retardationtumor.png,1
647_s3_tumor_retardationtumor.png,1
312_s3_tumor_retardationtumor.png,1
616_s3_tumor_retardationtumor.png,1
1051_s3_tumor_retardationtumor.png,1
707_s3_tumor_retardationtumor.png,1
714_s3_tumor_retardationtumor.png,1
1006_s3_tumor_retardationtumor.png,1
850_s3_tumor_retardationtumor.png,1
759_s3_tumor_retardationtumor.png,1
410_s3_tumor_retardationtumor.png,1
395_s3_tumor_retardationtumor.png,1
741_s3_tumor_retardationtumor.png,1
203_s3_tumor_retardationtumor.png,1
250_s3_tumor_retardationtumor.png,1
1194_s3_tumor_retardationtumor.png,1
545_s3_tumor_retardationtumor.png,1
487_s3_tumor_retardationtumor.png,1
827_s3_tumor_retardationtumor.png,1
541_s3_tumor_retardationtumor.png,1
457_s3_tumor_retardationtumor.png,1
506_s3_tumor_retardationtumor.png,1
983_s3_tumor_retardationtumor.png,1
530_s3_tumor_retardationtumor.png,1
227_s3_tumor_retardationtumor.png,1
480_s3_tumor_retardationtumor.png,1
977_s3_tumor_retardationtumor.png,1
472_s3_tumor_retardationtumor.png,1
210_s3_tumor_retardationtumor.png,1
994_s3_tumor_retardationtumor.png,1
665_s3_tumor_retardationtumor.png,1
85_s3_tumor_retardationtumor.png,1
981_s3_tumor_retardationtumor.png,1
910_s3_tumor_retardationtumor.png,1
671_s3_tumor_retardationtumor.png,1
509_s3_tumor_retardationtumor.png,1
357_s3_tumor_retardationtumor.png,1
688_s3_tumor_retardationtumor.png,1
589_s3_tumor_retardationtumor.png,1
72_s3_tumor_retardationtumor.png,1
215_s3_tumor_retardationtumor.png,1
543_s3_tumor_retardationtumor.png,1
189_s3_tumor_retardationtumor.png,1
931_s3_tumor_retardationtumor.png,1
1157_s3_tumor_retardationtumor.png,1
475_s3_tumor_retardationtumor.png,1
1132_s3_tumor_retardationtumor.png,1
720_s3_tumor_retardationtumor.png,1
05_s3_tumor_retardationtumor.png,1
1061_s3_tumor_retardationtumor.png,1
234_s3_tumor_retardationtumor.png,1
1121_s3_tumor_retardationtumor.png,1
612_s3_tumor_retardationtumor.png,1
1109_s3_tumor_retardationtumor.png,1
451_s3_tumor_retardationtumor.png,1
1100_s3_tumor_retardationtumor.png,1
765_s3_tumor_retardationtumor.png,1
87_s3_tumor_retardationtumor.png,1
955_s3_tumor_retardationtumor.png,1
190_s3_tumor_retardationtumor.png,1
684_s3_tumor_retardationtumor.png,1
504_s3_tumor_retardationtumor.png,1
42_s3_tumor_retardationtumor.png,1
984_s3_tumor_retardationtumor.png,1
1176_s3_tumor_retardationtumor.png,1
423_s3_tumor_retardationtumor.png,1
1178_s3_tumor_retardationtumor.png,1
10_s3_tumor_retardationtumor.png,1
300_s3_tumor_retardationtumor.png,1
625_s3_tumor_retardationtumor.png,1
94_s3_tumor_retardationtumor.png,1
368_s3_tumor_retardationtumor.png,1
305_s3_tumor_retardationtumor.png,1
58_s3_tumor_retardationtumor.png,1
133_s3_tumor_retardationtumor.png,1
718_s3_tumor_retardationtumor.png,1
1098_s3_tumor_retardationtumor.png,1
697_s3_tumor_retardationtumor.png,1
497_s3_tumor_retardationtumor.png,1
04_s3_tumor_retardationtumor.png,1
635_s3_tumor_retardationtumor.png,1
650_s3_tumor_retardationtumor.png,1
455_s3_tumor_retardationtumor.png,1
886_s3_tumor_retardationtumor.png,1
68_s3_tumor_retardationtumor.png,1
1005_s3_tumor_retardationtumor.png,1
330_s3_tumor_retardationtumor.png,1
825_s3_tumor_retardationtumor.png,1
425_s3_tumor_retardationtumor.png,1
172_s3_tumor_retardationtumor.png,1
341_s3_tumor_retardationtumor.png,1
495_s3_tumor_retardationtumor.png,1
274_s3_tumor_retardationtumor.png,1
918_s3_tumor_retardationtumor.png,1
1155_s3_tumor_retardationtumor.png,1
30_s3_tumor_retardationtumor.png,1
513_s3_tumor_retardationtumor.png,1
666_s3_tumor_retardationtumor.png,1
887_s3_tumor_retardationtumor.png,1
231_s3_tumor_retardationtumor.png,1
537_s3_tumor_retardationtumor.png,1
505_s3_tumor_retardationtumor.png,1
590_s3_tumor_retardationtumor.png,1
763_s3_tumor_retardationtumor.png,1
960_s3_tumor_retardationtumor.png,1
875_s3_tumor_retardationtumor.png,1
858_s3_tumor_retardationtumor.png,1
59_s3_tumor_retardationtumor.png,1
289_s3_tumor_retardationtumor.png,1
877_s3_tumor_retardationtumor.png,1
492_s3_tumor_retardationtumor.png,1
567_s3_tumor_retardationtumor.png,1
959_s3_tumor_retardationtumor.png,1
45_s3_tumor_retardationtumor.png,1
73_s3_tumor_retardationtumor.png,1
565_s3_tumor_retardationtumor.png,1
21_s3_tumor_retardationtumor.png,1
307_s3_tumor_retardationtumor.png,1
255_s3_tumor_retardationtumor.png,1
1086_s3_tumor_retardationtumor.png,1
706_s3_tumor_retardationtumor.png,1
32_s3_tumor_retardationtumor.png,1
440_s3_tumor_retardationtumor.png,1
693_s3_tumor_retardationtumor.png,1
1177_s3_tumor_retardationtumor.png,1
965_s3_tumor_retardationtumor.png,1
396_s3_tumor_retardationtumor.png,1
1059_s3_tumor_retardationtumor.png,1
130_s3_tumor_retardationtumor.png,1
636_s3_tumor_retardationtumor.png,1
12_s3_tumor_retardationtumor.png,1
204_s3_tumor_retardationtumor.png,1
700_s3_tumor_retardationtumor.png,1
179_s3_tumor_retardationtumor.png,1
820_s3_tumor_retardationtumor.png,1
198_s3_tumor_retardationtumor.png,1
1193_s3_tumor_retardationtumor.png,1
174_s3_tumor_retardationtumor.png,1
277_s3_tumor_retardationtumor.png,1
192_s3_tumor_retardationtumor.png,1
667_s3_tumor_retardationtumor.png,1
355_s3_tumor_retardationtumor.png,1
936_s3_tumor_retardationtumor.png,1
127_s3_tumor_retardationtumor.png,1
394_s3_tumor_retardationtumor.png,1
746_s3_tumor_retardationtumor.png,1
1050_s3_tumor_retardationtumor.png,1
156_s3_tumor_retardationtumor.png,1
383_s3_tumor_retardationtumor.png,1
689_s3_tumor_retardationtumor.png,1
618_s3_tumor_retardationtumor.png,1
1030_s3_tumor_retardationtumor.png,1
786_s3_tumor_retardationtumor.png,1
645_s3_tumor_retardationtumor.png,1
1083_s3_tumor_retardationtumor.png,1
485_s3_tumor_retardationtumor.png,1
969_s3_tumor_retardationtumor.png,1
415_s3_tumor_retardationtumor.png,1
07_s3_tumor_retardationtumor.png,1
1078_s3_tumor_retardationtumor.png,1
1174_s3_tumor_retardationtumor.png,1
34_s3_tumor_retardationtumor.png,1
974_s3_tumor_retardationtumor.png,1
453_s3_tumor_retardationtumor.png,1
259_s3_tumor_retardationtumor.png,1
296_s3_tumor_retardationtumor.png,1
165_s3_tumor_retardationtumor.png,1
730_s3_tumor_retardationtumor.png,1
61_s3_tumor_retardationtumor.png,1
821_s3_tumor_retardationtumor.png,1
1052_s3_tumor_retardationtumor.png,1
56_s3_tumor_retardationtumor.png,1
733_s3_tumor_retardationtumor.png,1
488_s3_tumor_retardationtumor.png,1
922_s3_tumor_retardationtumor.png,1
47_s3_tumor_retardationtumor.png,1
643_s3_tumor_retardationtumor.png,1
334_s3_tumor_retardationtumor.png,1
209_s3_tumor_retardationtumor.png,1
898_s3_tumor_retardationtumor.png,1
11_s3_tumor_retardationtumor.png,1
1169_s3_tumor_retardationtumor.png,1
484_s3_tumor_retardationtumor.png,1
282_s3_tumor_retardationtumor.png,1
303_s3_tumor_retardationtumor.png,1
783_s3_tumor_retardationtumor.png,1
644_s3_tumor_retardationtumor.png,1
52_s3_tumor_retardationtumor.png,1
903_s3_tumor_retardationtumor.png,1
88_s3_tumor_retardationtumor.png,1
1180_s3_tumor_retardationtumor.png,1
236_s3_tumor_retardationtumor.png,1
559_s3_tumor_retardationtumor.png,1
1079_s3_tumor_retardationtumor.png,1
991_s3_tumor_retardationtumor.png,1
380_s3_tumor_retardationtumor.png,1
852_s3_tumor_retardationtumor.png,1
1187_s3_tumor_retardationtumor.png,1
843_s3_tumor_retardationtumor.png,1
354_s3_tumor_retardationtumor.png,1
840_s3_tumor_retardationtumor.png,1
762_s3_tumor_retardationtumor.png,1
278_s3_tumor_retardationtumor.png,1
1023_s3_tumor_retardationtumor.png,1
1115_s3_tumor_retardationtumor.png,1
1037_s3_tumor_retardationtumor.png,1
756_s3_tumor_retardationtumor.png,1
739_s3_tumor_retardationtumor.png,1
696_s3_tumor_retardationtumor.png,1
531_s3_tumor_retardationtumor.png,1
258_s3_tumor_retardationtumor.png,1
1046_s3_tumor_retardationtumor.png,1
230_s3_tumor_retardationtumor.png,1
1031_s3_tumor_retardationtumor.png,1
669_s3_tumor_retardationtumor.png,1
1164_s3_tumor_retardationtumor.png,1
624_s3_tumor_retardationtumor.png,1
576_s3_tumor_retardationtumor.png,1
81_s3_tumor_retardationtumor.png,1
771_s3_tumor_retardationtumor.png,1
132_s3_tumor_retardationtumor.png,1
1016_s3_tumor_retardationtumor.png,1
449_s3_tumor_retardationtumor.png,1
966_s3_tumor_retardationtumor.png,1
321_s3_tumor_retardationtumor.png,1
722_s3_tumor_retardationtumor.png,1
147_s3_tumor_retardationtumor.png,1
50_s3_tumor_retardationtumor.png,1
128_s3_tumor_retardationtumor.png,1
809_s3_tumor_retardationtumor.png,1
660_s3_tumor_retardationtumor.png,1
167_s3_tumor_retardationtumor.png,1
868_s3_tumor_retardationtumor.png,1
465_s3_tumor_retardationtumor.png,1
78_s3_tumor_retardationtumor.png,1
1002_s3_tumor_retardationtumor.png,1
1114_s3_tumor_retardationtumor.png,1
532_s3_tumor_retardationtumor.png,1
872_s3_tumor_retardationtumor.png,1
719_s3_tumor_retardationtumor.png,1
920_s3_tumor_retardationtumor.png,1
807_s3_tumor_retardationtumor.png,1
798_s3_tumor_retardationtumor.png,1
201_s3_tumor_retardationtumor.png,1
473_s3_tumor_retardationtumor.png,1
122_s3_tumor_retardationtumor.png,1
1093_s3_tumor_retardationtumor.png,1
908_s3_tumor_retardationtumor.png,1
471_s3_tumor_retardationtumor.png,1
477_s3_tumor_retardationtumor.png,1
604_s3_tumor_retardationtumor.png,1
121_s3_tumor_retardationtumor.png,1
322_s3_tumor_retardationtumor.png,1
235_s3_tumor_retardationtumor.png,1
534_s3_tumor_retardationtumor.png,1
587_s3_tumor_retardationtumor.png,1
1039_s3_tumor_retardationtumor.png,1
177_s3_tumor_retardationtumor.png,1
526_s3_tumor_retardationtumor.png,1
162_s3_tumor_retardationtumor.png,1
1108_s3_tumor_retardationtumor.png,1
928_s3_tumor_retardationtumor.png,1
124_s3_tumor_retardationtumor.png,1
290_s3_tumor_retardationtumor.png,1
67_s3_tumor_retardationtumor.png,1
797_s3_tumor_retardationtumor.png,1
570_s3_tumor_retardationtumor.png,1
1071_s3_tumor_retardationtumor.png,1
344_s3_tumor_retardationtumor.png,1
319_s3_tumor_retardationtumor.png,1
17_s3_tumor_retardationtumor.png,1
311_s3_tumor_retardationtumor.png,1
859_s3_tumor_retardationtumor.png,1
854_s3_tumor_retardationtumor.png,1
701_s3_tumor_retardationtumor.png,1
529_s3_tumor_retardationtumor.png,1
1027_s3_tumor_retardationtumor.png,1
942_s3_tumor_retardationtumor.png,1
1044_s3_tumor_retardationtumor.png,1
1173_s3_tumor_retardationtumor.png,1
214_s3_tumor_retardationtumor.png,1
363_s3_tumor_retardationtumor.png,1
105_s3_tumor_retardationtumor.png,1
129_s3_tumor_retardationtumor.png,1
443_s3_tumor_retardationtumor.png,1
137_s3_tumor_retardationtumor.png,1
655_s3_tumor_retardationtumor.png,1
436_s3_tumor_retardationtumor.png,1
736_s3_tumor_retardationtumor.png,1
740_s3_tumor_retardationtumor.png,1
1158_s3_tumor_retardationtumor.png,1
705_s3_tumor_retardationtumor.png,1
690_s3_tumor_retardationtumor.png,1
1042_s3_tumor_retardationtumor.png,1
1045_s3_tumor_retardationtumor.png,1
703_s3_tumor_retardationtumor.png,1
571_s3_tumor_retardationtumor.png,1
1076_s3_tumor_retardationtumor.png,1
1160_s3_tumor_retardationtumor.png,1
773_s3_tumor_retardationtumor.png,1
502_s3_tumor_retardationtumor.png,1
347_s3_tumor_retardationtumor.png,1
629_s3_tumor_retardationtumor.png,1
447_s3_tumor_retardationtumor.png,1
446_s3_tumor_retardationtumor.png,1
1080_s3_tumor_retardationtumor.png,1
687_s3_tumor_retardationtumor.png,1
943_s3_tumor_retardationtumor.png,1
116_s3_tumor_retardationtumor.png,1
926_s3_tumor_retardationtumor.png,1
873_s3_tumor_retardationtumor.png,1
175_s3_tumor_retardationtumor.png,1
1015_s3_tumor_retardationtumor.png,1
159_s3_tumor_retardationtumor.png,1
393_s3_tumor_retardationtumor.png,1
279_s3_tumor_retardationtumor.png,1
79_s3_tumor_retardationtumor.png,1
993_s3_tumor_retardationtumor.png,1
360_s3_tumor_retardationtumor.png,1
627_s3_tumor_retardationtumor.png,1
555_s3_tumor_retardationtumor.png,1
306_s3_tumor_retardationtumor.png,1
882_s3_tumor_retardationtumor.png,1
482_s3_tumor_retardationtumor.png,1
1186_s3_tumor_retardationtumor.png,1
1138_s3_tumor_retardationtumor.png,1
19_s3_tumor_retardationtumor.png,1
998_s3_tumor_retardationtumor.png,1
499_s3_tumor_retardationtumor.png,1
1007_s3_tumor_retardationtumor.png,1
228_s3_tumor_retardationtumor.png,1
82_s3_tumor_retardationtumor.png,1
1192_s3_tumor_retardationtumor.png,1
309_s3_tumor_retardationtumor.png,1
865_s3_tumor_retardationtumor.png,1
874_s3_tumor_retardationtumor.png,1
160_s3_tumor_retardationtumor.png,1
184_s3_tumor_retardationtumor.png,1
49_s3_tumor_retardationtumor.png,1
1099_s3_tumor_retardationtumor.png,1
849_s3_tumor_retardationtumor.png,1
1066_s3_tumor_retardationtumor.png,1
1068_s3_tumor_retardationtumor.png,1
90_s3_tumor_retardationtumor.png,1
1026_s3_tumor_retardationtumor.png,1
320_s3_tumor_retardationtumor.png,1
142_s3_tumor_retardationtumor.png,1
606_s3_tumor_retardationtumor.png,1
777_s3_tumor_retardationtumor.png,1
547_s3_tumor_retardationtumor.png,1
1140_s3_tumor_retardationtumor.png,1
1183_s3_tumor_retardationtumor.png,1
909_s3_tumor_retardationtumor.png,1
324_s3_tumor_retardationtumor.png,1
549_s3_tumor_retardationtumor.png,1
1179_s3_tumor_retardationtumor.png,1
1089_s3_tumor_retardationtumor.png,1
70_s3_tumor_retardationtumor.png,1
408_s3_tumor_retardationtumor.png,1
163_s3_tumor_retardationtumor.png,1
1118_s3_tumor_retardationtumor.png,1
911_s3_tumor_retardationtumor.png,1
18_s3_tumor_retardationtumor.png,1
1101_s3_tumor_retardationtumor.png,1
584_s3_tumor_retardationtumor.png,1
74_s3_tumor_retardationtumor.png,1
238_s3_tumor_retardationtumor.png,1
202_s3_tumor_retardationtumor.png,1
1073_s3_tumor_retardationtumor.png,1
935_s3_tumor_retardationtumor.png,1
896_s3_tumor_retardationtumor.png,1
327_s3_tumor_retardationtumor.png,1
151_s3_tumor_retardationtumor.png,1
371_s3_tumor_retardationtumor.png,1
855_s3_tumor_retardationtumor.png,1
348_s3_tumor_retardationtumor.png,1
310_s3_tumor_retardationtumor.png,1
84_s3_tumor_retardationtumor.png,1
801_s3_tumor_retardationtumor.png,1
293_s3_tumor_retardationtumor.png,1
864_s3_tumor_retardationtumor.png,1
779_s3_tumor_retardationtumor.png,1
1095_s3_tumor_retardationtumor.png,1
398_s3_tumor_retardationtumor.png,1
98_s3_tumor_retardationtumor.png,1
564_s3_tumor_retardationtumor.png,1
269_s3_tumor_retardationtumor.png,1
921_s3_tumor_retardationtumor.png,1
621_s3_tumor_retardationtumor.png,1
245_s3_tumor_retardationtumor.png,1
1074_s3_tumor_retardationtumor.png,1
795_s3_tumor_retardationtumor.png,1
314_s3_tumor_retardationtumor.png,1
597_s3_tumor_retardationtumor.png,1
146_s3_tumor_retardationtumor.png,1
123_s3_tumor_retardationtumor.png,1
1122_s3_tumor_retardationtumor.png,1
853_s3_tumor_retardationtumor.png,1
510_s3_tumor_retardationtumor.png,1
826_s3_tumor_retardationtumor.png,1
546_s3_tumor_retardationtumor.png,1
980_s3_tumor_retardationtumor.png,1
1087_s3_tumor_retardationtumor.png,1
1020_s3_tumor_retardationtumor.png,1
69_s3_tumor_retardationtumor.png,1
947_s3_tumor_retardationtumor.png,1
888_s3_tumor_retardationtumor.png,1
220_s3_tumor_retardationtumor.png,1
428_s3_tumor_retardationtumor.png,1
1129_s3_tumor_retardationtumor.png,1
753_s3_tumor_retardationtumor.png,1
389_s3_tumor_retardationtumor.png,1
125_s3_tumor_retardationtumor.png,1
110_s3_tumor_retardationtumor.png,1
89_s3_tumor_retardationtumor.png,1
726_s3_tumor_retardationtumor.png,1
653_s3_tumor_retardationtumor.png,1
1142_s3_tumor_retardationtumor.png,1
491_s3_tumor_retardationtumor.png,1
399_s3_tumor_retardationtumor.png,1
774_s3_tumor_retardationtumor.png,1
639_s3_tumor_retardationtumor.png,1
717_s3_tumor_retardationtumor.png,1
118_s3_tumor_retardationtumor.png,1
1018_s3_tumor_retardationtumor.png,1
995_s3_tumor_retardationtumor.png,1
275_s3_tumor_retardationtumor.png,1
166_s3_tumor_retardationtumor.png,1
525_s3_tumor_retardationtumor.png,1
229_s3_tumor_retardationtumor.png,1
196_s3_tumor_retardationtumor.png,1
1190_s3_tumor_retardationtumor.png,1
551_s3_tumor_retardationtumor.png,1
333_s3_tumor_retardationtumor.png,1
792_s3_tumor_retardationtumor.png,1
985_s3_tumor_retardationtumor.png,1
71_s3_tumor_retardationtumor.png,1
607_s3_tumor_retardationtumor.png,1
199_s3_tumor_retardationtumor.png,1
794_s3_tumor_retardationtumor.png,1
846_s3_tumor_retardationtumor.png,1
608_s3_tumor_retardationtumor.png,1
1049_s3_tumor_retardationtumor.png,1
988_s3_tumor_retardationtumor.png,1
542_s3_tumor_retardationtumor.png,1
374_s3_tumor_retardationtumor.png,1
962_s3_tumor_retardationtumor.png,1
699_s3_tumor_retardationtumor.png,1
561_s3_tumor_retardationtumor.png,1
276_s3_tumor_retardationtumor.png,1
811_s3_tumor_retardationtumor.png,1
682_s3_tumor_retardationtumor.png,1
743_s3_tumor_retardationtumor.png,1
373_s3_tumor_retardationtumor.png,1
953_s3_tumor_retardationtumor.png,1
1064_s3_tumor_retardationtumor.png,1
479_s3_tumor_retardationtumor.png,1
1057_s3_tumor_retardationtumor.png,1
818_s3_tumor_retardationtumor.png,1
668_s3_tumor_retardationtumor.png,1
982_s3_tumor_retardationtumor.png,1
273_s3_tumor_retardationtumor.png,1
780_s3_tumor_retardationtumor.png,1
424_s3_tumor_retardationtumor.png,1
948_s3_tumor_retardationtumor.png,1
1156_s3_tumor_retardationtumor.png,1
397_s3_tumor_retardationtumor.png,1
775_s3_tumor_retardationtumor.png,1
501_s3_tumor_retardationtumor.png,1
1038_s3_tumor_retardationtumor.png,1
709_s3_tumor_retardationtumor.png,1
747_s3_tumor_retardationtumor.png,1
157_s3_tumor_retardationtumor.png,1
421_s3_tumor_retardationtumor.png,1
1197_s3_tumor_retardationtumor.png,1
460_s3_tumor_retardationtumor.png,1
1144_s3_tumor_retardationtumor.png,1
458_s3_tumor_retardationtumor.png,1
971_s3_tumor_retardationtumor.png,1
876_s3_tumor_retardationtumor.png,1
281_s3_tumor_retardationtumor.png,1
365_s3_tumor_retardationtumor.png,1
897_s3_tumor_retardationtumor.png,1
686_s3_tumor_retardationtumor.png,1
744_s3_tumor_retardationtumor.png,1
23_s3_tumor_retardationtumor.png,1
574_s3_tumor_retardationtumor.png,1
377_s3_tumor_retardationtumor.png,1
1062_s3_tumor_retardationtumor.png,1
906_s3_tumor_retardationtumor.png,1
521_s3_tumor_retardationtumor.png,1
1134_s3_tumor_retardationtumor.png,1
1001_s3_tumor_retardationtumor.png,1
861_s3_tumor_retardationtumor.png,1
1072_s3_tumor_retardationtumor.png,1
350_s3_tumor_retardationtumor.png,1
956_s3_tumor_retardationtumor.png,1
171_s3_tumor_retardationtumor.png,1
359_s3_tumor_retardationtumor.png,1
379_s3_tumor_retardationtumor.png,1
533_s3_tumor_retardationtumor.png,1
366_s3_tumor_retardationtumor.png,1
467_s3_tumor_retardationtumor.png,1
1120_s3_tumor_retardationtumor.png,1
29_s3_tumor_retardationtumor.png,1
434_s3_tumor_retardationtumor.png,1
60_s3_tumor_retardationtumor.png,1
1182_s3_tumor_retardationtumor.png,1
755_s3_tumor_retardationtumor.png,1
349_s3_tumor_retardationtumor.png,1
353_s3_tumor_retardationtumor.png,1
891_s3_tumor_retardationtumor.png,1
83_s3_tumor_retardationtumor.png,1
585_s3_tumor_retardationtumor.png,1
952_s3_tumor_retardationtumor.png,1
695_s3_tumor_retardationtumor.png,1
283_s3_tumor_retardationtumor.png,1
1105_s3_tumor_retardationtumor.png,1
729_s3_tumor_retardationtumor.png,1
01_s3_tumor_retardationtumor.png,1
832_s3_tumor_retardationtumor.png,1
1199_s3_tumor_retardationtumor.png,1
261_s3_tumor_retardationtumor.png,1
800_s3_tumor_retardationtumor.png,1
496_s3_tumor_retardationtumor.png,1
402_s3_tumor_retardationtumor.png,1
601_s3_tumor_retardationtumor.png,1
652_s3_tumor_retardationtumor.png,1
131_s3_tumor_retardationtumor.png,1
107_s3_tumor_retardationtumor.png,1
613_s3_tumor_retardationtumor.png,1
842_s3_tumor_retardationtumor.png,1
1107_s3_tumor_retardationtumor.png,1
93_s3_tumor_retardationtumor.png,1
556_s3_tumor_retardationtumor.png,1
661_s3_tumor_retardationtumor.png,1
515_s3_tumor_retardationtumor.png,1
247_s3_tumor_retardationtumor.png,1
951_s3_tumor_retardationtumor.png,1
111_s3_tumor_retardationtumor.png,1
337_s3_tumor_retardationtumor.png,1
1110_s3_tumor_retardationtumor.png,1
136_s3_tumor_retardationtumor.png,1
1022_s3_tumor_retardationtumor.png,1
120_s3_tumor_retardationtumor.png,1
263_s3_tumor_retardationtumor.png,1
578_s3_tumor_retardationtumor.png,1
493_s3_tumor_retardationtumor.png,1
1145_s3_tumor_retardationtumor.png,1
435_s3_tumor_retardationtumor.png,1
219_s3_tumor_retardationtumor.png,1
796_s3_tumor_retardationtumor.png,1
154_s3_tumor_retardationtumor.png,1
02_s3_tumor_retardationtumor.png,1
1009_s3_tumor_retardationtumor.png,1
659_s3_tumor_retardationtumor.png,1
486_s3_tumor_retardationtumor.png,1
257_s3_tumor_retardationtumor.png,1
841_s3_tumor_retardationtumor.png,1
86_s3_tumor_retardationtumor.png,1
376_s3_tumor_retardationtumor.png,1
212_s3_tumor_retardationtumor.png,1
267_s3_tumor_retardationtumor.png,1
164_s3_tumor_retardationtumor.png,1
1181_s3_tumor_retardationtumor.png,1
615_s3_tumor_retardationtumor.png,1
817_s3_tumor_retardationtumor.png,1
592_s3_tumor_retardationtumor.png,1
1136_s3_tumor_retardationtumor.png,1
662_s3_tumor_retardationtumor.png,1
899_s3_tumor_retardationtumor.png,1
979_s3_tumor_retardationtumor.png,1
474_s3_tumor_retardationtumor.png,1
1058_s3_tumor_retardationtumor.png,1
677_s3_tumor_retardationtumor.png,1
381_s3_tumor_retardationtumor.png,1
793_s3_tumor_retardationtumor.png,1
13_s3_tumor_retardationtumor.png,1
1081_s3_tumor_retardationtumor.png,1
450_s3_tumor_retardationtumor.png,1
620_s3_tumor_retardationtumor.png,1
456_s3_tumor_retardationtumor.png,1
1111_s3_tumor_retardationtumor.png,1
187_s3_tumor_retardationtumor.png,1
20_s3_tumor_retardationtumor.png,1
490_s3_tumor_retardationtumor.png,1
15_s3_tumor_retardationtumor.png,1
518_s3_tumor_retardationtumor.png,1
140_s3_tumor_retardationtumor.png,1
102_s3_tumor_retardationtumor.png,1
772_s3_tumor_retardationtumor.png,1
298_s3_tumor_retardationtumor.png,1
445_s3_tumor_retardationtumor.png,1
583_s3_tumor_retardationtumor.png,1
681_s3_tumor_retardationtumor.png,1
1067_s3_tumor_retardationtumor.png,1
1147_s3_tumor_retardationtumor.png,1
55_s3_tumor_retardationtumor.png,1
737_s3_tumor_retardationtumor.png,1
750_s3_tumor_retardationtumor.png,1
929_s3_tumor_retardationtumor.png,1
63_s3_tumor_retardationtumor.png,1
916_s3_tumor_retardationtumor.png,1
1094_s3_tumor_retardationtumor.png,1
342_s3_tumor_retardationtumor.png,1
295_s3_tumor_retardationtumor.png,1
572_s3_tumor_retardationtumor.png,1
912_s3_tumor_retardationtumor.png,1
512_s3_tumor_retardationtumor.png,1
954_s3_tumor_retardationtumor.png,1
1151_s3_tumor_retardationtumor.png,1
823_s3_tumor_retardationtumor.png,1
528_s3_tumor_retardationtumor.png,1
95_s3_tumor_retardationtumor.png,1
1112_s3_tumor_retardationtumor.png,1
1195_s3_tumor_retardationtumor.png,1
1191_s3_tumor_retardationtumor.png,1
946_s3_tumor_retardationtumor.png,1
724_s3_tumor_retardationtumor.png,1
433_s3_tumor_retardationtumor.png,1
1175_s3_tumor_retardationtumor.png,1
828_s3_tumor_retardationtumor.png,1
224_s3_tumor_retardationtumor.png,1
411_s3_tumor_retardationtumor.png,1
80_s3_tumor_retardationtumor.png,1
1047_s3_tumor_retardationtumor.png,1
848_s3_tumor_retardationtumor.png,1
144_s3_tumor_retardationtumor.png,1
478_s3_tumor_retardationtumor.png,1
880_s3_tumor_retardationtumor.png,1
27_s3_tumor_retardationtumor.png,1
764_s3_tumor_retardationtumor.png,1
43_s3_tumor_retardationtumor.png,1
997_s3_tumor_retardationtumor.png,1
835_s3_tumor_retardationtumor.png,1
1032_s3_tumor_retardationtumor.png,1
217_s3_tumor_retardationtumor.png,1
218_s3_tumor_retardationtumor.png,1
452_s3_tumor_retardationtumor.png,1
939_s3_tumor_retardationtumor.png,1
1010_s3_tumor_retardationtumor.png,1
579_s3_tumor_retardationtumor.png,1
810_s3_tumor_retardationtumor.png,1
727_s3_tumor_retardationtumor.png,1
155_s3_tumor_retardationtumor.png,1
602_s3_tumor_retardationtumor.png,1
262_s3_tumor_retardationtumor.png,1
626_s3_tumor_retardationtumor.png,1
328_s3_tumor_retardationtumor.png,1
432_s3_tumor_retardationtumor.png,1
830_s3_tumor_retardationtumor.png,1
182_s3_tumor_retardationtumor.png,1
1150_s3_tumor_retardationtumor.png,1
403_s3_tumor_retardationtumor.png,1
406_s3_tumor_retardationtumor.png,1
38_s3_tumor_retardationtumor.png,1
814_s3_tumor_retardationtumor.png,1
264_s3_tumor_retardationtumor.png,1
378_s3_tumor_retardationtumor.png,1
153_s3_tumor_retardationtumor.png,1
986_s3_tumor_retardationtumor.png,1
336_s3_tumor_retardationtumor.png,1
816_s3_tumor_retardationtumor.png,1
126_s3_tumor_retardationtumor.png,1
1055_s3_tumor_retardationtumor.png,1
286_s3_tumor_retardationtumor.png,1
1152_s3_tumor_retardationtumor.png,1
768_s3_tumor_retardationtumor.png,1
781_s3_tumor_retardationtumor.png,1
09_s3_tumor_retardationtumor.png,1
596_s3_tumor_retardationtumor.png,1
240_s3_tumor_retardationtumor.png,1
329_s3_tumor_retardationtumor.png,1
134_s3_tumor_retardationtumor.png,1
382_s3_tumor_retardationtumor.png,1
183_s3_tumor_retardationtumor.png,1
429_s3_tumor_retardationtumor.png,1
573_s3_tumor_retardationtumor.png,1
169_s3_tumor_retardationtumor.png,1
221_s3_tumor_retardationtumor.png,1
990_s3_tumor_retardationtumor.png,1
412_s3_tumor_retardationtumor.png,1
101_s3_tumor_retardationtumor.png,1
588_s3_tumor_retardationtumor.png,1
791_s3_tumor_retardationtumor.png,1
375_s3_tumor_retardationtumor.png,1
1017_s3_tumor_retardationtumor.png,1
867_s3_tumor_retardationtumor.png,1
426_s3_tumor_retardationtumor.png,1
919_s3_tumor_retardationtumor.png,1
605_s3_tumor_retardationtumor.png,1
813_s3_tumor_retardationtumor.png,1
195_s3_tumor_retardationtumor.png,1
1154_s3_tumor_retardationtumor.png,1
663_s3_tumor_retardationtumor.png,1
500_s3_tumor_retardationtumor.png,1
181_s3_tumor_retardationtumor.png,1
1097_s3_tumor_retardationtumor.png,1
847_s3_tumor_retardationtumor.png,1
738_s3_tumor_retardationtumor.png,1
103_s3_tumor_retardationtumor.png,1
1033_s3_tumor_retardationtumor.png,1
1103_s3_tumor_retardationtumor.png,1
16_s3_tumor_retardationtumor.png,1
1082_s3_tumor_retardationtumor.png,1
904_s3_tumor_retardationtumor.png,1
211_s3_tumor_retardationtumor.png,1
758_s3_tumor_retardationtumor.png,1
679_s3_tumor_retardationtumor.png,1
769_s3_tumor_retardationtumor.png,1
517_s3_tumor_retardationtumor.png,1
1096_s3_tumor_retardationtumor.png,1
1146_s3_tumor_retardationtumor.png,1
704_s3_tumor_retardationtumor.png,1
301_s3_tumor_retardationtumor.png,1
173_s3_tumor_retardationtumor.png,1
1012_s3_tumor_retardationtumor.png,1
723_s3_tumor_retardationtumor.png,1
40_s3_tumor_retardationtumor.png,1
694_s3_tumor_retardationtumor.png,1
674_s3_tumor_retardationtumor.png,1
599_s3_tumor_retardationtumor.png,1
1090_s3_tumor_retardationtumor.png,1
462_s3_tumor_retardationtumor.png,1
538_s3_tumor_retardationtumor.png,1
895_s3_tumor_retardationtumor.png,1
119_s3_tumor_retardationtumor.png,1
973_s3_tumor_retardationtumor.png,1
1048_s3_tumor_retardationtumor.png,1
62_s3_tumor_retardationtumor.png,1
481_s3_tumor_retardationtumor.png,1
387_s3_tumor_retardationtumor.png,1
1000_s3_tumor_retardationtumor.png,1
593_s3_tumor_retardationtumor.png,1
927_s3_tumor_retardationtumor.png,1
265_s3_tumor_retardationtumor.png,1
1028_s3_tumor_retardationtumor.png,1
1135_s3_tumor_retardationtumor.png,1
145_s3_tumor_retardationtumor.png,1
934_s3_tumor_retardationtumor.png,1
711_s3_tumor_retardationtumor.png,1
239_s3_tumor_retardationtumor.png,1
441_s3_tumor_retardationtumor.png,1
304_s3_tumor_retardationtumor.png,1
391_s3_tumor_retardationtumor.png,1
1035_s3_tumor_retardationtumor.png,1
1092_s3_tumor_retardationtumor.png,1
803_s3_tumor_retardationtumor.png,1
1188_s3_tumor_retardationtumor.png,1
519_s3_tumor_retardationtumor.png,1
272_s3_tumor_retardationtumor.png,1
523_s3_tumor_retardationtumor.png,1
748_s3_tumor_retardationtumor.png,1
468_s3_tumor_retardationtumor.png,1
905_s3_tumor_retardationtumor.png,1
837_s3_tumor_retardationtumor.png,1
1143_s3_tumor_retardationtumor.png,1
1075_s3_tumor_retardationtumor.png,1
150_s3_tumor_retardationtumor.png,1
503_s3_tumor_retardationtumor.png,1
226_s3_tumor_retardationtumor.png,1
369_s3_tumor_retardationtumor.png,1
641_s3_tumor_retardationtumor.png,1
851_s3_tumor_retardationtumor.png,1
524_s3_tumor_retardationtumor.png,1
889_s3_tumor_retardationtumor.png,1
675_s3_tumor_retardationtumor.png,1
216_s3_tumor_retardationtumor.png,1
673_s3_tumor_retardationtumor.png,1
1162_s3_tumor_retardationtumor.png,1
784_s3_tumor_retardationtumor.png,1
893_s3_tumor_retardationtumor.png,1
522_s3_tumor_retardationtumor.png,1
66_s3_tumor_retardationtumor.png,1
1141_s3_tumor_retardationtumor.png,1
161_s3_tumor_retardationtumor.png,1
108_s3_tumor_retardationtumor.png,1
1153_s3_tumor_retardationtumor.png,1
409_s3_tumor_retardationtumor.png,1
254_s3_tumor_retardationtumor.png,1
243_s3_tumor_retardationtumor.png,1
14_s3_tumor_retardationtumor.png,1
323_s3_tumor_retardationtumor.png,1
938_s3_tumor_retardationtumor.png,1
630_s3_tumor_retardationtumor.png,1
836_s3_tumor_retardationtumor.png,1
617_s3_tumor_retardationtumor.png,1
1054_s3_tumor_retardationtumor.png,1
520_s3_tumor_retardationtumor.png,1
335_s3_tumor_retardationtumor.png,1
804_s3_tumor_retardationtumor.png,1
829_s3_tumor_retardationtumor.png,1
972_s3_tumor_retardationtumor.png,1
752_s3_tumor_retardationtumor.png,1
315_s3_tumor_retardationtumor.png,1
611_s3_tumor_retardationtumor.png,1
933_s3_tumor_retardationtumor.png,1
318_s3_tumor_retardationtumor.png,1
831_s3_tumor_retardationtumor.png,1
1011_s3_tumor_retardationtumor.png,1
884_s3_tumor_retardationtumor.png,1
48_s3_tumor_retardationtumor.png,1
883_s3_tumor_retardationtumor.png,1
975_s3_tumor_retardationtumor.png,1
757_s3_tumor_retardationtumor.png,1
241_s3_tumor_retardationtumor.png,1
568_s3_tumor_retardationtumor.png,1
417_s3_tumor_retardationtumor.png,1
558_s3_tumor_retardationtumor.png,1
139_s3_tumor_retardationtumor.png,1
208_s3_tumor_retardationtumor.png,1
1040_s3_tumor_retardationtumor.png,1
878_s3_tumor_retardationtumor.png,1
285_s3_tumor_retardationtumor.png,1
186_s3_tumor_retardationtumor.png,1
745_s3_tumor_retardationtumor.png,1
135_s3_tumor_retardationtumor.png,1
06_s3_tumor_retardationtumor.png,1
1041_s3_tumor_retardationtumor.png,1
760_s3_tumor_retardationtumor.png,1
754_s3_tumor_retardationtumor.png,1
658_s3_tumor_retardationtumor.png,1
1168_s3_tumor_retardationtumor.png,1
591_s3_tumor_retardationtumor.png,1
64_s3_tumor_retardationtumor.png,1
288_s3_tumor_retardationtumor.png,1
213_s3_tumor_retardationtumor.png,1
498_s3_tumor_retardationtumor.png,1
1200_s3_tumor_retardationtumor.png,1
550_s3_tumor_retardationtumor.png,1
968_s3_tumor_retardationtumor.png,1
932_s3_tumor_retardationtumor.png,1
97_s3_tumor_retardationtumor.png,1
963_s3_tumor_retardationtumor.png,1
996_s3_tumor_retardationtumor.png,1
623_s3_tumor_retardationtumor.png,1
384_s3_tumor_retardationtumor.png,1
844_s3_tumor_retardationtumor.png,1
292_s3_tumor_retardationtumor.png,1
280_s3_tumor_retardationtumor.png,1
464_s3_tumor_retardationtumor.png,1
57_s3_tumor_retardationtumor.png,1
170_s3_tumor_retardationtumor.png,1
100_s3_tumor_retardationtumor.png,1
989_s3_tumor_retardationtumor.png,1
148_s3_tumor_retardationtumor.png,1
345_s3_tumor_retardationtumor.png,1
507_s3_tumor_retardationtumor.png,1
206_s3_tumor_retardationtumor.png,1
664_s3_tumor_retardationtumor.png,1
940_s3_tumor_retardationtumor.png,1
575_s3_tumor_retardationtumor.png,1
39_s3_tumor_retardationtumor.png,1
392_s3_tumor_retardationtumor.png,1
1119_s3_tumor_retardationtumor.png,1
1104_s3_tumor_retardationtumor.png,1
194_s3_tumor_retardationtumor.png,1
600_s3_tumor_retardationtumor.png,1
1014_s3_tumor_retardationtumor.png,1
1117_s3_tumor_retardationtumor.png,1
595_s3_tumor_retardationtumor.png,1
361_s3_tumor_retardationtumor.png,1
22_s3_tumor_retardationtumor.png,1
33_s3_tumor_retardationtumor.png,1
494_s3_tumor_retardationtumor.png,1
685_s3_tumor_retardationtumor.png,1
200_s3_tumor_retardationtumor.png,1
901_s3_tumor_retardationtumor.png,1
646_s3_tumor_retardationtumor.png,1
923_s3_tumor_retardationtumor.png,1
708_s3_tumor_retardationtumor.png,1
75_s3_tumor_retardationtumor.png,1
731_s3_tumor_retardationtumor.png,1
999_s3_tumor_retardationtumor.png,1
388_s3_tumor_retardationtumor.png,1
1198_s3_tumor_retardationtumor.png,1
1085_s3_tumor_retardationtumor.png,1
115_s3_tumor_retardationtumor.png,1
104_s3_tumor_retardationtumor.png,1
168_s3_tumor_retardationtumor.png,1
1139_s3_tumor_retardationtumor.png,1
1131_s3_tumor_retardationtumor.png,1
51_s3_tumor_retardationtumor.png,1
702_s3_tumor_retardationtumor.png,1
1021_s3_tumor_retardationtumor.png,1
1123_s3_tumor_retardationtumor.png,1
297_s3_tumor_retardationtumor.png,1
562_s3_tumor_retardationtumor.png,1
732_s3_tumor_retardationtumor.png,1
915_s3_tumor_retardationtumor.png,1
651_s3_tumor_retardationtumor.png,1
35_s3_tumor_retardationtumor.png,1
152_s3_tumor_retardationtumor.png,1
961_s3_tumor_retardationtumor.png,1
812_s3_tumor_retardationtumor.png,1
197_s3_tumor_retardationtumor.png,1
871_s3_tumor_retardationtumor.png,1
37_s3_tumor_retardationtumor.png,1
454_s3_tumor_retardationtumor.png,1
1029_s3_tumor_retardationtumor.png,1
540_s3_tumor_retardationtumor.png,1
143_s3_tumor_retardationtumor.png,1
112_s3_tumor_retardationtumor.png,1
1184_s3_tumor_retardationtumor.png,1
1065_s3_tumor_retardationtumor.png,1
1127_s3_tumor_retardationtumor.png,1
857_s3_tumor_retardationtumor.png,1
1024_s3_tumor_retardationtumor.png,1
251_s3_tumor_retardationtumor.png,1
508_s3_tumor_retardationtumor.png,1
967_s3_tumor_retardationtumor.png,1
106_s3_tumor_retardationtumor.png,1
76_s3_tumor_retardationtumor.png,1
54_s3_tumor_retardationtumor.png,1
937_s3_tumor_retardationtumor.png,1
610_s3_tumor_retardationtumor.png,1
553_s3_tumor_retardationtumor.png,1
25_s3_tumor_retardationtumor.png,1
516_s3_tumor_retardationtumor.png,1
367_s3_tumor_retardationtumor.png,1
633_s3_tumor_retardationtumor.png,1
976_s3_tumor_retardationtumor.png,1
207_s3_tumor_retardationtumor.png,1
648_s3_tumor_retardationtumor.png,1
892_s3_tumor_retardationtumor.png,1
950_s3_tumor_retardationtumor.png,1
99_s3_tumor_retardationtumor.png,1
149_s3_tumor_retardationtumor.png,1
343_s3_tumor_retardationtumor.png,1
385_s3_tumor_retardationtumor.png,1
287_s3_tumor_retardationtumor.png,1
476_s3_tumor_retardationtumor.png,1
444_s3_tumor_retardationtumor.png,1
400_s3_tumor_retardationtumor.png,1
914_s3_tumor_retardationtumor.png,1
1126_s3_tumor_retardationtumor.png,1
1036_s3_tumor_retardationtumor.png,1
427_s3_tumor_retardationtumor.png,1
945_s3_tumor_retardationtumor.png,1
789_s3_tumor_retardationtumor.png,1
271_s3_tumor_retardationtumor.png,1
845_s3_tumor_retardationtumor.png,1
372_s3_tumor_retardationtumor.png,1
881_s3_tumor_retardationtumor.png,1
712_s3_tumor_retardationtumor.png,1
113_s3_tumor_retardationtumor.png,1
678_s3_tumor_retardationtumor.png,1
767_s3_tumor_retardationtumor.png,1
422_s3_tumor_retardationtumor.png,1
698_s3_tumor_retardationtumor.png,1
535_s3_tumor_retardationtumor.png,1
284_s3_tumor_retardationtumor.png,1
785_s3_tumor_retardationtumor.png,1
483_s3_tumor_retardationtumor.png,1
656_s3_tumor_retardationtumor.png,1
1070_s3_tumor_retardationtumor.png,1
766_s3_tumor_retardationtumor.png,1
949_s3_tumor_retardationtumor.png,1
248_s3_tumor_retardationtumor.png,1
414_s3_tumor_retardationtumor.png,1
225_s3_tumor_retardationtumor.png,1
640_s3_tumor_retardationtumor.png,1
1172_s3_tumor_retardationtumor.png,1
185_s3_tumor_retardationtumor.png,1
725_s3_tumor_retardationtumor.png,1
805_s3_tumor_retardationtumor.png,1
594_s3_tumor_retardationtumor.png,1
1084_s3_tumor_retardationtumor.png,1
114_s3_tumor_retardationtumor.png,1
978_s3_tumor_retardationtumor.png,1
860_s3_tumor_retardationtumor.png,1
325_s3_tumor_retardationtumor.png,1
536_s3_tumor_retardationtumor.png,1
317_s3_tumor_retardationtumor.png,1
416_s3_tumor_retardationtumor.png,1
1130_s3_tumor_retardationtumor.png,1
638_s3_tumor_retardationtumor.png,1
1113_s3_tumor_retardationtumor.png,1
253_s3_tumor_retardationtumor.png,1
676_s3_tumor_retardationtumor.png,1
560_s3_tumor_retardationtumor.png,1
569_s3_tumor_retardationtumor.png,1
649_s3_tumor_retardationtumor.png,1
577_s3_tumor_retardationtumor.png,1
1102_s3_tumor_retardationtumor.png,1
390_s5_tumor_retardationtumor.png,1
666_s5_tumor_retardationtumor.png,1
1025_s5_tumor_retardationtumor.png,1
210_s5_tumor_retardationtumor.png,1
433_s5_tumor_retardationtumor.png,1
321_s5_tumor_retardationtumor.png,1
724_s5_tumor_retardationtumor.png,1
938_s5_tumor_retardationtumor.png,1
344_s5_tumor_retardationtumor.png,1
446_s5_tumor_retardationtumor.png,1
108_s5_tumor_retardationtumor.png,1
894_s5_tumor_retardationtumor.png,1
944_s5_tumor_retardationtumor.png,1
482_s5_tumor_retardationtumor.png,1
684_s5_tumor_retardationtumor.png,1
255_s5_tumor_retardationtumor.png,1
1142_s5_tumor_retardationtumor.png,1
315_s5_tumor_retardationtumor.png,1
1111_s5_tumor_retardationtumor.png,1
267_s5_tumor_retardationtumor.png,1
1043_s5_tumor_retardationtumor.png,1
727_s5_tumor_retardationtumor.png,1
57_s5_tumor_retardationtumor.png,1
1074_s5_tumor_retardationtumor.png,1
271_s5_tumor_retardationtumor.png,1
868_s5_tumor_retardationtumor.png,1
155_s5_tumor_retardationtumor.png,1
262_s5_tumor_retardationtumor.png,1
201_s5_tumor_retardationtumor.png,1
996_s5_tumor_retardationtumor.png,1
780_s5_tumor_retardationtumor.png,1
1137_s5_tumor_retardationtumor.png,1
836_s5_tumor_retardationtumor.png,1
312_s5_tumor_retardationtumor.png,1
434_s5_tumor_retardationtumor.png,1
149_s5_tumor_retardationtumor.png,1
600_s5_tumor_retardationtumor.png,1
70_s5_tumor_retardationtumor.png,1
954_s5_tumor_retardationtumor.png,1
729_s5_tumor_retardationtumor.png,1
202_s5_tumor_retardationtumor.png,1
850_s5_tumor_retardationtumor.png,1
1037_s5_tumor_retardationtumor.png,1
1197_s5_tumor_retardationtumor.png,1
551_s5_tumor_retardationtumor.png,1
192_s5_tumor_retardationtumor.png,1
476_s5_tumor_retardationtumor.png,1
703_s5_tumor_retardationtumor.png,1
152_s5_tumor_retardationtumor.png,1
581_s5_tumor_retardationtumor.png,1
748_s5_tumor_retardationtumor.png,1
967_s5_tumor_retardationtumor.png,1
682_s5_tumor_retardationtumor.png,1
766_s5_tumor_retardationtumor.png,1
856_s5_tumor_retardationtumor.png,1
1192_s5_tumor_retardationtumor.png,1
731_s5_tumor_retardationtumor.png,1
705_s5_tumor_retardationtumor.png,1
301_s5_tumor_retardationtumor.png,1
613_s5_tumor_retardationtumor.png,1
874_s5_tumor_retardationtumor.png,1
121_s5_tumor_retardationtumor.png,1
942_s5_tumor_retardationtumor.png,1
29_s5_tumor_retardationtumor.png,1
196_s5_tumor_retardationtumor.png,1
291_s5_tumor_retardationtumor.png,1
620_s5_tumor_retardationtumor.png,1
810_s5_tumor_retardationtumor.png,1
1057_s5_tumor_retardationtumor.png,1
418_s5_tumor_retardationtumor.png,1
1017_s5_tumor_retardationtumor.png,1
191_s5_tumor_retardationtumor.png,1
949_s5_tumor_retardationtumor.png,1
508_s5_tumor_retardationtumor.png,1
1096_s5_tumor_retardationtumor.png,1
955_s5_tumor_retardationtumor.png,1
355_s5_tumor_retardationtumor.png,1
139_s5_tumor_retardationtumor.png,1
969_s5_tumor_retardationtumor.png,1
1130_s5_tumor_retardationtumor.png,1
303_s5_tumor_retardationtumor.png,1
263_s5_tumor_retardationtumor.png,1
590_s5_tumor_retardationtumor.png,1
221_s5_tumor_retardationtumor.png,1
849_s5_tumor_retardationtumor.png,1
319_s5_tumor_retardationtumor.png,1
858_s5_tumor_retardationtumor.png,1
417_s5_tumor_retardationtumor.png,1
708_s5_tumor_retardationtumor.png,1
574_s5_tumor_retardationtumor.png,1
362_s5_tumor_retardationtumor.png,1
981_s5_tumor_retardationtumor.png,1
289_s5_tumor_retardationtumor.png,1
1079_s5_tumor_retardationtumor.png,1
929_s5_tumor_retardationtumor.png,1
375_s5_tumor_retardationtumor.png,1
525_s5_tumor_retardationtumor.png,1
806_s5_tumor_retardationtumor.png,1
56_s5_tumor_retardationtumor.png,1
228_s5_tumor_retardationtumor.png,1
680_s5_tumor_retardationtumor.png,1
888_s5_tumor_retardationtumor.png,1
366_s5_tumor_retardationtumor.png,1
11_s5_tumor_retardationtumor.png,1
773_s5_tumor_retardationtumor.png,1
416_s5_tumor_retardationtumor.png,1
1052_s5_tumor_retardationtumor.png,1
688_s5_tumor_retardationtumor.png,1
333_s5_tumor_retardationtumor.png,1
471_s5_tumor_retardationtumor.png,1
1143_s5_tumor_retardationtumor.png,1
472_s5_tumor_retardationtumor.png,1
947_s5_tumor_retardationtumor.png,1
335_s5_tumor_retardationtumor.png,1
02_s5_tumor_retardationtumor.png,1
1028_s5_tumor_retardationtumor.png,1
1050_s5_tumor_retardationtumor.png,1
09_s5_tumor_retardationtumor.png,1
138_s5_tumor_retardationtumor.png,1
51_s5_tumor_retardationtumor.png,1
683_s5_tumor_retardationtumor.png,1
329_s5_tumor_retardationtumor.png,1
1070_s5_tumor_retardationtumor.png,1
1094_s5_tumor_retardationtumor.png,1
707_s5_tumor_retardationtumor.png,1
58_s5_tumor_retardationtumor.png,1
912_s5_tumor_retardationtumor.png,1
1064_s5_tumor_retardationtumor.png,1
637_s5_tumor_retardationtumor.png,1
1181_s5_tumor_retardationtumor.png,1
1163_s5_tumor_retardationtumor.png,1
1155_s5_tumor_retardationtumor.png,1
137_s5_tumor_retardationtumor.png,1
438_s5_tumor_retardationtumor.png,1
537_s5_tumor_retardationtumor.png,1
358_s5_tumor_retardationtumor.png,1
363_s5_tumor_retardationtumor.png,1
808_s5_tumor_retardationtumor.png,1
265_s5_tumor_retardationtumor.png,1
752_s5_tumor_retardationtumor.png,1
226_s5_tumor_retardationtumor.png,1
41_s5_tumor_retardationtumor.png,1
241_s5_tumor_retardationtumor.png,1
1014_s5_tumor_retardationtumor.png,1
911_s5_tumor_retardationtumor.png,1
401_s5_tumor_retardationtumor.png,1
658_s5_tumor_retardationtumor.png,1
700_s5_tumor_retardationtumor.png,1
860_s5_tumor_retardationtumor.png,1
791_s5_tumor_retardationtumor.png,1
45_s5_tumor_retardationtumor.png,1
1022_s5_tumor_retardationtumor.png,1
175_s5_tumor_retardationtumor.png,1
55_s5_tumor_retardationtumor.png,1
930_s5_tumor_retardationtumor.png,1
1071_s5_tumor_retardationtumor.png,1
379_s5_tumor_retardationtumor.png,1
1097_s5_tumor_retardationtumor.png,1
855_s5_tumor_retardationtumor.png,1
1085_s5_tumor_retardationtumor.png,1
439_s5_tumor_retardationtumor.png,1
654_s5_tumor_retardationtumor.png,1
1095_s5_tumor_retardationtumor.png,1
204_s5_tumor_retardationtumor.png,1
207_s5_tumor_retardationtumor.png,1
229_s5_tumor_retardationtumor.png,1
738_s5_tumor_retardationtumor.png,1
297_s5_tumor_retardationtumor.png,1
957_s5_tumor_retardationtumor.png,1
181_s5_tumor_retardationtumor.png,1
266_s5_tumor_retardationtumor.png,1
480_s5_tumor_retardationtumor.png,1
1102_s5_tumor_retardationtumor.png,1
579_s5_tumor_retardationtumor.png,1
500_s5_tumor_retardationtumor.png,1
167_s5_tumor_retardationtumor.png,1
237_s5_tumor_retardationtumor.png,1
130_s5_tumor_retardationtumor.png,1
686_s5_tumor_retardationtumor.png,1
1121_s5_tumor_retardationtumor.png,1
323_s5_tumor_retardationtumor.png,1
378_s5_tumor_retardationtumor.png,1
1062_s5_tumor_retardationtumor.png,1
119_s5_tumor_retardationtumor.png,1
549_s5_tumor_retardationtumor.png,1
843_s5_tumor_retardationtumor.png,1
32_s5_tumor_retardationtumor.png,1
183_s5_tumor_retardationtumor.png,1
275_s5_tumor_retardationtumor.png,1
83_s5_tumor_retardationtumor.png,1
190_s5_tumor_retardationtumor.png,1
925_s5_tumor_retardationtumor.png,1
646_s5_tumor_retardationtumor.png,1
383_s5_tumor_retardationtumor.png,1
973_s5_tumor_retardationtumor.png,1
1180_s5_tumor_retardationtumor.png,1
531_s5_tumor_retardationtumor.png,1
968_s5_tumor_retardationtumor.png,1
1104_s5_tumor_retardationtumor.png,1
1172_s5_tumor_retardationtumor.png,1
188_s5_tumor_retardationtumor.png,1
1174_s5_tumor_retardationtumor.png,1
792_s5_tumor_retardationtumor.png,1
173_s5_tumor_retardationtumor.png,1
388_s5_tumor_retardationtumor.png,1
1185_s5_tumor_retardationtumor.png,1
734_s5_tumor_retardationtumor.png,1
809_s5_tumor_retardationtumor.png,1
250_s5_tumor_retardationtumor.png,1
405_s5_tumor_retardationtumor.png,1
618_s5_tumor_retardationtumor.png,1
1134_s5_tumor_retardationtumor.png,1
1003_s5_tumor_retardationtumor.png,1
493_s5_tumor_retardationtumor.png,1
153_s5_tumor_retardationtumor.png,1
223_s5_tumor_retardationtumor.png,1
557_s5_tumor_retardationtumor.png,1
79_s5_tumor_retardationtumor.png,1
13_s5_tumor_retardationtumor.png,1
678_s5_tumor_retardationtumor.png,1
238_s5_tumor_retardationtumor.png,1
67_s5_tumor_retardationtumor.png,1
1101_s5_tumor_retardationtumor.png,1
639_s5_tumor_retardationtumor.png,1
327_s5_tumor_retardationtumor.png,1
764_s5_tumor_retardationtumor.png,1
607_s5_tumor_retardationtumor.png,1
370_s5_tumor_retardationtumor.png,1
34_s5_tumor_retardationtumor.png,1
53_s5_tumor_retardationtumor.png,1
612_s5_tumor_retardationtumor.png,1
1125_s5_tumor_retardationtumor.png,1
945_s5_tumor_retardationtumor.png,1
566_s5_tumor_retardationtumor.png,1
1177_s5_tumor_retardationtumor.png,1
761_s5_tumor_retardationtumor.png,1
356_s5_tumor_retardationtumor.png,1
617_s5_tumor_retardationtumor.png,1
158_s5_tumor_retardationtumor.png,1
147_s5_tumor_retardationtumor.png,1
395_s5_tumor_retardationtumor.png,1
234_s5_tumor_retardationtumor.png,1
882_s5_tumor_retardationtumor.png,1
501_s5_tumor_retardationtumor.png,1
211_s5_tumor_retardationtumor.png,1
1066_s5_tumor_retardationtumor.png,1
140_s5_tumor_retardationtumor.png,1
1019_s5_tumor_retardationtumor.png,1
1112_s5_tumor_retardationtumor.png,1
387_s5_tumor_retardationtumor.png,1
589_s5_tumor_retardationtumor.png,1
279_s5_tumor_retardationtumor.png,1
1058_s5_tumor_retardationtumor.png,1
17_s5_tumor_retardationtumor.png,1
631_s5_tumor_retardationtumor.png,1
517_s5_tumor_retardationtumor.png,1
106_s5_tumor_retardationtumor.png,1
453_s5_tumor_retardationtumor.png,1
467_s5_tumor_retardationtumor.png,1
873_s5_tumor_retardationtumor.png,1
679_s5_tumor_retardationtumor.png,1
909_s5_tumor_retardationtumor.png,1
908_s5_tumor_retardationtumor.png,1
449_s5_tumor_retardationtumor.png,1
1039_s5_tumor_retardationtumor.png,1
1040_s5_tumor_retardationtumor.png,1
290_s5_tumor_retardationtumor.png,1
542_s5_tumor_retardationtumor.png,1
99_s5_tumor_retardationtumor.png,1
06_s5_tumor_retardationtumor.png,1
783_s5_tumor_retardationtumor.png,1
74_s5_tumor_retardationtumor.png,1
1183_s5_tumor_retardationtumor.png,1
713_s5_tumor_retardationtumor.png,1
896_s5_tumor_retardationtumor.png,1
337_s5_tumor_retardationtumor.png,1
464_s5_tumor_retardationtumor.png,1
424_s5_tumor_retardationtumor.png,1
710_s5_tumor_retardationtumor.png,1
591_s5_tumor_retardationtumor.png,1
168_s5_tumor_retardationtumor.png,1
305_s5_tumor_retardationtumor.png,1
671_s5_tumor_retardationtumor.png,1
1194_s5_tumor_retardationtumor.png,1
965_s5_tumor_retardationtumor.png,1
456_s5_tumor_retardationtumor.png,1
978_s5_tumor_retardationtumor.png,1
1117_s5_tumor_retardationtumor.png,1
503_s5_tumor_retardationtumor.png,1
332_s5_tumor_retardationtumor.png,1
1100_s5_tumor_retardationtumor.png,1
423_s5_tumor_retardationtumor.png,1
1024_s5_tumor_retardationtumor.png,1
520_s5_tumor_retardationtumor.png,1
852_s5_tumor_retardationtumor.png,1
402_s5_tumor_retardationtumor.png,1
730_s5_tumor_retardationtumor.png,1
980_s5_tumor_retardationtumor.png,1
222_s5_tumor_retardationtumor.png,1
411_s5_tumor_retardationtumor.png,1
1161_s5_tumor_retardationtumor.png,1
146_s5_tumor_retardationtumor.png,1
714_s5_tumor_retardationtumor.png,1
235_s5_tumor_retardationtumor.png,1
90_s5_tumor_retardationtumor.png,1
133_s5_tumor_retardationtumor.png,1
288_s5_tumor_retardationtumor.png,1
515_s5_tumor_retardationtumor.png,1
386_s5_tumor_retardationtumor.png,1
1103_s5_tumor_retardationtumor.png,1
1036_s5_tumor_retardationtumor.png,1
1193_s5_tumor_retardationtumor.png,1
26_s5_tumor_retardationtumor.png,1
10_s5_tumor_retardationtumor.png,1
397_s5_tumor_retardationtumor.png,1
176_s5_tumor_retardationtumor.png,1
656_s5_tumor_retardationtumor.png,1
597_s5_tumor_retardationtumor.png,1
309_s5_tumor_retardationtumor.png,1
468_s5_tumor_retardationtumor.png,1
960_s5_tumor_retardationtumor.png,1
536_s5_tumor_retardationtumor.png,1
540_s5_tumor_retardationtumor.png,1
689_s5_tumor_retardationtumor.png,1
962_s5_tumor_retardationtumor.png,1
1084_s5_tumor_retardationtumor.png,1
648_s5_tumor_retardationtumor.png,1
124_s5_tumor_retardationtumor.png,1
326_s5_tumor_retardationtumor.png,1
103_s5_tumor_retardationtumor.png,1
251_s5_tumor_retardationtumor.png,1
999_s5_tumor_retardationtumor.png,1
826_s5_tumor_retardationtumor.png,1
160_s5_tumor_retardationtumor.png,1
1077_s5_tumor_retardationtumor.png,1
244_s5_tumor_retardationtumor.png,1
408_s5_tumor_retardationtumor.png,1
1150_s5_tumor_retardationtumor.png,1
1056_s5_tumor_retardationtumor.png,1
136_s5_tumor_retardationtumor.png,1
324_s5_tumor_retardationtumor.png,1
174_s5_tumor_retardationtumor.png,1
516_s5_tumor_retardationtumor.png,1
756_s5_tumor_retardationtumor.png,1
346_s5_tumor_retardationtumor.png,1
1033_s5_tumor_retardationtumor.png,1
575_s5_tumor_retardationtumor.png,1
457_s5_tumor_retardationtumor.png,1
249_s5_tumor_retardationtumor.png,1
585_s5_tumor_retardationtumor.png,1
143_s5_tumor_retardationtumor.png,1
392_s5_tumor_retardationtumor.png,1
28_s5_tumor_retardationtumor.png,1
668_s5_tumor_retardationtumor.png,1
1030_s5_tumor_retardationtumor.png,1
86_s5_tumor_retardationtumor.png,1
1179_s5_tumor_retardationtumor.png,1
524_s5_tumor_retardationtumor.png,1
194_s5_tumor_retardationtumor.png,1
415_s5_tumor_retardationtumor.png,1
621_s5_tumor_retardationtumor.png,1
419_s5_tumor_retardationtumor.png,1
302_s5_tumor_retardationtumor.png,1
1145_s5_tumor_retardationtumor.png,1
653_s5_tumor_retardationtumor.png,1
1020_s5_tumor_retardationtumor.png,1
03_s5_tumor_retardationtumor.png,1
128_s5_tumor_retardationtumor.png,1
203_s5_tumor_retardationtumor.png,1
81_s5_tumor_retardationtumor.png,1
667_s5_tumor_retardationtumor.png,1
1068_s5_tumor_retardationtumor.png,1
85_s5_tumor_retardationtumor.png,1
1144_s5_tumor_retardationtumor.png,1
40_s5_tumor_retardationtumor.png,1
601_s5_tumor_retardationtumor.png,1
723_s5_tumor_retardationtumor.png,1
755_s5_tumor_retardationtumor.png,1
519_s5_tumor_retardationtumor.png,1
441_s5_tumor_retardationtumor.png,1
164_s5_tumor_retardationtumor.png,1
1089_s5_tumor_retardationtumor.png,1
767_s5_tumor_retardationtumor.png,1
822_s5_tumor_retardationtumor.png,1
931_s5_tumor_retardationtumor.png,1
694_s5_tumor_retardationtumor.png,1
606_s5_tumor_retardationtumor.png,1
110_s5_tumor_retardationtumor.png,1
760_s5_tumor_retardationtumor.png,1
1162_s5_tumor_retardationtumor.png,1
672_s5_tumor_retardationtumor.png,1
539_s5_tumor_retardationtumor.png,1
465_s5_tumor_retardationtumor.png,1
691_s5_tumor_retardationtumor.png,1
445_s5_tumor_retardationtumor.png,1
314_s5_tumor_retardationtumor.png,1
800_s5_tumor_retardationtumor.png,1
837_s5_tumor_retardationtumor.png,1
1000_s5_tumor_retardationtumor.png,1
413_s5_tumor_retardationtumor.png,1
599_s5_tumor_retardationtumor.png,1
704_s5_tumor_retardationtumor.png,1
556_s5_tumor_retardationtumor.png,1
695_s5_tumor_retardationtumor.png,1
603_s5_tumor_retardationtumor.png,1
728_s5_tumor_retardationtumor.png,1
225_s5_tumor_retardationtumor.png,1
1092_s5_tumor_retardationtumor.png,1
737_s5_tumor_retardationtumor.png,1
805_s5_tumor_retardationtumor.png,1
795_s5_tumor_retardationtumor.png,1
490_s5_tumor_retardationtumor.png,1
573_s5_tumor_retardationtumor.png,1
998_s5_tumor_retardationtumor.png,1
862_s5_tumor_retardationtumor.png,1
840_s5_tumor_retardationtumor.png,1
1200_s5_tumor_retardationtumor.png,1
170_s5_tumor_retardationtumor.png,1
893_s5_tumor_retardationtumor.png,1
505_s5_tumor_retardationtumor.png,1
247_s5_tumor_retardationtumor.png,1
88_s5_tumor_retardationtumor.png,1
294_s5_tumor_retardationtumor.png,1
940_s5_tumor_retardationtumor.png,1
885_s5_tumor_retardationtumor.png,1
719_s5_tumor_retardationtumor.png,1
87_s5_tumor_retardationtumor.png,1
736_s5_tumor_retardationtumor.png,1
958_s5_tumor_retardationtumor.png,1
361_s5_tumor_retardationtumor.png,1
571_s5_tumor_retardationtumor.png,1
623_s5_tumor_retardationtumor.png,1
995_s5_tumor_retardationtumor.png,1
991_s5_tumor_retardationtumor.png,1
779_s5_tumor_retardationtumor.png,1
08_s5_tumor_retardationtumor.png,1
1116_s5_tumor_retardationtumor.png,1
546_s5_tumor_retardationtumor.png,1
296_s5_tumor_retardationtumor.png,1
901_s5_tumor_retardationtumor.png,1
899_s5_tumor_retardationtumor.png,1
762_s5_tumor_retardationtumor.png,1
534_s5_tumor_retardationtumor.png,1
410_s5_tumor_retardationtumor.png,1
661_s5_tumor_retardationtumor.png,1
1195_s5_tumor_retardationtumor.png,1
1004_s5_tumor_retardationtumor.png,1
1016_s5_tumor_retardationtumor.png,1
952_s5_tumor_retardationtumor.png,1
735_s5_tumor_retardationtumor.png,1
115_s5_tumor_retardationtumor.png,1
437_s5_tumor_retardationtumor.png,1
959_s5_tumor_retardationtumor.png,1
1182_s5_tumor_retardationtumor.png,1
39_s5_tumor_retardationtumor.png,1
975_s5_tumor_retardationtumor.png,1
568_s5_tumor_retardationtumor.png,1
711_s5_tumor_retardationtumor.png,1
1138_s5_tumor_retardationtumor.png,1
63_s5_tumor_retardationtumor.png,1
24_s5_tumor_retardationtumor.png,1
528_s5_tumor_retardationtumor.png,1
429_s5_tumor_retardationtumor.png,1
550_s5_tumor_retardationtumor.png,1
483_s5_tumor_retardationtumor.png,1
200_s5_tumor_retardationtumor.png,1
1046_s5_tumor_retardationtumor.png,1
104_s5_tumor_retardationtumor.png,1
847_s5_tumor_retardationtumor.png,1
432_s5_tumor_retardationtumor.png,1
292_s5_tumor_retardationtumor.png,1
1199_s5_tumor_retardationtumor.png,1
97_s5_tumor_retardationtumor.png,1
828_s5_tumor_retardationtumor.png,1
169_s5_tumor_retardationtumor.png,1
627_s5_tumor_retardationtumor.png,1
966_s5_tumor_retardationtumor.png,1
904_s5_tumor_retardationtumor.png,1
857_s5_tumor_retardationtumor.png,1
21_s5_tumor_retardationtumor.png,1
285_s5_tumor_retardationtumor.png,1
984_s5_tumor_retardationtumor.png,1
529_s5_tumor_retardationtumor.png,1
582_s5_tumor_retardationtumor.png,1
269_s5_tumor_retardationtumor.png,1
502_s5_tumor_retardationtumor.png,1
126_s5_tumor_retardationtumor.png,1
343_s5_tumor_retardationtumor.png,1
687_s5_tumor_retardationtumor.png,1
18_s5_tumor_retardationtumor.png,1
970_s5_tumor_retardationtumor.png,1
1072_s5_tumor_retardationtumor.png,1
1088_s5_tumor_retardationtumor.png,1
692_s5_tumor_retardationtumor.png,1
785_s5_tumor_retardationtumor.png,1
1129_s5_tumor_retardationtumor.png,1
562_s5_tumor_retardationtumor.png,1
1051_s5_tumor_retardationtumor.png,1
936_s5_tumor_retardationtumor.png,1
14_s5_tumor_retardationtumor.png,1
1189_s5_tumor_retardationtumor.png,1
1055_s5_tumor_retardationtumor.png,1
770_s5_tumor_retardationtumor.png,1
172_s5_tumor_retardationtumor.png,1
1107_s5_tumor_retardationtumor.png,1
848_s5_tumor_retardationtumor.png,1
972_s5_tumor_retardationtumor.png,1
466_s5_tumor_retardationtumor.png,1
725_s5_tumor_retardationtumor.png,1
543_s5_tumor_retardationtumor.png,1
492_s5_tumor_retardationtumor.png,1
1176_s5_tumor_retardationtumor.png,1
563_s5_tumor_retardationtumor.png,1
1126_s5_tumor_retardationtumor.png,1
334_s5_tumor_retardationtumor.png,1
447_s5_tumor_retardationtumor.png,1
185_s5_tumor_retardationtumor.png,1
533_s5_tumor_retardationtumor.png,1
367_s5_tumor_retardationtumor.png,1
555_s5_tumor_retardationtumor.png,1
1153_s5_tumor_retardationtumor.png,1
676_s5_tumor_retardationtumor.png,1
1168_s5_tumor_retardationtumor.png,1
148_s5_tumor_retardationtumor.png,1
182_s5_tumor_retardationtumor.png,1
1099_s5_tumor_retardationtumor.png,1
1149_s5_tumor_retardationtumor.png,1
478_s5_tumor_retardationtumor.png,1
73_s5_tumor_retardationtumor.png,1
1166_s5_tumor_retardationtumor.png,1
461_s5_tumor_retardationtumor.png,1
1053_s5_tumor_retardationtumor.png,1
673_s5_tumor_retardationtumor.png,1
844_s5_tumor_retardationtumor.png,1
583_s5_tumor_retardationtumor.png,1
331_s5_tumor_retardationtumor.png,1
59_s5_tumor_retardationtumor.png,1
937_s5_tumor_retardationtumor.png,1
652_s5_tumor_retardationtumor.png,1
206_s5_tumor_retardationtumor.png,1
350_s5_tumor_retardationtumor.png,1
261_s5_tumor_retardationtumor.png,1
971_s5_tumor_retardationtumor.png,1
838_s5_tumor_retardationtumor.png,1
987_s5_tumor_retardationtumor.png,1
558_s5_tumor_retardationtumor.png,1
763_s5_tumor_retardationtumor.png,1
718_s5_tumor_retardationtumor.png,1
1083_s5_tumor_retardationtumor.png,1
264_s5_tumor_retardationtumor.png,1
789_s5_tumor_retardationtumor.png,1
129_s5_tumor_retardationtumor.png,1
15_s5_tumor_retardationtumor.png,1
391_s5_tumor_retardationtumor.png,1
486_s5_tumor_retardationtumor.png,1
786_s5_tumor_retardationtumor.png,1
934_s5_tumor_retardationtumor.png,1
823_s5_tumor_retardationtumor.png,1
1013_s5_tumor_retardationtumor.png,1
641_s5_tumor_retardationtumor.png,1
833_s5_tumor_retardationtumor.png,1
252_s5_tumor_retardationtumor.png,1
1048_s5_tumor_retardationtumor.png,1
1115_s5_tumor_retardationtumor.png,1
939_s5_tumor_retardationtumor.png,1
470_s5_tumor_retardationtumor.png,1
125_s5_tumor_retardationtumor.png,1
869_s5_tumor_retardationtumor.png,1
768_s5_tumor_retardationtumor.png,1
787_s5_tumor_retardationtumor.png,1
135_s5_tumor_retardationtumor.png,1
42_s5_tumor_retardationtumor.png,1
609_s5_tumor_retardationtumor.png,1
943_s5_tumor_retardationtumor.png,1
442_s5_tumor_retardationtumor.png,1
871_s5_tumor_retardationtumor.png,1
750_s5_tumor_retardationtumor.png,1
213_s5_tumor_retardationtumor.png,1
1031_s5_tumor_retardationtumor.png,1
740_s5_tumor_retardationtumor.png,1
814_s5_tumor_retardationtumor.png,1
920_s5_tumor_retardationtumor.png,1
16_s5_tumor_retardationtumor.png,1
1042_s5_tumor_retardationtumor.png,1
702_s5_tumor_retardationtumor.png,1
171_s5_tumor_retardationtumor.png,1
1061_s5_tumor_retardationtumor.png,1
878_s5_tumor_retardationtumor.png,1
186_s5_tumor_retardationtumor.png,1
1044_s5_tumor_retardationtumor.png,1
80_s5_tumor_retardationtumor.png,1
311_s5_tumor_retardationtumor.png,1
906_s5_tumor_retardationtumor.png,1
547_s5_tumor_retardationtumor.png,1
1188_s5_tumor_retardationtumor.png,1
78_s5_tumor_retardationtumor.png,1
961_s5_tumor_retardationtumor.png,1
512_s5_tumor_retardationtumor.png,1
369_s5_tumor_retardationtumor.png,1
569_s5_tumor_retardationtumor.png,1
677_s5_tumor_retardationtumor.png,1
816_s5_tumor_retardationtumor.png,1
754_s5_tumor_retardationtumor.png,1
84_s5_tumor_retardationtumor.png,1
420_s5_tumor_retardationtumor.png,1
706_s5_tumor_retardationtumor.png,1
720_s5_tumor_retardationtumor.png,1
455_s5_tumor_retardationtumor.png,1
1157_s5_tumor_retardationtumor.png,1
308_s5_tumor_retardationtumor.png,1
1159_s5_tumor_retardationtumor.png,1
625_s5_tumor_retardationtumor.png,1
403_s5_tumor_retardationtumor.png,1
522_s5_tumor_retardationtumor.png,1
412_s5_tumor_retardationtumor.png,1
803_s5_tumor_retardationtumor.png,1
586_s5_tumor_retardationtumor.png,1
988_s5_tumor_retardationtumor.png,1
553_s5_tumor_retardationtumor.png,1
157_s5_tumor_retardationtumor.png,1
699_s5_tumor_retardationtumor.png,1
602_s5_tumor_retardationtumor.png,1
681_s5_tumor_retardationtumor.png,1
357_s5_tumor_retardationtumor.png,1
89_s5_tumor_retardationtumor.png,1
219_s5_tumor_retardationtumor.png,1
141_s5_tumor_retardationtumor.png,1
409_s5_tumor_retardationtumor.png,1
927_s5_tumor_retardationtumor.png,1
807_s5_tumor_retardationtumor.png,1
1012_s5_tumor_retardationtumor.png,1
914_s5_tumor_retardationtumor.png,1
1178_s5_tumor_retardationtumor.png,1
985_s5_tumor_retardationtumor.png,1
593_s5_tumor_retardationtumor.png,1
232_s5_tumor_retardationtumor.png,1
61_s5_tumor_retardationtumor.png,1
1170_s5_tumor_retardationtumor.png,1
273_s5_tumor_retardationtumor.png,1
757_s5_tumor_retardationtumor.png,1
890_s5_tumor_retardationtumor.png,1
717_s5_tumor_retardationtumor.png,1
825_s5_tumor_retardationtumor.png,1
1173_s5_tumor_retardationtumor.png,1
494_s5_tumor_retardationtumor.png,1
921_s5_tumor_retardationtumor.png,1
179_s5_tumor_retardationtumor.png,1
187_s5_tumor_retardationtumor.png,1
741_s5_tumor_retardationtumor.png,1
745_s5_tumor_retardationtumor.png,1
475_s5_tumor_retardationtumor.png,1
36_s5_tumor_retardationtumor.png,1
506_s5_tumor_retardationtumor.png,1
630_s5_tumor_retardationtumor.png,1
903_s5_tumor_retardationtumor.png,1
399_s5_tumor_retardationtumor.png,1
580_s5_tumor_retardationtumor.png,1
422_s5_tumor_retardationtumor.png,1
122_s5_tumor_retardationtumor.png,1
665_s5_tumor_retardationtumor.png,1
198_s5_tumor_retardationtumor.png,1
548_s5_tumor_retardationtumor.png,1
05_s5_tumor_retardationtumor.png,1
274_s5_tumor_retardationtumor.png,1
1119_s5_tumor_retardationtumor.png,1
1063_s5_tumor_retardationtumor.png,1
1091_s5_tumor_retardationtumor.png,1
935_s5_tumor_retardationtumor.png,1
880_s5_tumor_retardationtumor.png,1
877_s5_tumor_retardationtumor.png,1
373_s5_tumor_retardationtumor.png,1
559_s5_tumor_retardationtumor.png,1
1032_s5_tumor_retardationtumor.png,1
1171_s5_tumor_retardationtumor.png,1
1010_s5_tumor_retardationtumor.png,1
953_s5_tumor_retardationtumor.png,1
454_s5_tumor_retardationtumor.png,1
709_s5_tumor_retardationtumor.png,1
608_s5_tumor_retardationtumor.png,1
946_s5_tumor_retardationtumor.png,1
1067_s5_tumor_retardationtumor.png,1
65_s5_tumor_retardationtumor.png,1
951_s5_tumor_retardationtumor.png,1
372_s5_tumor_retardationtumor.png,1
487_s5_tumor_retardationtumor.png,1
1186_s5_tumor_retardationtumor.png,1
127_s5_tumor_retardationtumor.png,1
509_s5_tumor_retardationtumor.png,1
552_s5_tumor_retardationtumor.png,1
496_s5_tumor_retardationtumor.png,1
414_s5_tumor_retardationtumor.png,1
1105_s5_tumor_retardationtumor.png,1
107_s5_tumor_retardationtumor.png,1
982_s5_tumor_retardationtumor.png,1
560_s5_tumor_retardationtumor.png,1
956_s5_tumor_retardationtumor.png,1
404_s5_tumor_retardationtumor.png,1
818_s5_tumor_retardationtumor.png,1
587_s5_tumor_retardationtumor.png,1
910_s5_tumor_retardationtumor.png,1
650_s5_tumor_retardationtumor.png,1
07_s5_tumor_retardationtumor.png,1
922_s5_tumor_retardationtumor.png,1
928_s5_tumor_retardationtumor.png,1
12_s5_tumor_retardationtumor.png,1
283_s5_tumor_retardationtumor.png,1
1038_s5_tumor_retardationtumor.png,1
693_s5_tumor_retardationtumor.png,1
195_s5_tumor_retardationtumor.png,1
817_s5_tumor_retardationtumor.png,1
916_s5_tumor_retardationtumor.png,1
1075_s5_tumor_retardationtumor.png,1
564_s5_tumor_retardationtumor.png,1
1187_s5_tumor_retardationtumor.png,1
626_s5_tumor_retardationtumor.png,1
495_s5_tumor_retardationtumor.png,1
1023_s5_tumor_retardationtumor.png,1
1093_s5_tumor_retardationtumor.png,1
594_s5_tumor_retardationtumor.png,1
824_s5_tumor_retardationtumor.png,1
353_s5_tumor_retardationtumor.png,1
1160_s5_tumor_retardationtumor.png,1
851_s5_tumor_retardationtumor.png,1
444_s5_tumor_retardationtumor.png,1
879_s5_tumor_retardationtumor.png,1
778_s5_tumor_retardationtumor.png,1
1026_s5_tumor_retardationtumor.png,1
884_s5_tumor_retardationtumor.png,1
1007_s5_tumor_retardationtumor.png,1
177_s5_tumor_retardationtumor.png,1
286_s5_tumor_retardationtumor.png,1
887_s5_tumor_retardationtumor.png,1
31_s5_tumor_retardationtumor.png,1
902_s5_tumor_retardationtumor.png,1
584_s5_tumor_retardationtumor.png,1
659_s5_tumor_retardationtumor.png,1
35_s5_tumor_retardationtumor.png,1
545_s5_tumor_retardationtumor.png,1
941_s5_tumor_retardationtumor.png,1
846_s5_tumor_retardationtumor.png,1
721_s5_tumor_retardationtumor.png,1
561_s5_tumor_retardationtumor.png,1
891_s5_tumor_retardationtumor.png,1
242_s5_tumor_retardationtumor.png,1
426_s5_tumor_retardationtumor.png,1
1069_s5_tumor_retardationtumor.png,1
76_s5_tumor_retardationtumor.png,1
214_s5_tumor_retardationtumor.png,1
316_s5_tumor_retardationtumor.png,1
50_s5_tumor_retardationtumor.png,1
726_s5_tumor_retardationtumor.png,1
753_s5_tumor_retardationtumor.png,1
821_s5_tumor_retardationtumor.png,1
513_s5_tumor_retardationtumor.png,1
796_s5_tumor_retardationtumor.png,1
163_s5_tumor_retardationtumor.png,1
406_s5_tumor_retardationtumor.png,1
1132_s5_tumor_retardationtumor.png,1
605_s5_tumor_retardationtumor.png,1
872_s5_tumor_retardationtumor.png,1
325_s5_tumor_retardationtumor.png,1
154_s5_tumor_retardationtumor.png,1
165_s5_tumor_retardationtumor.png,1
1151_s5_tumor_retardationtumor.png,1
209_s5_tumor_retardationtumor.png,1
1078_s5_tumor_retardationtumor.png,1
892_s5_tumor_retardationtumor.png,1
636_s5_tumor_retardationtumor.png,1
60_s5_tumor_retardationtumor.png,1
118_s5_tumor_retardationtumor.png,1
1027_s5_tumor_retardationtumor.png,1
1190_s5_tumor_retardationtumor.png,1
883_s5_tumor_retardationtumor.png,1
1060_s5_tumor_retardationtumor.png,1
831_s5_tumor_retardationtumor.png,1
628_s5_tumor_retardationtumor.png,1
634_s5_tumor_retardationtumor.png,1
777_s5_tumor_retardationtumor.png,1
156_s5_tumor_retardationtumor.png,1
596_s5_tumor_retardationtumor.png,1
82_s5_tumor_retardationtumor.png,1
863_s5_tumor_retardationtumor.png,1
298_s5_tumor_retardationtumor.png,1
530_s5_tumor_retardationtumor.png,1
986_s5_tumor_retardationtumor.png,1
867_s5_tumor_retardationtumor.png,1
258_s5_tumor_retardationtumor.png,1
481_s5_tumor_retardationtumor.png,1
22_s5_tumor_retardationtumor.png,1
793_s5_tumor_retardationtumor.png,1
469_s5_tumor_retardationtumor.png,1
477_s5_tumor_retardationtumor.png,1
905_s5_tumor_retardationtumor.png,1
322_s5_tumor_retardationtumor.png,1
782_s5_tumor_retardationtumor.png,1
497_s5_tumor_retardationtumor.png,1
205_s5_tumor_retardationtumor.png,1
669_s5_tumor_retardationtumor.png,1
994_s5_tumor_retardationtumor.png,1
276_s5_tumor_retardationtumor.png,1
527_s5_tumor_retardationtumor.png,1
393_s5_tumor_retardationtumor.png,1
216_s5_tumor_retardationtumor.png,1
248_s5_tumor_retardationtumor.png,1
644_s5_tumor_retardationtumor.png,1
348_s5_tumor_retardationtumor.png,1
932_s5_tumor_retardationtumor.png,1
100_s5_tumor_retardationtumor.png,1
304_s5_tumor_retardationtumor.png,1
577_s5_tumor_retardationtumor.png,1
145_s5_tumor_retardationtumor.png,1
236_s5_tumor_retardationtumor.png,1
71_s5_tumor_retardationtumor.png,1
915_s5_tumor_retardationtumor.png,1
199_s5_tumor_retardationtumor.png,1
150_s5_tumor_retardationtumor.png,1
448_s5_tumor_retardationtumor.png,1
30_s5_tumor_retardationtumor.png,1
54_s5_tumor_retardationtumor.png,1
93_s5_tumor_retardationtumor.png,1
254_s5_tumor_retardationtumor.png,1
832_s5_tumor_retardationtumor.png,1
430_s5_tumor_retardationtumor.png,1
664_s5_tumor_retardationtumor.png,1
364_s5_tumor_retardationtumor.png,1
1018_s5_tumor_retardationtumor.png,1
230_s5_tumor_retardationtumor.png,1
450_s5_tumor_retardationtumor.png,1
554_s5_tumor_retardationtumor.png,1
320_s5_tumor_retardationtumor.png,1
109_s5_tumor_retardationtumor.png,1
604_s5_tumor_retardationtumor.png,1
715_s5_tumor_retardationtumor.png,1
212_s5_tumor_retardationtumor.png,1
1087_s5_tumor_retardationtumor.png,1
184_s5_tumor_retardationtumor.png,1
886_s5_tumor_retardationtumor.png,1
1047_s5_tumor_retardationtumor.png,1
722_s5_tumor_retardationtumor.png,1
1123_s5_tumor_retardationtumor.png,1
776_s5_tumor_retardationtumor.png,1
95_s5_tumor_retardationtumor.png,1
47_s5_tumor_retardationtumor.png,1
180_s5_tumor_retardationtumor.png,1
576_s5_tumor_retardationtumor.png,1
166_s5_tumor_retardationtumor.png,1
1184_s5_tumor_retardationtumor.png,1
428_s5_tumor_retardationtumor.png,1
1120_s5_tumor_retardationtumor.png,1
62_s5_tumor_retardationtumor.png,1
317_s5_tumor_retardationtumor.png,1
598_s5_tumor_retardationtumor.png,1
749_s5_tumor_retardationtumor.png,1
458_s5_tumor_retardationtumor.png,1
739_s5_tumor_retardationtumor.png,1
1080_s5_tumor_retardationtumor.png,1
897_s5_tumor_retardationtumor.png,1
611_s5_tumor_retardationtumor.png,1
307_s5_tumor_retardationtumor.png,1
345_s5_tumor_retardationtumor.png,1
523_s5_tumor_retardationtumor.png,1
997_s5_tumor_retardationtumor.png,1
977_s5_tumor_retardationtumor.png,1
425_s5_tumor_retardationtumor.png,1
690_s5_tumor_retardationtumor.png,1
774_s5_tumor_retardationtumor.png,1
142_s5_tumor_retardationtumor.png,1
1106_s5_tumor_retardationtumor.png,1
473_s5_tumor_retardationtumor.png,1
1049_s5_tumor_retardationtumor.png,1
37_s5_tumor_retardationtumor.png,1
1011_s5_tumor_retardationtumor.png,1
365_s5_tumor_retardationtumor.png,1
794_s5_tumor_retardationtumor.png,1
614_s5_tumor_retardationtumor.png,1
159_s5_tumor_retardationtumor.png,1
926_s5_tumor_retardationtumor.png,1
1110_s5_tumor_retardationtumor.png,1
616_s5_tumor_retardationtumor.png,1
246_s5_tumor_retardationtumor.png,1
578_s5_tumor_retardationtumor.png,1
69_s5_tumor_retardationtumor.png,1
992_s5_tumor_retardationtumor.png,1
1029_s5_tumor_retardationtumor.png,1
398_s5_tumor_retardationtumor.png,1
1156_s5_tumor_retardationtumor.png,1
1006_s5_tumor_retardationtumor.png,1
1124_s5_tumor_retardationtumor.png,1
231_s5_tumor_retardationtumor.png,1
52_s5_tumor_retardationtumor.png,1
875_s5_tumor_retardationtumor.png,1
769_s5_tumor_retardationtumor.png,1
1114_s5_tumor_retardationtumor.png,1
293_s5_tumor_retardationtumor.png,1
696_s5_tumor_retardationtumor.png,1
68_s5_tumor_retardationtumor.png,1
923_s5_tumor_retardationtumor.png,1
784_s5_tumor_retardationtumor.png,1
43_s5_tumor_retardationtumor.png,1
864_s5_tumor_retardationtumor.png,1
435_s5_tumor_retardationtumor.png,1
491_s5_tumor_retardationtumor.png,1
830_s5_tumor_retardationtumor.png,1
354_s5_tumor_retardationtumor.png,1
839_s5_tumor_retardationtumor.png,1
804_s5_tumor_retardationtumor.png,1
640_s5_tumor_retardationtumor.png,1
371_s5_tumor_retardationtumor.png,1
732_s5_tumor_retardationtumor.png,1
544_s5_tumor_retardationtumor.png,1
964_s5_tumor_retardationtumor.png,1
1086_s5_tumor_retardationtumor.png,1
101_s5_tumor_retardationtumor.png,1
765_s5_tumor_retardationtumor.png,1
436_s5_tumor_retardationtumor.png,1
670_s5_tumor_retardationtumor.png,1
675_s5_tumor_retardationtumor.png,1
1034_s5_tumor_retardationtumor.png,1
318_s5_tumor_retardationtumor.png,1
277_s5_tumor_retardationtumor.png,1
19_s5_tumor_retardationtumor.png,1
144_s5_tumor_retardationtumor.png,1
790_s5_tumor_retardationtumor.png,1
924_s5_tumor_retardationtumor.png,1
572_s5_tumor_retardationtumor.png,1
282_s5_tumor_retardationtumor.png,1
645_s5_tumor_retardationtumor.png,1
116_s5_tumor_retardationtumor.png,1
463_s5_tumor_retardationtumor.png,1
281_s5_tumor_retardationtumor.png,1
394_s5_tumor_retardationtumor.png,1
299_s5_tumor_retardationtumor.png,1
96_s5_tumor_retardationtumor.png,1
1109_s5_tumor_retardationtumor.png,1
1021_s5_tumor_retardationtumor.png,1
488_s5_tumor_retardationtumor.png,1
123_s5_tumor_retardationtumor.png,1
771_s5_tumor_retardationtumor.png,1
819_s5_tumor_retardationtumor.png,1
913_s5_tumor_retardationtumor.png,1
1135_s5_tumor_retardationtumor.png,1
798_s5_tumor_retardationtumor.png,1
660_s5_tumor_retardationtumor.png,1
94_s5_tumor_retardationtumor.png,1
33_s5_tumor_retardationtumor.png,1
385_s5_tumor_retardationtumor.png,1
859_s5_tumor_retardationtumor.png,1
239_s5_tumor_retardationtumor.png,1
1005_s5_tumor_retardationtumor.png,1
217_s5_tumor_retardationtumor.png,1
359_s5_tumor_retardationtumor.png,1
389_s5_tumor_retardationtumor.png,1
499_s5_tumor_retardationtumor.png,1
1009_s5_tumor_retardationtumor.png,1
963_s5_tumor_retardationtumor.png,1
521_s5_tumor_retardationtumor.png,1
733_s5_tumor_retardationtumor.png,1
189_s5_tumor_retardationtumor.png,1
197_s5_tumor_retardationtumor.png,1
629_s5_tumor_retardationtumor.png,1
440_s5_tumor_retardationtumor.png,1
751_s5_tumor_retardationtumor.png,1
349_s5_tumor_retardationtumor.png,1
633_s5_tumor_retardationtumor.png,1
535_s5_tumor_retardationtumor.png,1
224_s5_tumor_retardationtumor.png,1
595_s5_tumor_retardationtumor.png,1
131_s5_tumor_retardationtumor.png,1
610_s5_tumor_retardationtumor.png,1
151_s5_tumor_retardationtumor.png,1
698_s5_tumor_retardationtumor.png,1
624_s5_tumor_retardationtumor.png,1
881_s5_tumor_retardationtumor.png,1
377_s5_tumor_retardationtumor.png,1
1167_s5_tumor_retardationtumor.png,1
260_s5_tumor_retardationtumor.png,1
328_s5_tumor_retardationtumor.png,1
758_s5_tumor_retardationtumor.png,1
567_s5_tumor_retardationtumor.png,1
178_s5_tumor_retardationtumor.png,1
642_s5_tumor_retardationtumor.png,1
347_s5_tumor_retardationtumor.png,1
993_s5_tumor_retardationtumor.png,1
193_s5_tumor_retardationtumor.png,1
23_s5_tumor_retardationtumor.png,1
697_s5_tumor_retardationtumor.png,1
538_s5_tumor_retardationtumor.png,1
75_s5_tumor_retardationtumor.png,1
861_s5_tumor_retardationtumor.png,1
655_s5_tumor_retardationtumor.png,1
1090_s5_tumor_retardationtumor.png,1
1122_s5_tumor_retardationtumor.png,1
712_s5_tumor_retardationtumor.png,1
759_s5_tumor_retardationtumor.png,1
340_s5_tumor_retardationtumor.png,1
48_s5_tumor_retardationtumor.png,1
1113_s5_tumor_retardationtumor.png,1
1169_s5_tumor_retardationtumor.png,1
615_s5_tumor_retardationtumor.png,1
462_s5_tumor_retardationtumor.png,1
77_s5_tumor_retardationtumor.png,1
295_s5_tumor_retardationtumor.png,1
746_s5_tumor_retardationtumor.png,1
979_s5_tumor_retardationtumor.png,1
66_s5_tumor_retardationtumor.png,1
747_s5_tumor_retardationtumor.png,1
1136_s5_tumor_retardationtumor.png,1
117_s5_tumor_retardationtumor.png,1
772_s5_tumor_retardationtumor.png,1
338_s5_tumor_retardationtumor.png,1
380_s5_tumor_retardationtumor.png,1
1045_s5_tumor_retardationtumor.png,1
421_s5_tumor_retardationtumor.png,1
1196_s5_tumor_retardationtumor.png,1
360_s5_tumor_retardationtumor.png,1
459_s5_tumor_retardationtumor.png,1
114_s5_tumor_retardationtumor.png,1
1158_s5_tumor_retardationtumor.png,1
895_s5_tumor_retardationtumor.png,1
1008_s5_tumor_retardationtumor.png,1
532_s5_tumor_retardationtumor.png,1
835_s5_tumor_retardationtumor.png,1
27_s5_tumor_retardationtumor.png,1
802_s5_tumor_retardationtumor.png,1
866_s5_tumor_retardationtumor.png,1
647_s5_tumor_retardationtumor.png,1
218_s5_tumor_retardationtumor.png,1
20_s5_tumor_retardationtumor.png,1
526_s5_tumor_retardationtumor.png,1
876_s5_tumor_retardationtumor.png,1
635_s5_tumor_retardationtumor.png,1
161_s5_tumor_retardationtumor.png,1
284_s5_tumor_retardationtumor.png,1
701_s5_tumor_retardationtumor.png,1
49_s5_tumor_retardationtumor.png,1
1076_s5_tumor_retardationtumor.png,1
685_s5_tumor_retardationtumor.png,1
820_s5_tumor_retardationtumor.png,1
268_s5_tumor_retardationtumor.png,1
638_s5_tumor_retardationtumor.png,1
511_s5_tumor_retardationtumor.png,1
351_s5_tumor_retardationtumor.png,1
1146_s5_tumor_retardationtumor.png,1
407_s5_tumor_retardationtumor.png,1
570_s5_tumor_retardationtumor.png,1
1191_s5_tumor_retardationtumor.png,1
233_s5_tumor_retardationtumor.png,1
102_s5_tumor_retardationtumor.png,1
1059_s5_tumor_retardationtumor.png,1
948_s5_tumor_retardationtumor.png,1
38_s5_tumor_retardationtumor.png,1
92_s5_tumor_retardationtumor.png,1
479_s5_tumor_retardationtumor.png,1
1139_s5_tumor_retardationtumor.png,1
801_s5_tumor_retardationtumor.png,1
1140_s5_tumor_retardationtumor.png,1
162_s5_tumor_retardationtumor.png,1
834_s5_tumor_retardationtumor.png,1
775_s5_tumor_retardationtumor.png,1
898_s5_tumor_retardationtumor.png,1
829_s5_tumor_retardationtumor.png,1
105_s5_tumor_retardationtumor.png,1
662_s5_tumor_retardationtumor.png,1
592_s5_tumor_retardationtumor.png,1
113_s5_tumor_retardationtumor.png,1
716_s5_tumor_retardationtumor.png,1
588_s5_tumor_retardationtumor.png,1
622_s5_tumor_retardationtumor.png,1
384_s5_tumor_retardationtumor.png,1
1147_s5_tumor_retardationtumor.png,1
484_s5_tumor_retardationtumor.png,1
1081_s5_tumor_retardationtumor.png,1
01_s5_tumor_retardationtumor.png,1
813_s5_tumor_retardationtumor.png,1
1118_s5_tumor_retardationtumor.png,1
243_s5_tumor_retardationtumor.png,1
310_s5_tumor_retardationtumor.png,1
381_s5_tumor_retardationtumor.png,1
663_s5_tumor_retardationtumor.png,1
451_s5_tumor_retardationtumor.png,1
400_s5_tumor_retardationtumor.png,1
870_s5_tumor_retardationtumor.png,1
44_s5_tumor_retardationtumor.png,1
215_s5_tumor_retardationtumor.png,1
1035_s5_tumor_retardationtumor.png,1
919_s5_tumor_retardationtumor.png,1
245_s5_tumor_retardationtumor.png,1
827_s5_tumor_retardationtumor.png,1
498_s5_tumor_retardationtumor.png,1
1015_s5_tumor_retardationtumor.png,1
841_s5_tumor_retardationtumor.png,1
674_s5_tumor_retardationtumor.png,1
72_s5_tumor_retardationtumor.png,1
306_s5_tumor_retardationtumor.png,1
396_s5_tumor_retardationtumor.png,1
976_s5_tumor_retardationtumor.png,1
812_s5_tumor_retardationtumor.png,1
643_s5_tumor_retardationtumor.png,1
1154_s5_tumor_retardationtumor.png,1
443_s5_tumor_retardationtumor.png,1
1001_s5_tumor_retardationtumor.png,1
1041_s5_tumor_retardationtumor.png,1
1133_s5_tumor_retardationtumor.png,1
788_s5_tumor_retardationtumor.png,1
514_s5_tumor_retardationtumor.png,1
889_s5_tumor_retardationtumor.png,1
811_s5_tumor_retardationtumor.png,1
657_s5_tumor_retardationtumor.png,1
91_s5_tumor_retardationtumor.png,1
842_s5_tumor_retardationtumor.png,1
25_s5_tumor_retardationtumor.png,1
1065_s5_tumor_retardationtumor.png,1
272_s5_tumor_retardationtumor.png,1
64_s5_tumor_retardationtumor.png,1
649_s5_tumor_retardationtumor.png,1
1108_s5_tumor_retardationtumor.png,1
278_s5_tumor_retardationtumor.png,1
743_s5_tumor_retardationtumor.png,1
541_s5_tumor_retardationtumor.png,1
352_s5_tumor_retardationtumor.png,1
619_s5_tumor_retardationtumor.png,1
1082_s5_tumor_retardationtumor.png,1
900_s5_tumor_retardationtumor.png,1
781_s5_tumor_retardationtumor.png,1
270_s5_tumor_retardationtumor.png,1
510_s5_tumor_retardationtumor.png,1
518_s5_tumor_retardationtumor.png,1
46_s5_tumor_retardationtumor.png,1
1127_s5_tumor_retardationtumor.png,1
1002_s5_tumor_retardationtumor.png,1
132_s5_tumor_retardationtumor.png,1
376_s5_tumor_retardationtumor.png,1
950_s5_tumor_retardationtumor.png,1
336_s5_tumor_retardationtumor.png,1
259_s5_tumor_retardationtumor.png,1
933_s5_tumor_retardationtumor.png,1
256_s5_tumor_retardationtumor.png,1
504_s5_tumor_retardationtumor.png,1
374_s5_tumor_retardationtumor.png,1
111_s5_tumor_retardationtumor.png,1
330_s5_tumor_retardationtumor.png,1
799_s5_tumor_retardationtumor.png,1
632_s5_tumor_retardationtumor.png,1
974_s5_tumor_retardationtumor.png,1
313_s5_tumor_retardationtumor.png,1
990_s5_tumor_retardationtumor.png,1
220_s5_tumor_retardationtumor.png,1
431_s5_tumor_retardationtumor.png,1
854_s5_tumor_retardationtumor.png,1
257_s5_tumor_retardationtumor.png,1
382_s5_tumor_retardationtumor.png,1
341_s5_tumor_retardationtumor.png,1
865_s5_tumor_retardationtumor.png,1
98_s5_tumor_retardationtumor.png,1
815_s5_tumor_retardationtumor.png,1
917_s5_tumor_retardationtumor.png,1
907_s5_tumor_retardationtumor.png,1
253_s5_tumor_retardationtumor.png,1
240_s5_tumor_retardationtumor.png,1
853_s5_tumor_retardationtumor.png,1
1131_s5_tumor_retardationtumor.png,1
300_s5_tumor_retardationtumor.png,1
342_s5_tumor_retardationtumor.png,1
112_s5_tumor_retardationtumor.png,1
474_s5_tumor_retardationtumor.png,1
1098_s5_tumor_retardationtumor.png,1
452_s5_tumor_retardationtumor.png,1
339_s5_tumor_retardationtumor.png,1
134_s5_tumor_retardationtumor.png,1
989_s5_tumor_retardationtumor.png,1
485_s5_tumor_retardationtumor.png,1
1148_s5_tumor_retardationtumor.png,1
744_s5_tumor_retardationtumor.png,1
1175_s5_tumor_retardationtumor.png,1
1054_s5_tumor_retardationtumor.png,1
1165_s5_tumor_retardationtumor.png,1
565_s5_tumor_retardationtumor.png,1
120_s5_tumor_retardationtumor.png,1
460_s5_tumor_retardationtumor.png,1
287_s5_tumor_retardationtumor.png,1
1073_s5_tumor_retardationtumor.png,1
489_s5_tumor_retardationtumor.png,1
04_s5_tumor_retardationtumor.png,1
227_s5_tumor_retardationtumor.png,1
368_s5_tumor_retardationtumor.png,1
651_s5_tumor_retardationtumor.png,1
845_s5_tumor_retardationtumor.png,1
742_s5_tumor_retardationtumor.png,1
797_s5_tumor_retardationtumor.png,1
208_s5_tumor_retardationtumor.png,1
1128_s5_tumor_retardationtumor.png,1
1164_s5_tumor_retardationtumor.png,1
507_s5_tumor_retardationtumor.png,1
918_s5_tumor_retardationtumor.png,1
1141_s5_tumor_retardationtumor.png,1
1152_s5_tumor_retardationtumor.png,1
983_s5_tumor_retardationtumor.png,1
280_s5_tumor_retardationtumor.png,1
1198_s5_tumor_retardationtumor.png,1
427_s5_tumor_retardationtumor.png,1
244_s5_normal_retardationnormal.png,0
183_s5_normal_retardationnormal.png,0
375_s5_normal_retardationnormal.png,0
1082_s5_normal_retardationnormal.png,0
842_s5_normal_retardationnormal.png,0
273_s5_normal_retardationnormal.png,0
544_s5_normal_retardationnormal.png,0
1046_s5_normal_retardationnormal.png,0
840_s5_normal_retardationnormal.png,0
906_s5_normal_retardationnormal.png,0
258_s5_normal_retardationnormal.png,0
584_s5_normal_retardationnormal.png,0
76_s5_normal_retardationnormal.png,0
96_s5_normal_retardationnormal.png,0
611_s5_normal_retardationnormal.png,0
618_s5_normal_retardationnormal.png,0
359_s5_normal_retardationnormal.png,0
881_s5_normal_retardationnormal.png,0
761_s5_normal_retardationnormal.png,0
31_s5_normal_retardationnormal.png,0
683_s5_normal_retardationnormal.png,0
765_s5_normal_retardationnormal.png,0
581_s5_normal_retardationnormal.png,0
1094_s5_normal_retardationnormal.png,0
432_s5_normal_retardationnormal.png,0
512_s5_normal_retardationnormal.png,0
36_s5_normal_retardationnormal.png,0
995_s5_normal_retardationnormal.png,0
79_s5_normal_retardationnormal.png,0
471_s5_normal_retardationnormal.png,0
245_s5_normal_retardationnormal.png,0
371_s5_normal_retardationnormal.png,0
954_s5_normal_retardationnormal.png,0
623_s5_normal_retardationnormal.png,0
865_s5_normal_retardationnormal.png,0
984_s5_normal_retardationnormal.png,0
999_s5_normal_retardationnormal.png,0
986_s5_normal_retardationnormal.png,0
833_s5_normal_retardationnormal.png,0
387_s5_normal_retardationnormal.png,0
1068_s5_normal_retardationnormal.png,0
395_s5_normal_retardationnormal.png,0
329_s5_normal_retardationnormal.png,0
772_s5_normal_retardationnormal.png,0
65_s5_normal_retardationnormal.png,0
693_s5_normal_retardationnormal.png,0
250_s5_normal_retardationnormal.png,0
1095_s5_normal_retardationnormal.png,0
886_s5_normal_retardationnormal.png,0
448_s5_normal_retardationnormal.png,0
553_s5_normal_retardationnormal.png,0
147_s5_normal_retardationnormal.png,0
550_s5_normal_retardationnormal.png,0
119_s5_normal_retardationnormal.png,0
687_s5_normal_retardationnormal.png,0
616_s5_normal_retardationnormal.png,0
16_s5_normal_retardationnormal.png,0
580_s5_normal_retardationnormal.png,0
945_s5_normal_retardationnormal.png,0
880_s5_normal_retardationnormal.png,0
327_s5_normal_retardationnormal.png,0
496_s5_normal_retardationnormal.png,0
674_s5_normal_retardationnormal.png,0
570_s5_normal_retardationnormal.png,0
596_s5_normal_retardationnormal.png,0
1180_s5_normal_retardationnormal.png,0
1145_s5_normal_retardationnormal.png,0
389_s5_normal_retardationnormal.png,0
535_s5_normal_retardationnormal.png,0
202_s5_normal_retardationnormal.png,0
456_s5_normal_retardationnormal.png,0
982_s5_normal_retardationnormal.png,0
463_s5_normal_retardationnormal.png,0
826_s5_normal_retardationnormal.png,0
282_s5_normal_retardationnormal.png,0
889_s5_normal_retardationnormal.png,0
531_s5_normal_retardationnormal.png,0
1117_s5_normal_retardationnormal.png,0
667_s5_normal_retardationnormal.png,0
1193_s5_normal_retardationnormal.png,0
546_s5_normal_retardationnormal.png,0
438_s5_normal_retardationnormal.png,0
780_s5_normal_retardationnormal.png,0
884_s5_normal_retardationnormal.png,0
868_s5_normal_retardationnormal.png,0
620_s5_normal_retardationnormal.png,0
579_s5_normal_retardationnormal.png,0
139_s5_normal_retardationnormal.png,0
11_s5_normal_retardationnormal.png,0
291_s5_normal_retardationnormal.png,0
360_s5_normal_retardationnormal.png,0
773_s5_normal_retardationnormal.png,0
537_s5_normal_retardationnormal.png,0
223_s5_normal_retardationnormal.png,0
1172_s5_normal_retardationnormal.png,0
808_s5_normal_retardationnormal.png,0
93_s5_normal_retardationnormal.png,0
124_s5_normal_retardationnormal.png,0
1148_s5_normal_retardationnormal.png,0
749_s5_normal_retardationnormal.png,0
848_s5_normal_retardationnormal.png,0
867_s5_normal_retardationnormal.png,0
248_s5_normal_retardationnormal.png,0
1087_s5_normal_retardationnormal.png,0
397_s5_normal_retardationnormal.png,0
508_s5_normal_retardationnormal.png,0
1050_s5_normal_retardationnormal.png,0
200_s5_normal_retardationnormal.png,0
1025_s5_normal_retardationnormal.png,0
216_s5_normal_retardationnormal.png,0
511_s5_normal_retardationnormal.png,0
428_s5_normal_retardationnormal.png,0
1020_s5_normal_retardationnormal.png,0
363_s5_normal_retardationnormal.png,0
217_s5_normal_retardationnormal.png,0
246_s5_normal_retardationnormal.png,0
972_s5_normal_retardationnormal.png,0
601_s5_normal_retardationnormal.png,0
1056_s5_normal_retardationnormal.png,0
1098_s5_normal_retardationnormal.png,0
102_s5_normal_retardationnormal.png,0
685_s5_normal_retardationnormal.png,0
1074_s5_normal_retardationnormal.png,0
1162_s5_normal_retardationnormal.png,0
468_s5_normal_retardationnormal.png,0
903_s5_normal_retardationnormal.png,0
1176_s5_normal_retardationnormal.png,0
337_s5_normal_retardationnormal.png,0
283_s5_normal_retardationnormal.png,0
421_s5_normal_retardationnormal.png,0
975_s5_normal_retardationnormal.png,0
107_s5_normal_retardationnormal.png,0
70_s5_normal_retardationnormal.png,0
1047_s5_normal_retardationnormal.png,0
199_s5_normal_retardationnormal.png,0
951_s5_normal_retardationnormal.png,0
377_s5_normal_retardationnormal.png,0
344_s5_normal_retardationnormal.png,0
409_s5_normal_retardationnormal.png,0
321_s5_normal_retardationnormal.png,0
152_s5_normal_retardationnormal.png,0
487_s5_normal_retardationnormal.png,0
203_s5_normal_retardationnormal.png,0
698_s5_normal_retardationnormal.png,0
690_s5_normal_retardationnormal.png,0
824_s5_normal_retardationnormal.png,0
905_s5_normal_retardationnormal.png,0
769_s5_normal_retardationnormal.png,0
979_s5_normal_retardationnormal.png,0
665_s5_normal_retardationnormal.png,0
56_s5_normal_retardationnormal.png,0
85_s5_normal_retardationnormal.png,0
504_s5_normal_retardationnormal.png,0
1014_s5_normal_retardationnormal.png,0
325_s5_normal_retardationnormal.png,0
529_s5_normal_retardationnormal.png,0
649_s5_normal_retardationnormal.png,0
552_s5_normal_retardationnormal.png,0
137_s5_normal_retardationnormal.png,0
932_s5_normal_retardationnormal.png,0
545_s5_normal_retardationnormal.png,0
849_s5_normal_retardationnormal.png,0
154_s5_normal_retardationnormal.png,0
582_s5_normal_retardationnormal.png,0
379_s5_normal_retardationnormal.png,0
03_s5_normal_retardationnormal.png,0
762_s5_normal_retardationnormal.png,0
807_s5_normal_retardationnormal.png,0
1126_s5_normal_retardationnormal.png,0
1037_s5_normal_retardationnormal.png,0
647_s5_normal_retardationnormal.png,0
873_s5_normal_retardationnormal.png,0
198_s5_normal_retardationnormal.png,0
385_s5_normal_retardationnormal.png,0
247_s5_normal_retardationnormal.png,0
390_s5_normal_retardationnormal.png,0
737_s5_normal_retardationnormal.png,0
1146_s5_normal_retardationnormal.png,0
900_s5_normal_retardationnormal.png,0
58_s5_normal_retardationnormal.png,0
1107_s5_normal_retardationnormal.png,0
462_s5_normal_retardationnormal.png,0
933_s5_normal_retardationnormal.png,0
879_s5_normal_retardationnormal.png,0
1035_s5_normal_retardationnormal.png,0
55_s5_normal_retardationnormal.png,0
286_s5_normal_retardationnormal.png,0
908_s5_normal_retardationnormal.png,0
861_s5_normal_retardationnormal.png,0
184_s5_normal_retardationnormal.png,0
876_s5_normal_retardationnormal.png,0
135_s5_normal_retardationnormal.png,0
61_s5_normal_retardationnormal.png,0
305_s5_normal_retardationnormal.png,0
211_s5_normal_retardationnormal.png,0
231_s5_normal_retardationnormal.png,0
214_s5_normal_retardationnormal.png,0
174_s5_normal_retardationnormal.png,0
34_s5_normal_retardationnormal.png,0
328_s5_normal_retardationnormal.png,0
628_s5_normal_retardationnormal.png,0
309_s5_normal_retardationnormal.png,0
970_s5_normal_retardationnormal.png,0
717_s5_normal_retardationnormal.png,0
671_s5_normal_retardationnormal.png,0
333_s5_normal_retardationnormal.png,0
111_s5_normal_retardationnormal.png,0
236_s5_normal_retardationnormal.png,0
117_s5_normal_retardationnormal.png,0
767_s5_normal_retardationnormal.png,0
108_s5_normal_retardationnormal.png,0
715_s5_normal_retardationnormal.png,0
324_s5_normal_retardationnormal.png,0
118_s5_normal_retardationnormal.png,0
10_s5_normal_retardationnormal.png,0
591_s5_normal_retardationnormal.png,0
475_s5_normal_retardationnormal.png,0
480_s5_normal_retardationnormal.png,0
1083_s5_normal_retardationnormal.png,0
474_s5_normal_retardationnormal.png,0
937_s5_normal_retardationnormal.png,0
43_s5_normal_retardationnormal.png,0
227_s5_normal_retardationnormal.png,0
453_s5_normal_retardationnormal.png,0
521_s5_normal_retardationnormal.png,0
431_s5_normal_retardationnormal.png,0
891_s5_normal_retardationnormal.png,0
643_s5_normal_retardationnormal.png,0
502_s5_normal_retardationnormal.png,0
779_s5_normal_retardationnormal.png,0
1189_s5_normal_retardationnormal.png,0
530_s5_normal_retardationnormal.png,0
646_s5_normal_retardationnormal.png,0
1165_s5_normal_retardationnormal.png,0
27_s5_normal_retardationnormal.png,0
109_s5_normal_retardationnormal.png,0
1010_s5_normal_retardationnormal.png,0
635_s5_normal_retardationnormal.png,0
391_s5_normal_retardationnormal.png,0
755_s5_normal_retardationnormal.png,0
918_s5_normal_retardationnormal.png,0
1034_s5_normal_retardationnormal.png,0
177_s5_normal_retardationnormal.png,0
702_s5_normal_retardationnormal.png,0
114_s5_normal_retardationnormal.png,0
490_s5_normal_retardationnormal.png,0
1085_s5_normal_retardationnormal.png,0
424_s5_normal_retardationnormal.png,0
648_s5_normal_retardationnormal.png,0
185_s5_normal_retardationnormal.png,0
1016_s5_normal_retardationnormal.png,0
30_s5_normal_retardationnormal.png,0
1019_s5_normal_retardationnormal.png,0
452_s5_normal_retardationnormal.png,0
50_s5_normal_retardationnormal.png,0
494_s5_normal_retardationnormal.png,0
1132_s5_normal_retardationnormal.png,0
1043_s5_normal_retardationnormal.png,0
264_s5_normal_retardationnormal.png,0
1041_s5_normal_retardationnormal.png,0
394_s5_normal_retardationnormal.png,0
893_s5_normal_retardationnormal.png,0
303_s5_normal_retardationnormal.png,0
263_s5_normal_retardationnormal.png,0
588_s5_normal_retardationnormal.png,0
1061_s5_normal_retardationnormal.png,0
417_s5_normal_retardationnormal.png,0
677_s5_normal_retardationnormal.png,0
1075_s5_normal_retardationnormal.png,0
832_s5_normal_retardationnormal.png,0
781_s5_normal_retardationnormal.png,0
1065_s5_normal_retardationnormal.png,0
701_s5_normal_retardationnormal.png,0
878_s5_normal_retardationnormal.png,0
673_s5_normal_retardationnormal.png,0
885_s5_normal_retardationnormal.png,0
378_s5_normal_retardationnormal.png,0
94_s5_normal_retardationnormal.png,0
1184_s5_normal_retardationnormal.png,0
205_s5_normal_retardationnormal.png,0
1076_s5_normal_retardationnormal.png,0
342_s5_normal_retardationnormal.png,0
1190_s5_normal_retardationnormal.png,0
805_s5_normal_retardationnormal.png,0
680_s5_normal_retardationnormal.png,0
1170_s5_normal_retardationnormal.png,0
384_s5_normal_retardationnormal.png,0
594_s5_normal_retardationnormal.png,0
374_s5_normal_retardationnormal.png,0
261_s5_normal_retardationnormal.png,0
240_s5_normal_retardationnormal.png,0
943_s5_normal_retardationnormal.png,0
1055_s5_normal_retardationnormal.png,0
426_s5_normal_retardationnormal.png,0
569_s5_normal_retardationnormal.png,0
704_s5_normal_retardationnormal.png,0
477_s5_normal_retardationnormal.png,0
1012_s5_normal_retardationnormal.png,0
99_s5_normal_retardationnormal.png,0
1143_s5_normal_retardationnormal.png,0
219_s5_normal_retardationnormal.png,0
280_s5_normal_retardationnormal.png,0
669_s5_normal_retardationnormal.png,0
1147_s5_normal_retardationnormal.png,0
763_s5_normal_retardationnormal.png,0
338_s5_normal_retardationnormal.png,0
795_s5_normal_retardationnormal.png,0
75_s5_normal_retardationnormal.png,0
353_s5_normal_retardationnormal.png,0
632_s5_normal_retardationnormal.png,0
351_s5_normal_retardationnormal.png,0
1088_s5_normal_retardationnormal.png,0
520_s5_normal_retardationnormal.png,0
380_s5_normal_retardationnormal.png,0
664_s5_normal_retardationnormal.png,0
98_s5_normal_retardationnormal.png,0
443_s5_normal_retardationnormal.png,0
368_s5_normal_retardationnormal.png,0
142_s5_normal_retardationnormal.png,0
1187_s5_normal_retardationnormal.png,0
774_s5_normal_retardationnormal.png,0
513_s5_normal_retardationnormal.png,0
41_s5_normal_retardationnormal.png,0
604_s5_normal_retardationnormal.png,0
650_s5_normal_retardationnormal.png,0
817_s5_normal_retardationnormal.png,0
860_s5_normal_retardationnormal.png,0
1015_s5_normal_retardationnormal.png,0
592_s5_normal_retardationnormal.png,0
969_s5_normal_retardationnormal.png,0
726_s5_normal_retardationnormal.png,0
26_s5_normal_retardationnormal.png,0
176_s5_normal_retardationnormal.png,0
455_s5_normal_retardationnormal.png,0
413_s5_normal_retardationnormal.png,0
405_s5_normal_retardationnormal.png,0
1033_s5_normal_retardationnormal.png,0
164_s5_normal_retardationnormal.png,0
320_s5_normal_retardationnormal.png,0
486_s5_normal_retardationnormal.png,0
02_s5_normal_retardationnormal.png,0
175_s5_normal_retardationnormal.png,0
44_s5_normal_retardationnormal.png,0
612_s5_normal_retardationnormal.png,0
727_s5_normal_retardationnormal.png,0
517_s5_normal_retardationnormal.png,0
128_s5_normal_retardationnormal.png,0
783_s5_normal_retardationnormal.png,0
458_s5_normal_retardationnormal.png,0
123_s5_normal_retardationnormal.png,0
29_s5_normal_retardationnormal.png,0
598_s5_normal_retardationnormal.png,0
1124_s5_normal_retardationnormal.png,0
1081_s5_normal_retardationnormal.png,0
87_s5_normal_retardationnormal.png,0
806_s5_normal_retardationnormal.png,0
548_s5_normal_retardationnormal.png,0
797_s5_normal_retardationnormal.png,0
479_s5_normal_retardationnormal.png,0
651_s5_normal_retardationnormal.png,0
33_s5_normal_retardationnormal.png,0
23_s5_normal_retardationnormal.png,0
709_s5_normal_retardationnormal.png,0
516_s5_normal_retardationnormal.png,0
921_s5_normal_retardationnormal.png,0
1136_s5_normal_retardationnormal.png,0
1080_s5_normal_retardationnormal.png,0
366_s5_normal_retardationnormal.png,0
858_s5_normal_retardationnormal.png,0
441_s5_normal_retardationnormal.png,0
558_s5_normal_retardationnormal.png,0
13_s5_normal_retardationnormal.png,0
699_s5_normal_retardationnormal.png,0
645_s5_normal_retardationnormal.png,0
624_s5_normal_retardationnormal.png,0
206_s5_normal_retardationnormal.png,0
679_s5_normal_retardationnormal.png,0
372_s5_normal_retardationnormal.png,0
691_s5_normal_retardationnormal.png,0
279_s5_normal_retardationnormal.png,0
221_s5_normal_retardationnormal.png,0
143_s5_normal_retardationnormal.png,0
864_s5_normal_retardationnormal.png,0
1063_s5_normal_retardationnormal.png,0
525_s5_normal_retardationnormal.png,0
168_s5_normal_retardationnormal.png,0
208_s5_normal_retardationnormal.png,0
373_s5_normal_retardationnormal.png,0
904_s5_normal_retardationnormal.png,0
599_s5_normal_retardationnormal.png,0
1151_s5_normal_retardationnormal.png,0
1089_s5_normal_retardationnormal.png,0
1096_s5_normal_retardationnormal.png,0
963_s5_normal_retardationnormal.png,0
811_s5_normal_retardationnormal.png,0
1104_s5_normal_retardationnormal.png,0
445_s5_normal_retardationnormal.png,0
103_s5_normal_retardationnormal.png,0
1067_s5_normal_retardationnormal.png,0
278_s5_normal_retardationnormal.png,0
938_s5_normal_retardationnormal.png,0
947_s5_normal_retardationnormal.png,0
892_s5_normal_retardationnormal.png,0
756_s5_normal_retardationnormal.png,0
1093_s5_normal_retardationnormal.png,0
637_s5_normal_retardationnormal.png,0
728_s5_normal_retardationnormal.png,0
159_s5_normal_retardationnormal.png,0
1009_s5_normal_retardationnormal.png,0
74_s5_normal_retardationnormal.png,0
758_s5_normal_retardationnormal.png,0
752_s5_normal_retardationnormal.png,0
931_s5_normal_retardationnormal.png,0
1154_s5_normal_retardationnormal.png,0
408_s5_normal_retardationnormal.png,0
697_s5_normal_retardationnormal.png,0
1133_s5_normal_retardationnormal.png,0
1141_s5_normal_retardationnormal.png,0
965_s5_normal_retardationnormal.png,0
485_s5_normal_retardationnormal.png,0
386_s5_normal_retardationnormal.png,0
629_s5_normal_retardationnormal.png,0
1106_s5_normal_retardationnormal.png,0
1153_s5_normal_retardationnormal.png,0
971_s5_normal_retardationnormal.png,0
1051_s5_normal_retardationnormal.png,0
150_s5_normal_retardationnormal.png,0
820_s5_normal_retardationnormal.png,0
299_s5_normal_retardationnormal.png,0
731_s5_normal_retardationnormal.png,0
1175_s5_normal_retardationnormal.png,0
898_s5_normal_retardationnormal.png,0
180_s5_normal_retardationnormal.png,0
958_s5_normal_retardationnormal.png,0
171_s5_normal_retardationnormal.png,0
515_s5_normal_retardationnormal.png,0
1164_s5_normal_retardationnormal.png,0
66_s5_normal_retardationnormal.png,0
1112_s5_normal_retardationnormal.png,0
162_s5_normal_retardationnormal.png,0
719_s5_normal_retardationnormal.png,0
254_s5_normal_retardationnormal.png,0
257_s5_normal_retardationnormal.png,0
115_s5_normal_retardationnormal.png,0
738_s5_normal_retardationnormal.png,0
682_s5_normal_retardationnormal.png,0
753_s5_normal_retardationnormal.png,0
133_s5_normal_retardationnormal.png,0
71_s5_normal_retardationnormal.png,0
482_s5_normal_retardationnormal.png,0
209_s5_normal_retardationnormal.png,0
15_s5_normal_retardationnormal.png,0
388_s5_normal_retardationnormal.png,0
609_s5_normal_retardationnormal.png,0
1022_s5_normal_retardationnormal.png,0
429_s5_normal_retardationnormal.png,0
42_s5_normal_retardationnormal.png,0
51_s5_normal_retardationnormal.png,0
869_s5_normal_retardationnormal.png,0
639_s5_normal_retardationnormal.png,0
228_s5_normal_retardationnormal.png,0
583_s5_normal_retardationnormal.png,0
361_s5_normal_retardationnormal.png,0
819_s5_normal_retardationnormal.png,0
158_s5_normal_retardationnormal.png,0
63_s5_normal_retardationnormal.png,0
957_s5_normal_retardationnormal.png,0
1054_s5_normal_retardationnormal.png,0
1017_s5_normal_retardationnormal.png,0
910_s5_normal_retardationnormal.png,0
985_s5_normal_retardationnormal.png,0
1131_s5_normal_retardationnormal.png,0
1029_s5_normal_retardationnormal.png,0
425_s5_normal_retardationnormal.png,0
497_s5_normal_retardationnormal.png,0
688_s5_normal_retardationnormal.png,0
747_s5_normal_retardationnormal.png,0
1130_s5_normal_retardationnormal.png,0
1166_s5_normal_retardationnormal.png,0
268_s5_normal_retardationnormal.png,0
877_s5_normal_retardationnormal.png,0
872_s5_normal_retardationnormal.png,0
358_s5_normal_retardationnormal.png,0
370_s5_normal_retardationnormal.png,0
870_s5_normal_retardationnormal.png,0
290_s5_normal_retardationnormal.png,0
739_s5_normal_retardationnormal.png,0
561_s5_normal_retardationnormal.png,0
843_s5_normal_retardationnormal.png,0
875_s5_normal_retardationnormal.png,0
141_s5_normal_retardationnormal.png,0
1030_s5_normal_retardationnormal.png,0
112_s5_normal_retardationnormal.png,0
262_s5_normal_retardationnormal.png,0
1191_s5_normal_retardationnormal.png,0
1036_s5_normal_retardationnormal.png,0
998_s5_normal_retardationnormal.png,0
484_s5_normal_retardationnormal.png,0
233_s5_normal_retardationnormal.png,0
899_s5_normal_retardationnormal.png,0
829_s5_normal_retardationnormal.png,0
1021_s5_normal_retardationnormal.png,0
331_s5_normal_retardationnormal.png,0
1099_s5_normal_retardationnormal.png,0
707_s5_normal_retardationnormal.png,0
1013_s5_normal_retardationnormal.png,0
518_s5_normal_retardationnormal.png,0
1159_s5_normal_retardationnormal.png,0
234_s5_normal_retardationnormal.png,0
590_s5_normal_retardationnormal.png,0
1129_s5_normal_retardationnormal.png,0
37_s5_normal_retardationnormal.png,0
1188_s5_normal_retardationnormal.png,0
1196_s5_normal_retardationnormal.png,0
983_s5_normal_retardationnormal.png,0
157_s5_normal_retardationnormal.png,0
636_s5_normal_retardationnormal.png,0
464_s5_normal_retardationnormal.png,0
810_s5_normal_retardationnormal.png,0
725_s5_normal_retardationnormal.png,0
565_s5_normal_retardationnormal.png,0
586_s5_normal_retardationnormal.png,0
1123_s5_normal_retardationnormal.png,0
600_s5_normal_retardationnormal.png,0
12_s5_normal_retardationnormal.png,0
630_s5_normal_retardationnormal.png,0
126_s5_normal_retardationnormal.png,0
434_s5_normal_retardationnormal.png,0
644_s5_normal_retardationnormal.png,0
354_s5_normal_retardationnormal.png,0
355_s5_normal_retardationnormal.png,0
571_s5_normal_retardationnormal.png,0
692_s5_normal_retardationnormal.png,0
846_s5_normal_retardationnormal.png,0
276_s5_normal_retardationnormal.png,0
1144_s5_normal_retardationnormal.png,0
1182_s5_normal_retardationnormal.png,0
785_s5_normal_retardationnormal.png,0
745_s5_normal_retardationnormal.png,0
336_s5_normal_retardationnormal.png,0
423_s5_normal_retardationnormal.png,0
192_s5_normal_retardationnormal.png,0
836_s5_normal_retardationnormal.png,0
540_s5_normal_retardationnormal.png,0
89_s5_normal_retardationnormal.png,0
657_s5_normal_retardationnormal.png,0
595_s5_normal_retardationnormal.png,0
911_s5_normal_retardationnormal.png,0
1071_s5_normal_retardationnormal.png,0
788_s5_normal_retardationnormal.png,0
924_s5_normal_retardationnormal.png,0
238_s5_normal_retardationnormal.png,0
1179_s5_normal_retardationnormal.png,0
350_s5_normal_retardationnormal.png,0
1058_s5_normal_retardationnormal.png,0
1079_s5_normal_retardationnormal.png,0
862_s5_normal_retardationnormal.png,0
1135_s5_normal_retardationnormal.png,0
252_s5_normal_retardationnormal.png,0
684_s5_normal_retardationnormal.png,0
1109_s5_normal_retardationnormal.png,0
436_s5_normal_retardationnormal.png,0
1174_s5_normal_retardationnormal.png,0
132_s5_normal_retardationnormal.png,0
92_s5_normal_retardationnormal.png,0
922_s5_normal_retardationnormal.png,0
440_s5_normal_retardationnormal.png,0
689_s5_normal_retardationnormal.png,0
83_s5_normal_retardationnormal.png,0
977_s5_normal_retardationnormal.png,0
852_s5_normal_retardationnormal.png,0
845_s5_normal_retardationnormal.png,0
614_s5_normal_retardationnormal.png,0
446_s5_normal_retardationnormal.png,0
308_s5_normal_retardationnormal.png,0
1023_s5_normal_retardationnormal.png,0
505_s5_normal_retardationnormal.png,0
551_s5_normal_retardationnormal.png,0
1084_s5_normal_retardationnormal.png,0
541_s5_normal_retardationnormal.png,0
396_s5_normal_retardationnormal.png,0
172_s5_normal_retardationnormal.png,0
713_s5_normal_retardationnormal.png,0
194_s5_normal_retardationnormal.png,0
35_s5_normal_retardationnormal.png,0
190_s5_normal_retardationnormal.png,0
188_s5_normal_retardationnormal.png,0
69_s5_normal_retardationnormal.png,0
178_s5_normal_retardationnormal.png,0
237_s5_normal_retardationnormal.png,0
1001_s5_normal_retardationnormal.png,0
465_s5_normal_retardationnormal.png,0
1111_s5_normal_retardationnormal.png,0
990_s5_normal_retardationnormal.png,0
410_s5_normal_retardationnormal.png,0
1060_s5_normal_retardationnormal.png,0
295_s5_normal_retardationnormal.png,0
778_s5_normal_retardationnormal.png,0
62_s5_normal_retardationnormal.png,0
1115_s5_normal_retardationnormal.png,0
640_s5_normal_retardationnormal.png,0
416_s5_normal_retardationnormal.png,0
928_s5_normal_retardationnormal.png,0
627_s5_normal_retardationnormal.png,0
754_s5_normal_retardationnormal.png,0
1114_s5_normal_retardationnormal.png,0
493_s5_normal_retardationnormal.png,0
751_s5_normal_retardationnormal.png,0
962_s5_normal_retardationnormal.png,0
996_s5_normal_retardationnormal.png,0
837_s5_normal_retardationnormal.png,0
225_s5_normal_retardationnormal.png,0
369_s5_normal_retardationnormal.png,0
1158_s5_normal_retardationnormal.png,0
949_s5_normal_retardationnormal.png,0
1169_s5_normal_retardationnormal.png,0
53_s5_normal_retardationnormal.png,0
1194_s5_normal_retardationnormal.png,0
1052_s5_normal_retardationnormal.png,0
57_s5_normal_retardationnormal.png,0
663_s5_normal_retardationnormal.png,0
495_s5_normal_retardationnormal.png,0
929_s5_normal_retardationnormal.png,0
791_s5_normal_retardationnormal.png,0
988_s5_normal_retardationnormal.png,0
621_s5_normal_retardationnormal.png,0
803_s5_normal_retardationnormal.png,0
506_s5_normal_retardationnormal.png,0
1070_s5_normal_retardationnormal.png,0
748_s5_normal_retardationnormal.png,0
563_s5_normal_retardationnormal.png,0
222_s5_normal_retardationnormal.png,0
285_s5_normal_retardationnormal.png,0
839_s5_normal_retardationnormal.png,0
81_s5_normal_retardationnormal.png,0
656_s5_normal_retardationnormal.png,0
1049_s5_normal_retardationnormal.png,0
311_s5_normal_retardationnormal.png,0
430_s5_normal_retardationnormal.png,0
296_s5_normal_retardationnormal.png,0
100_s5_normal_retardationnormal.png,0
271_s5_normal_retardationnormal.png,0
968_s5_normal_retardationnormal.png,0
106_s5_normal_retardationnormal.png,0
307_s5_normal_retardationnormal.png,0
376_s5_normal_retardationnormal.png,0
241_s5_normal_retardationnormal.png,0
125_s5_normal_retardationnormal.png,0
442_s5_normal_retardationnormal.png,0
790_s5_normal_retardationnormal.png,0
605_s5_normal_retardationnormal.png,0
1197_s5_normal_retardationnormal.png,0
617_s5_normal_retardationnormal.png,0
20_s5_normal_retardationnormal.png,0
950_s5_normal_retardationnormal.png,0
556_s5_normal_retardationnormal.png,0
578_s5_normal_retardationnormal.png,0
215_s5_normal_retardationnormal.png,0
1138_s5_normal_retardationnormal.png,0
146_s5_normal_retardationnormal.png,0
242_s5_normal_retardationnormal.png,0
989_s5_normal_retardationnormal.png,0
955_s5_normal_retardationnormal.png,0
156_s5_normal_retardationnormal.png,0
467_s5_normal_retardationnormal.png,0
577_s5_normal_retardationnormal.png,0
414_s5_normal_retardationnormal.png,0
625_s5_normal_retardationnormal.png,0
775_s5_normal_retardationnormal.png,0
314_s5_normal_retardationnormal.png,0
799_s5_normal_retardationnormal.png,0
60_s5_normal_retardationnormal.png,0
729_s5_normal_retardationnormal.png,0
720_s5_normal_retardationnormal.png,0
1139_s5_normal_retardationnormal.png,0
298_s5_normal_retardationnormal.png,0
357_s5_normal_retardationnormal.png,0
256_s5_normal_retardationnormal.png,0
834_s5_normal_retardationnormal.png,0
48_s5_normal_retardationnormal.png,0
1069_s5_normal_retardationnormal.png,0
67_s5_normal_retardationnormal.png,0
07_s5_normal_retardationnormal.png,0
793_s5_normal_retardationnormal.png,0
40_s5_normal_retardationnormal.png,0
450_s5_normal_retardationnormal.png,0
313_s5_normal_retardationnormal.png,0
402_s5_normal_retardationnormal.png,0
84_s5_normal_retardationnormal.png,0
838_s5_normal_retardationnormal.png,0
1110_s5_normal_retardationnormal.png,0
315_s5_normal_retardationnormal.png,0
850_s5_normal_retardationnormal.png,0
816_s5_normal_retardationnormal.png,0
1113_s5_normal_retardationnormal.png,0
960_s5_normal_retardationnormal.png,0
318_s5_normal_retardationnormal.png,0
1000_s5_normal_retardationnormal.png,0
764_s5_normal_retardationnormal.png,0
207_s5_normal_retardationnormal.png,0
473_s5_normal_retardationnormal.png,0
1100_s5_normal_retardationnormal.png,0
907_s5_normal_retardationnormal.png,0
68_s5_normal_retardationnormal.png,0
1038_s5_normal_retardationnormal.png,0
915_s5_normal_retardationnormal.png,0
641_s5_normal_retardationnormal.png,0
500_s5_normal_retardationnormal.png,0
131_s5_normal_retardationnormal.png,0
352_s5_normal_retardationnormal.png,0
694_s5_normal_retardationnormal.png,0
433_s5_normal_retardationnormal.png,0
498_s5_normal_retardationnormal.png,0
927_s5_normal_retardationnormal.png,0
1178_s5_normal_retardationnormal.png,0
322_s5_normal_retardationnormal.png,0
1177_s5_normal_retardationnormal.png,0
1121_s5_normal_retardationnormal.png,0
341_s5_normal_retardationnormal.png,0
243_s5_normal_retardationnormal.png,0
323_s5_normal_retardationnormal.png,0
953_s5_normal_retardationnormal.png,0
658_s5_normal_retardationnormal.png,0
435_s5_normal_retardationnormal.png,0
04_s5_normal_retardationnormal.png,0
798_s5_normal_retardationnormal.png,0
744_s5_normal_retardationnormal.png,0
914_s5_normal_retardationnormal.png,0
917_s5_normal_retardationnormal.png,0
415_s5_normal_retardationnormal.png,0
1156_s5_normal_retardationnormal.png,0
801_s5_normal_retardationnormal.png,0
483_s5_normal_retardationnormal.png,0
659_s5_normal_retardationnormal.png,0
863_s5_normal_retardationnormal.png,0
492_s5_normal_retardationnormal.png,0
82_s5_normal_retardationnormal.png,0
1186_s5_normal_retardationnormal.png,0
1008_s5_normal_retardationnormal.png,0
22_s5_normal_retardationnormal.png,0
871_s5_normal_retardationnormal.png,0
827_s5_normal_retardationnormal.png,0
653_s5_normal_retardationnormal.png,0
527_s5_normal_retardationnormal.png,0
813_s5_normal_retardationnormal.png,0
809_s5_normal_retardationnormal.png,0
491_s5_normal_retardationnormal.png,0
936_s5_normal_retardationnormal.png,0
1185_s5_normal_retardationnormal.png,0
297_s5_normal_retardationnormal.png,0
469_s5_normal_retardationnormal.png,0
265_s5_normal_retardationnormal.png,0
120_s5_normal_retardationnormal.png,0
08_s5_normal_retardationnormal.png,0
189_s5_normal_retardationnormal.png,0
332_s5_normal_retardationnormal.png,0
532_s5_normal_retardationnormal.png,0
796_s5_normal_retardationnormal.png,0
101_s5_normal_retardationnormal.png,0
1137_s5_normal_retardationnormal.png,0
340_s5_normal_retardationnormal.png,0
576_s5_normal_retardationnormal.png,0
675_s5_normal_retardationnormal.png,0
1004_s5_normal_retardationnormal.png,0
1122_s5_normal_retardationnormal.png,0
934_s5_normal_retardationnormal.png,0
167_s5_normal_retardationnormal.png,0
1140_s5_normal_retardationnormal.png,0
339_s5_normal_retardationnormal.png,0
1167_s5_normal_retardationnormal.png,0
301_s5_normal_retardationnormal.png,0
59_s5_normal_retardationnormal.png,0
1044_s5_normal_retardationnormal.png,0
461_s5_normal_retardationnormal.png,0
888_s5_normal_retardationnormal.png,0
1134_s5_normal_retardationnormal.png,0
976_s5_normal_retardationnormal.png,0
47_s5_normal_retardationnormal.png,0
794_s5_normal_retardationnormal.png,0
470_s5_normal_retardationnormal.png,0
451_s5_normal_retardationnormal.png,0
419_s5_normal_retardationnormal.png,0
992_s5_normal_retardationnormal.png,0
113_s5_normal_retardationnormal.png,0
90_s5_normal_retardationnormal.png,0
894_s5_normal_retardationnormal.png,0
626_s5_normal_retardationnormal.png,0
149_s5_normal_retardationnormal.png,0
740_s5_normal_retardationnormal.png,0
1003_s5_normal_retardationnormal.png,0
330_s5_normal_retardationnormal.png,0
127_s5_normal_retardationnormal.png,0
1091_s5_normal_retardationnormal.png,0
714_s5_normal_retardationnormal.png,0
768_s5_normal_retardationnormal.png,0
724_s5_normal_retardationnormal.png,0
170_s5_normal_retardationnormal.png,0
1105_s5_normal_retardationnormal.png,0
399_s5_normal_retardationnormal.png,0
1059_s5_normal_retardationnormal.png,0
80_s5_normal_retardationnormal.png,0
25_s5_normal_retardationnormal.png,0
186_s5_normal_retardationnormal.png,0
18_s5_normal_retardationnormal.png,0
920_s5_normal_retardationnormal.png,0
800_s5_normal_retardationnormal.png,0
478_s5_normal_retardationnormal.png,0
514_s5_normal_retardationnormal.png,0
153_s5_normal_retardationnormal.png,0
543_s5_normal_retardationnormal.png,0
662_s5_normal_retardationnormal.png,0
224_s5_normal_retardationnormal.png,0
1128_s5_normal_retardationnormal.png,0
1006_s5_normal_retardationnormal.png,0
974_s5_normal_retardationnormal.png,0
365_s5_normal_retardationnormal.png,0
134_s5_normal_retardationnormal.png,0
403_s5_normal_retardationnormal.png,0
145_s5_normal_retardationnormal.png,0
1077_s5_normal_retardationnormal.png,0
528_s5_normal_retardationnormal.png,0
770_s5_normal_retardationnormal.png,0
326_s5_normal_retardationnormal.png,0
122_s5_normal_retardationnormal.png,0
597_s5_normal_retardationnormal.png,0
585_s5_normal_retardationnormal.png,0
507_s5_normal_retardationnormal.png,0
116_s5_normal_retardationnormal.png,0
851_s5_normal_retardationnormal.png,0
523_s5_normal_retardationnormal.png,0
1040_s5_normal_retardationnormal.png,0
1125_s5_normal_retardationnormal.png,0
589_s5_normal_retardationnormal.png,0
95_s5_normal_retardationnormal.png,0
1101_s5_normal_retardationnormal.png,0
91_s5_normal_retardationnormal.png,0
1199_s5_normal_retardationnormal.png,0
179_s5_normal_retardationnormal.png,0
564_s5_normal_retardationnormal.png,0
317_s5_normal_retardationnormal.png,0
1039_s5_normal_retardationnormal.png,0
672_s5_normal_retardationnormal.png,0
1160_s5_normal_retardationnormal.png,0
825_s5_normal_retardationnormal.png,0
534_s5_normal_retardationnormal.png,0
574_s5_normal_retardationnormal.png,0
930_s5_normal_retardationnormal.png,0
956_s5_normal_retardationnormal.png,0
1066_s5_normal_retardationnormal.png,0
742_s5_normal_retardationnormal.png,0
1155_s5_normal_retardationnormal.png,0
1045_s5_normal_retardationnormal.png,0
519_s5_normal_retardationnormal.png,0
854_s5_normal_retardationnormal.png,0
902_s5_normal_retardationnormal.png,0
732_s5_normal_retardationnormal.png,0
856_s5_normal_retardationnormal.png,0
964_s5_normal_retardationnormal.png,0
1108_s5_normal_retardationnormal.png,0
239_s5_normal_retardationnormal.png,0
874_s5_normal_retardationnormal.png,0
522_s5_normal_retardationnormal.png,0
997_s5_normal_retardationnormal.png,0
901_s5_normal_retardationnormal.png,0
1192_s5_normal_retardationnormal.png,0
1092_s5_normal_retardationnormal.png,0
300_s5_normal_retardationnormal.png,0
655_s5_normal_retardationnormal.png,0
1116_s5_normal_retardationnormal.png,0
253_s5_normal_retardationnormal.png,0
973_s5_normal_retardationnormal.png,0
786_s5_normal_retardationnormal.png,0
1053_s5_normal_retardationnormal.png,0
841_s5_normal_retardationnormal.png,0
1028_s5_normal_retardationnormal.png,0
232_s5_normal_retardationnormal.png,0
281_s5_normal_retardationnormal.png,0
412_s5_normal_retardationnormal.png,0
466_s5_normal_retardationnormal.png,0
981_s5_normal_retardationnormal.png,0
181_s5_normal_retardationnormal.png,0
941_s5_normal_retardationnormal.png,0
275_s5_normal_retardationnormal.png,0
606_s5_normal_retardationnormal.png,0
844_s5_normal_retardationnormal.png,0
587_s5_normal_retardationnormal.png,0
173_s5_normal_retardationnormal.png,0
488_s5_normal_retardationnormal.png,0
346_s5_normal_retardationnormal.png,0
554_s5_normal_retardationnormal.png,0
407_s5_normal_retardationnormal.png,0
948_s5_normal_retardationnormal.png,0
1200_s5_normal_retardationnormal.png,0
304_s5_normal_retardationnormal.png,0
86_s5_normal_retardationnormal.png,0
160_s5_normal_retardationnormal.png,0
220_s5_normal_retardationnormal.png,0
961_s5_normal_retardationnormal.png,0
660_s5_normal_retardationnormal.png,0
855_s5_normal_retardationnormal.png,0
422_s5_normal_retardationnormal.png,0
1062_s5_normal_retardationnormal.png,0
401_s5_normal_retardationnormal.png,0
229_s5_normal_retardationnormal.png,0
64_s5_normal_retardationnormal.png,0
711_s5_normal_retardationnormal.png,0
603_s5_normal_retardationnormal.png,0
347_s5_normal_retardationnormal.png,0
524_s5_normal_retardationnormal.png,0
427_s5_normal_retardationnormal.png,0
356_s5_normal_retardationnormal.png,0
1161_s5_normal_retardationnormal.png,0
593_s5_normal_retardationnormal.png,0
602_s5_normal_retardationnormal.png,0
88_s5_normal_retardationnormal.png,0
1102_s5_normal_retardationnormal.png,0
1195_s5_normal_retardationnormal.png,0
193_s5_normal_retardationnormal.png,0
105_s5_normal_retardationnormal.png,0
444_s5_normal_retardationnormal.png,0
572_s5_normal_retardationnormal.png,0
883_s5_normal_retardationnormal.png,0
196_s5_normal_retardationnormal.png,0
940_s5_normal_retardationnormal.png,0
367_s5_normal_retardationnormal.png,0
804_s5_normal_retardationnormal.png,0
235_s5_normal_retardationnormal.png,0
348_s5_normal_retardationnormal.png,0
110_s5_normal_retardationnormal.png,0
292_s5_normal_retardationnormal.png,0
404_s5_normal_retardationnormal.png,0
743_s5_normal_retardationnormal.png,0
1078_s5_normal_retardationnormal.png,0
695_s5_normal_retardationnormal.png,0
777_s5_normal_retardationnormal.png,0
310_s5_normal_retardationnormal.png,0
818_s5_normal_retardationnormal.png,0
967_s5_normal_retardationnormal.png,0
895_s5_normal_retardationnormal.png,0
459_s5_normal_retardationnormal.png,0
615_s5_normal_retardationnormal.png,0
710_s5_normal_retardationnormal.png,0
730_s5_normal_retardationnormal.png,0
345_s5_normal_retardationnormal.png,0
538_s5_normal_retardationnormal.png,0
284_s5_normal_retardationnormal.png,0
28_s5_normal_retardationnormal.png,0
912_s5_normal_retardationnormal.png,0
54_s5_normal_retardationnormal.png,0
437_s5_normal_retardationnormal.png,0
52_s5_normal_retardationnormal.png,0
121_s5_normal_retardationnormal.png,0
555_s5_normal_retardationnormal.png,0
560_s5_normal_retardationnormal.png,0
882_s5_normal_retardationnormal.png,0
946_s5_normal_retardationnormal.png,0
1048_s5_normal_retardationnormal.png,0
857_s5_normal_retardationnormal.png,0
457_s5_normal_retardationnormal.png,0
266_s5_normal_retardationnormal.png,0
823_s5_normal_retardationnormal.png,0
312_s5_normal_retardationnormal.png,0
420_s5_normal_retardationnormal.png,0
573_s5_normal_retardationnormal.png,0
909_s5_normal_retardationnormal.png,0
251_s5_normal_retardationnormal.png,0
1157_s5_normal_retardationnormal.png,0
460_s5_normal_retardationnormal.png,0
1171_s5_normal_retardationnormal.png,0
161_s5_normal_retardationnormal.png,0
987_s5_normal_retardationnormal.png,0
721_s5_normal_retardationnormal.png,0
335_s5_normal_retardationnormal.png,0
723_s5_normal_retardationnormal.png,0
454_s5_normal_retardationnormal.png,0
1163_s5_normal_retardationnormal.png,0
499_s5_normal_retardationnormal.png,0
01_s5_normal_retardationnormal.png,0
503_s5_normal_retardationnormal.png,0
14_s5_normal_retardationnormal.png,0
289_s5_normal_retardationnormal.png,0
140_s5_normal_retardationnormal.png,0
1127_s5_normal_retardationnormal.png,0
566_s5_normal_retardationnormal.png,0
1072_s5_normal_retardationnormal.png,0
501_s5_normal_retardationnormal.png,0
274_s5_normal_retardationnormal.png,0
925_s5_normal_retardationnormal.png,0
73_s5_normal_retardationnormal.png,0
897_s5_normal_retardationnormal.png,0
831_s5_normal_retardationnormal.png,0
760_s5_normal_retardationnormal.png,0
1173_s5_normal_retardationnormal.png,0
654_s5_normal_retardationnormal.png,0
686_s5_normal_retardationnormal.png,0
272_s5_normal_retardationnormal.png,0
681_s5_normal_retardationnormal.png,0
822_s5_normal_retardationnormal.png,0
557_s5_normal_retardationnormal.png,0
09_s5_normal_retardationnormal.png,0
1152_s5_normal_retardationnormal.png,0
828_s5_normal_retardationnormal.png,0
509_s5_normal_retardationnormal.png,0
814_s5_normal_retardationnormal.png,0
736_s5_normal_retardationnormal.png,0
539_s5_normal_retardationnormal.png,0
19_s5_normal_retardationnormal.png,0
652_s5_normal_retardationnormal.png,0
706_s5_normal_retardationnormal.png,0
381_s5_normal_retardationnormal.png,0
1027_s5_normal_retardationnormal.png,0
1073_s5_normal_retardationnormal.png,0
1026_s5_normal_retardationnormal.png,0
735_s5_normal_retardationnormal.png,0
926_s5_normal_retardationnormal.png,0
939_s5_normal_retardationnormal.png,0
619_s5_normal_retardationnormal.png,0
1149_s5_normal_retardationnormal.png,0
32_s5_normal_retardationnormal.png,0
439_s5_normal_retardationnormal.png,0
549_s5_normal_retardationnormal.png,0
668_s5_normal_retardationnormal.png,0
716_s5_normal_retardationnormal.png,0
343_s5_normal_retardationnormal.png,0
1011_s5_normal_retardationnormal.png,0
980_s5_normal_retardationnormal.png,0
1024_s5_normal_retardationnormal.png,0
138_s5_normal_retardationnormal.png,0
792_s5_normal_retardationnormal.png,0
1183_s5_normal_retardationnormal.png,0
815_s5_normal_retardationnormal.png,0
759_s5_normal_retardationnormal.png,0
1086_s5_normal_retardationnormal.png,0
959_s5_normal_retardationnormal.png,0
1090_s5_normal_retardationnormal.png,0
411_s5_normal_retardationnormal.png,0
77_s5_normal_retardationnormal.png,0
700_s5_normal_retardationnormal.png,0
607_s5_normal_retardationnormal.png,0
260_s5_normal_retardationnormal.png,0
866_s5_normal_retardationnormal.png,0
17_s5_normal_retardationnormal.png,0
853_s5_normal_retardationnormal.png,0
155_s5_normal_retardationnormal.png,0
38_s5_normal_retardationnormal.png,0
302_s5_normal_retardationnormal.png,0
169_s5_normal_retardationnormal.png,0
542_s5_normal_retardationnormal.png,0
267_s5_normal_retardationnormal.png,0
746_s5_normal_retardationnormal.png,0
733_s5_normal_retardationnormal.png,0
418_s5_normal_retardationnormal.png,0
24_s5_normal_retardationnormal.png,0
942_s5_normal_retardationnormal.png,0
277_s5_normal_retardationnormal.png,0
944_s5_normal_retardationnormal.png,0
1168_s5_normal_retardationnormal.png,0
288_s5_normal_retardationnormal.png,0
182_s5_normal_retardationnormal.png,0
447_s5_normal_retardationnormal.png,0
642_s5_normal_retardationnormal.png,0
526_s5_normal_retardationnormal.png,0
481_s5_normal_retardationnormal.png,0
913_s5_normal_retardationnormal.png,0
293_s5_normal_retardationnormal.png,0
144_s5_normal_retardationnormal.png,0
400_s5_normal_retardationnormal.png,0
269_s5_normal_retardationnormal.png,0
78_s5_normal_retardationnormal.png,0
1042_s5_normal_retardationnormal.png,0
255_s5_normal_retardationnormal.png,0
919_s5_normal_retardationnormal.png,0
148_s5_normal_retardationnormal.png,0
406_s5_normal_retardationnormal.png,0
568_s5_normal_retardationnormal.png,0
966_s5_normal_retardationnormal.png,0
835_s5_normal_retardationnormal.png,0
270_s5_normal_retardationnormal.png,0
49_s5_normal_retardationnormal.png,0
05_s5_normal_retardationnormal.png,0
705_s5_normal_retardationnormal.png,0
622_s5_normal_retardationnormal.png,0
533_s5_normal_retardationnormal.png,0
213_s5_normal_retardationnormal.png,0
859_s5_normal_retardationnormal.png,0
287_s5_normal_retardationnormal.png,0
750_s5_normal_retardationnormal.png,0
1181_s5_normal_retardationnormal.png,0
722_s5_normal_retardationnormal.png,0
634_s5_normal_retardationnormal.png,0
703_s5_normal_retardationnormal.png,0
1018_s5_normal_retardationnormal.png,0
1198_s5_normal_retardationnormal.png,0
1031_s5_normal_retardationnormal.png,0
734_s5_normal_retardationnormal.png,0
661_s5_normal_retardationnormal.png,0
364_s5_normal_retardationnormal.png,0
129_s5_normal_retardationnormal.png,0
536_s5_normal_retardationnormal.png,0
195_s5_normal_retardationnormal.png,0
712_s5_normal_retardationnormal.png,0
696_s5_normal_retardationnormal.png,0
890_s5_normal_retardationnormal.png,0
631_s5_normal_retardationnormal.png,0
575_s5_normal_retardationnormal.png,0
613_s5_normal_retardationnormal.png,0
670_s5_normal_retardationnormal.png,0
935_s5_normal_retardationnormal.png,0
393_s5_normal_retardationnormal.png,0
204_s5_normal_retardationnormal.png,0
608_s5_normal_retardationnormal.png,0
45_s5_normal_retardationnormal.png,0
383_s5_normal_retardationnormal.png,0
362_s5_normal_retardationnormal.png,0
39_s5_normal_retardationnormal.png,0
476_s5_normal_retardationnormal.png,0
638_s5_normal_retardationnormal.png,0
789_s5_normal_retardationnormal.png,0
1142_s5_normal_retardationnormal.png,0
489_s5_normal_retardationnormal.png,0
633_s5_normal_retardationnormal.png,0
510_s5_normal_retardationnormal.png,0
1032_s5_normal_retardationnormal.png,0
1007_s5_normal_retardationnormal.png,0
1005_s5_normal_retardationnormal.png,0
151_s5_normal_retardationnormal.png,0
382_s5_normal_retardationnormal.png,0
319_s5_normal_retardationnormal.png,0
349_s5_normal_retardationnormal.png,0
896_s5_normal_retardationnormal.png,0
776_s5_normal_retardationnormal.png,0
294_s5_normal_retardationnormal.png,0
787_s5_normal_retardationnormal.png,0
994_s5_normal_retardationnormal.png,0
259_s5_normal_retardationnormal.png,0
782_s5_normal_retardationnormal.png,0
771_s5_normal_retardationnormal.png,0
1118_s5_normal_retardationnormal.png,0
392_s5_normal_retardationnormal.png,0
766_s5_normal_retardationnormal.png,0
952_s5_normal_retardationnormal.png,0
559_s5_normal_retardationnormal.png,0
72_s5_normal_retardationnormal.png,0
334_s5_normal_retardationnormal.png,0
306_s5_normal_retardationnormal.png,0
1150_s5_normal_retardationnormal.png,0
923_s5_normal_retardationnormal.png,0
847_s5_normal_retardationnormal.png,0
1103_s5_normal_retardationnormal.png,0
97_s5_normal_retardationnormal.png,0
191_s5_normal_retardationnormal.png,0
991_s5_normal_retardationnormal.png,0
678_s5_normal_retardationnormal.png,0
916_s5_normal_retardationnormal.png,0
978_s5_normal_retardationnormal.png,0
1120_s5_normal_retardationnormal.png,0
212_s5_normal_retardationnormal.png,0
165_s5_normal_retardationnormal.png,0
812_s5_normal_retardationnormal.png,0
1002_s5_normal_retardationnormal.png,0
187_s5_normal_retardationnormal.png,0
201_s5_normal_retardationnormal.png,0
718_s5_normal_retardationnormal.png,0
562_s5_normal_retardationnormal.png,0
449_s5_normal_retardationnormal.png,0
230_s5_normal_retardationnormal.png,0
547_s5_normal_retardationnormal.png,0
472_s5_normal_retardationnormal.png,0
130_s5_normal_retardationnormal.png,0
210_s5_normal_retardationnormal.png,0
676_s5_normal_retardationnormal.png,0
197_s5_normal_retardationnormal.png,0
249_s5_normal_retardationnormal.png,0
757_s5_normal_retardationnormal.png,0
46_s5_normal_retardationnormal.png,0
316_s5_normal_retardationnormal.png,0
1119_s5_normal_retardationnormal.png,0
226_s5_normal_retardationnormal.png,0
887_s5_normal_retardationnormal.png,0
830_s5_normal_retardationnormal.png,0
993_s5_normal_retardationnormal.png,0
802_s5_normal_retardationnormal.png,0
741_s5_normal_retardationnormal.png,0
21_s5_normal_retardationnormal.png,0
06_s5_normal_retardationnormal.png,0
567_s5_normal_retardationnormal.png,0
218_s5_normal_retardationnormal.png,0
610_s5_normal_retardationnormal.png,0
708_s5_normal_retardationnormal.png,0
398_s5_normal_retardationnormal.png,0
163_s5_normal_retardationnormal.png,0
821_s5_normal_retardationnormal.png,0
136_s5_normal_retardationnormal.png,0
104_s5_normal_retardationnormal.png,0
166_s5_normal_retardationnormal.png,0
784_s5_normal_retardationnormal.png,0
1064_s5_normal_retardationnormal.png,0
1097_s5_normal_retardationnormal.png,0
1057_s5_normal_retardationnormal.png,0
666_s5_normal_retardationnormal.png,0
895_s4_normal_retardationnormal.png,0
972_s4_normal_retardationnormal.png,0
280_s4_normal_retardationnormal.png,0
573_s4_normal_retardationnormal.png,0
1145_s4_normal_retardationnormal.png,0
241_s4_normal_retardationnormal.png,0
994_s4_normal_retardationnormal.png,0
726_s4_normal_retardationnormal.png,0
740_s4_normal_retardationnormal.png,0
229_s4_normal_retardationnormal.png,0
519_s4_normal_retardationnormal.png,0
1124_s4_normal_retardationnormal.png,0
395_s4_normal_retardationnormal.png,0
1009_s4_normal_retardationnormal.png,0
01_s4_normal_retardationnormal.png,0
564_s4_normal_retardationnormal.png,0
905_s4_normal_retardationnormal.png,0
1139_s4_normal_retardationnormal.png,0
374_s4_normal_retardationnormal.png,0
1005_s4_normal_retardationnormal.png,0
791_s4_normal_retardationnormal.png,0
73_s4_normal_retardationnormal.png,0
300_s4_normal_retardationnormal.png,0
534_s4_normal_retardationnormal.png,0
771_s4_normal_retardationnormal.png,0
943_s4_normal_retardationnormal.png,0
574_s4_normal_retardationnormal.png,0
777_s4_normal_retardationnormal.png,0
183_s4_normal_retardationnormal.png,0
827_s4_normal_retardationnormal.png,0
1077_s4_normal_retardationnormal.png,0
1024_s4_normal_retardationnormal.png,0
669_s4_normal_retardationnormal.png,0
338_s4_normal_retardationnormal.png,0
439_s4_normal_retardationnormal.png,0
92_s4_normal_retardationnormal.png,0
711_s4_normal_retardationnormal.png,0
1075_s4_normal_retardationnormal.png,0
81_s4_normal_retardationnormal.png,0
652_s4_normal_retardationnormal.png,0
33_s4_normal_retardationnormal.png,0
578_s4_normal_retardationnormal.png,0
294_s4_normal_retardationnormal.png,0
843_s4_normal_retardationnormal.png,0
1110_s4_normal_retardationnormal.png,0
200_s4_normal_retardationnormal.png,0
610_s4_normal_retardationnormal.png,0
398_s4_normal_retardationnormal.png,0
1153_s4_normal_retardationnormal.png,0
458_s4_normal_retardationnormal.png,0
462_s4_normal_retardationnormal.png,0
05_s4_normal_retardationnormal.png,0
388_s4_normal_retardationnormal.png,0
968_s4_normal_retardationnormal.png,0
845_s4_normal_retardationnormal.png,0
704_s4_normal_retardationnormal.png,0
203_s4_normal_retardationnormal.png,0
891_s4_normal_retardationnormal.png,0
854_s4_normal_retardationnormal.png,0
1156_s4_normal_retardationnormal.png,0
532_s4_normal_retardationnormal.png,0
705_s4_normal_retardationnormal.png,0
1019_s4_normal_retardationnormal.png,0
645_s4_normal_retardationnormal.png,0
706_s4_normal_retardationnormal.png,0
796_s4_normal_retardationnormal.png,0
962_s4_normal_retardationnormal.png,0
488_s4_normal_retardationnormal.png,0
335_s4_normal_retardationnormal.png,0
283_s4_normal_retardationnormal.png,0
167_s4_normal_retardationnormal.png,0
97_s4_normal_retardationnormal.png,0
24_s4_normal_retardationnormal.png,0
490_s4_normal_retardationnormal.png,0
553_s4_normal_retardationnormal.png,0
223_s4_normal_retardationnormal.png,0
254_s4_normal_retardationnormal.png,0
1144_s4_normal_retardationnormal.png,0
575_s4_normal_retardationnormal.png,0
264_s4_normal_retardationnormal.png,0
246_s4_normal_retardationnormal.png,0
169_s4_normal_retardationnormal.png,0
468_s4_normal_retardationnormal.png,0
749_s4_normal_retardationnormal.png,0
900_s4_normal_retardationnormal.png,0
1125_s4_normal_retardationnormal.png,0
198_s4_normal_retardationnormal.png,0
863_s4_normal_retardationnormal.png,0
605_s4_normal_retardationnormal.png,0
986_s4_normal_retardationnormal.png,0
1119_s4_normal_retardationnormal.png,0
906_s4_normal_retardationnormal.png,0
836_s4_normal_retardationnormal.png,0
733_s4_normal_retardationnormal.png,0
141_s4_normal_retardationnormal.png,0
66_s4_normal_retardationnormal.png,0
801_s4_normal_retardationnormal.png,0
760_s4_normal_retardationnormal.png,0
39_s4_normal_retardationnormal.png,0
930_s4_normal_retardationnormal.png,0
1146_s4_normal_retardationnormal.png,0
707_s4_normal_retardationnormal.png,0
1028_s4_normal_retardationnormal.png,0
159_s4_normal_retardationnormal.png,0
48_s4_normal_retardationnormal.png,0
438_s4_normal_retardationnormal.png,0
922_s4_normal_retardationnormal.png,0
997_s4_normal_retardationnormal.png,0
227_s4_normal_retardationnormal.png,0
98_s4_normal_retardationnormal.png,0
821_s4_normal_retardationnormal.png,0
299_s4_normal_retardationnormal.png,0
871_s4_normal_retardationnormal.png,0
729_s4_normal_retardationnormal.png,0
08_s4_normal_retardationnormal.png,0
1043_s4_normal_retardationnormal.png,0
635_s4_normal_retardationnormal.png,0
847_s4_normal_retardationnormal.png,0
737_s4_normal_retardationnormal.png,0
390_s4_normal_retardationnormal.png,0
1003_s4_normal_retardationnormal.png,0
62_s4_normal_retardationnormal.png,0
77_s4_normal_retardationnormal.png,0
683_s4_normal_retardationnormal.png,0
1055_s4_normal_retardationnormal.png,0
1192_s4_normal_retardationnormal.png,0
958_s4_normal_retardationnormal.png,0
1173_s4_normal_retardationnormal.png,0
1136_s4_normal_retardationnormal.png,0
153_s4_normal_retardationnormal.png,0
1115_s4_normal_retardationnormal.png,0
503_s4_normal_retardationnormal.png,0
1041_s4_normal_retardationnormal.png,0
744_s4_normal_retardationnormal.png,0
1073_s4_normal_retardationnormal.png,0
268_s4_normal_retardationnormal.png,0
1033_s4_normal_retardationnormal.png,0
387_s4_normal_retardationnormal.png,0
1106_s4_normal_retardationnormal.png,0
1193_s4_normal_retardationnormal.png,0
551_s4_normal_retardationnormal.png,0
960_s4_normal_retardationnormal.png,0
1169_s4_normal_retardationnormal.png,0
189_s4_normal_retardationnormal.png,0
1045_s4_normal_retardationnormal.png,0
542_s4_normal_retardationnormal.png,0
337_s4_normal_retardationnormal.png,0
256_s4_normal_retardationnormal.png,0
120_s4_normal_retardationnormal.png,0
810_s4_normal_retardationnormal.png,0
808_s4_normal_retardationnormal.png,0
391_s4_normal_retardationnormal.png,0
14_s4_normal_retardationnormal.png,0
799_s4_normal_retardationnormal.png,0
558_s4_normal_retardationnormal.png,0
414_s4_normal_retardationnormal.png,0
1147_s4_normal_retardationnormal.png,0
32_s4_normal_retardationnormal.png,0
908_s4_normal_retardationnormal.png,0
996_s4_normal_retardationnormal.png,0
876_s4_normal_retardationnormal.png,0
278_s4_normal_retardationnormal.png,0
884_s4_normal_retardationnormal.png,0
571_s4_normal_retardationnormal.png,0
1021_s4_normal_retardationnormal.png,0
596_s4_normal_retardationnormal.png,0
1070_s4_normal_retardationnormal.png,0
1118_s4_normal_retardationnormal.png,0
721_s4_normal_retardationnormal.png,0
555_s4_normal_retardationnormal.png,0
1079_s4_normal_retardationnormal.png,0
261_s4_normal_retardationnormal.png,0
700_s4_normal_retardationnormal.png,0
148_s4_normal_retardationnormal.png,0
481_s4_normal_retardationnormal.png,0
935_s4_normal_retardationnormal.png,0
297_s4_normal_retardationnormal.png,0
330_s4_normal_retardationnormal.png,0
918_s4_normal_retardationnormal.png,0
939_s4_normal_retardationnormal.png,0
228_s4_normal_retardationnormal.png,0
1022_s4_normal_retardationnormal.png,0
26_s4_normal_retardationnormal.png,0
430_s4_normal_retardationnormal.png,0
565_s4_normal_retardationnormal.png,0
251_s4_normal_retardationnormal.png,0
322_s4_normal_retardationnormal.png,0
902_s4_normal_retardationnormal.png,0
403_s4_normal_retardationnormal.png,0
678_s4_normal_retardationnormal.png,0
243_s4_normal_retardationnormal.png,0
752_s4_normal_retardationnormal.png,0
23_s4_normal_retardationnormal.png,0
990_s4_normal_retardationnormal.png,0
1179_s4_normal_retardationnormal.png,0
263_s4_normal_retardationnormal.png,0
30_s4_normal_retardationnormal.png,0
328_s4_normal_retardationnormal.png,0
780_s4_normal_retardationnormal.png,0
867_s4_normal_retardationnormal.png,0
308_s4_normal_retardationnormal.png,0
1002_s4_normal_retardationnormal.png,0
861_s4_normal_retardationnormal.png,0
1113_s4_normal_retardationnormal.png,0
508_s4_normal_retardationnormal.png,0
525_s4_normal_retardationnormal.png,0
290_s4_normal_retardationnormal.png,0
818_s4_normal_retardationnormal.png,0
173_s4_normal_retardationnormal.png,0
311_s4_normal_retardationnormal.png,0
724_s4_normal_retardationnormal.png,0
992_s4_normal_retardationnormal.png,0
372_s4_normal_retardationnormal.png,0
376_s4_normal_retardationnormal.png,0
166_s4_normal_retardationnormal.png,0
1051_s4_normal_retardationnormal.png,0
539_s4_normal_retardationnormal.png,0
580_s4_normal_retardationnormal.png,0
618_s4_normal_retardationnormal.png,0
1102_s4_normal_retardationnormal.png,0
910_s4_normal_retardationnormal.png,0
1194_s4_normal_retardationnormal.png,0
313_s4_normal_retardationnormal.png,0
207_s4_normal_retardationnormal.png,0
1006_s4_normal_retardationnormal.png,0
65_s4_normal_retardationnormal.png,0
336_s4_normal_retardationnormal.png,0
272_s4_normal_retardationnormal.png,0
118_s4_normal_retardationnormal.png,0
641_s4_normal_retardationnormal.png,0
765_s4_normal_retardationnormal.png,0
1137_s4_normal_retardationnormal.png,0
164_s4_normal_retardationnormal.png,0
865_s4_normal_retardationnormal.png,0
631_s4_normal_retardationnormal.png,0
842_s4_normal_retardationnormal.png,0
276_s4_normal_retardationnormal.png,0
136_s4_normal_retardationnormal.png,0
1059_s4_normal_retardationnormal.png,0
587_s4_normal_retardationnormal.png,0
140_s4_normal_retardationnormal.png,0
234_s4_normal_retardationnormal.png,0
621_s4_normal_retardationnormal.png,0
636_s4_normal_retardationnormal.png,0
442_s4_normal_retardationnormal.png,0
60_s4_normal_retardationnormal.png,0
938_s4_normal_retardationnormal.png,0
1170_s4_normal_retardationnormal.png,0
79_s4_normal_retardationnormal.png,0
1050_s4_normal_retardationnormal.png,0
15_s4_normal_retardationnormal.png,0
202_s4_normal_retardationnormal.png,0
445_s4_normal_retardationnormal.png,0
769_s4_normal_retardationnormal.png,0
692_s4_normal_retardationnormal.png,0
293_s4_normal_retardationnormal.png,0
131_s4_normal_retardationnormal.png,0
145_s4_normal_retardationnormal.png,0
562_s4_normal_retardationnormal.png,0
47_s4_normal_retardationnormal.png,0
04_s4_normal_retardationnormal.png,0
512_s4_normal_retardationnormal.png,0
114_s4_normal_retardationnormal.png,0
117_s4_normal_retardationnormal.png,0
260_s4_normal_retardationnormal.png,0
684_s4_normal_retardationnormal.png,0
215_s4_normal_retardationnormal.png,0
656_s4_normal_retardationnormal.png,0
563_s4_normal_retardationnormal.png,0
695_s4_normal_retardationnormal.png,0
1057_s4_normal_retardationnormal.png,0
491_s4_normal_retardationnormal.png,0
1036_s4_normal_retardationnormal.png,0
1026_s4_normal_retardationnormal.png,0
795_s4_normal_retardationnormal.png,0
473_s4_normal_retardationnormal.png,0
1096_s4_normal_retardationnormal.png,0
781_s4_normal_retardationnormal.png,0
63_s4_normal_retardationnormal.png,0
420_s4_normal_retardationnormal.png,0
444_s4_normal_retardationnormal.png,0
237_s4_normal_retardationnormal.png,0
432_s4_normal_retardationnormal.png,0
520_s4_normal_retardationnormal.png,0
1053_s4_normal_retardationnormal.png,0
82_s4_normal_retardationnormal.png,0
09_s4_normal_retardationnormal.png,0
851_s4_normal_retardationnormal.png,0
991_s4_normal_retardationnormal.png,0
352_s4_normal_retardationnormal.png,0
875_s4_normal_retardationnormal.png,0
803_s4_normal_retardationnormal.png,0
638_s4_normal_retardationnormal.png,0
206_s4_normal_retardationnormal.png,0
755_s4_normal_retardationnormal.png,0
54_s4_normal_retardationnormal.png,0
1104_s4_normal_retardationnormal.png,0
224_s4_normal_retardationnormal.png,0
1095_s4_normal_retardationnormal.png,0
815_s4_normal_retardationnormal.png,0
450_s4_normal_retardationnormal.png,0
1133_s4_normal_retardationnormal.png,0
392_s4_normal_retardationnormal.png,0
942_s4_normal_retardationnormal.png,0
1094_s4_normal_retardationnormal.png,0
71_s4_normal_retardationnormal.png,0
841_s4_normal_retardationnormal.png,0
334_s4_normal_retardationnormal.png,0
363_s4_normal_retardationnormal.png,0
1177_s4_normal_retardationnormal.png,0
604_s4_normal_retardationnormal.png,0
1048_s4_normal_retardationnormal.png,0
1001_s4_normal_retardationnormal.png,0
978_s4_normal_retardationnormal.png,0
348_s4_normal_retardationnormal.png,0
619_s4_normal_retardationnormal.png,0
244_s4_normal_retardationnormal.png,0
790_s4_normal_retardationnormal.png,0
319_s4_normal_retardationnormal.png,0
665_s4_normal_retardationnormal.png,0
415_s4_normal_retardationnormal.png,0
970_s4_normal_retardationnormal.png,0
341_s4_normal_retardationnormal.png,0
1196_s4_normal_retardationnormal.png,0
679_s4_normal_retardationnormal.png,0
840_s4_normal_retardationnormal.png,0
1013_s4_normal_retardationnormal.png,0
893_s4_normal_retardationnormal.png,0
849_s4_normal_retardationnormal.png,0
1012_s4_normal_retardationnormal.png,0
369_s4_normal_retardationnormal.png,0
964_s4_normal_retardationnormal.png,0
568_s4_normal_retardationnormal.png,0
736_s4_normal_retardationnormal.png,0
13_s4_normal_retardationnormal.png,0
607_s4_normal_retardationnormal.png,0
479_s4_normal_retardationnormal.png,0
862_s4_normal_retardationnormal.png,0
1037_s4_normal_retardationnormal.png,0
103_s4_normal_retardationnormal.png,0
93_s4_normal_retardationnormal.png,0
916_s4_normal_retardationnormal.png,0
343_s4_normal_retardationnormal.png,0
373_s4_normal_retardationnormal.png,0
470_s4_normal_retardationnormal.png,0
917_s4_normal_retardationnormal.png,0
67_s4_normal_retardationnormal.png,0
685_s4_normal_retardationnormal.png,0
396_s4_normal_retardationnormal.png,0
1180_s4_normal_retardationnormal.png,0
407_s4_normal_retardationnormal.png,0
785_s4_normal_retardationnormal.png,0
460_s4_normal_retardationnormal.png,0
323_s4_normal_retardationnormal.png,0
218_s4_normal_retardationnormal.png,0
298_s4_normal_retardationnormal.png,0
784_s4_normal_retardationnormal.png,0
554_s4_normal_retardationnormal.png,0
1165_s4_normal_retardationnormal.png,0
1097_s4_normal_retardationnormal.png,0
961_s4_normal_retardationnormal.png,0
344_s4_normal_retardationnormal.png,0
449_s4_normal_retardationnormal.png,0
457_s4_normal_retardationnormal.png,0
399_s4_normal_retardationnormal.png,0
1035_s4_normal_retardationnormal.png,0
364_s4_normal_retardationnormal.png,0
774_s4_normal_retardationnormal.png,0
286_s4_normal_retardationnormal.png,0
730_s4_normal_retardationnormal.png,0
759_s4_normal_retardationnormal.png,0
1066_s4_normal_retardationnormal.png,0
696_s4_normal_retardationnormal.png,0
835_s4_normal_retardationnormal.png,0
822_s4_normal_retardationnormal.png,0
252_s4_normal_retardationnormal.png,0
471_s4_normal_retardationnormal.png,0
811_s4_normal_retardationnormal.png,0
123_s4_normal_retardationnormal.png,0
702_s4_normal_retardationnormal.png,0
365_s4_normal_retardationnormal.png,0
720_s4_normal_retardationnormal.png,0
1087_s4_normal_retardationnormal.png,0
247_s4_normal_retardationnormal.png,0
857_s4_normal_retardationnormal.png,0
643_s4_normal_retardationnormal.png,0
668_s4_normal_retardationnormal.png,0
537_s4_normal_retardationnormal.png,0
270_s4_normal_retardationnormal.png,0
1090_s4_normal_retardationnormal.png,0
495_s4_normal_retardationnormal.png,0
530_s4_normal_retardationnormal.png,0
427_s4_normal_retardationnormal.png,0
10_s4_normal_retardationnormal.png,0
351_s4_normal_retardationnormal.png,0
381_s4_normal_retardationnormal.png,0
108_s4_normal_retardationnormal.png,0
262_s4_normal_retardationnormal.png,0
773_s4_normal_retardationnormal.png,0
409_s4_normal_retardationnormal.png,0
116_s4_normal_retardationnormal.png,0
325_s4_normal_retardationnormal.png,0
87_s4_normal_retardationnormal.png,0
1131_s4_normal_retardationnormal.png,0
814_s4_normal_retardationnormal.png,0
944_s4_normal_retardationnormal.png,0
494_s4_normal_retardationnormal.png,0
812_s4_normal_retardationnormal.png,0
852_s4_normal_retardationnormal.png,0
197_s4_normal_retardationnormal.png,0
232_s4_normal_retardationnormal.png,0
281_s4_normal_retardationnormal.png,0
307_s4_normal_retardationnormal.png,0
1166_s4_normal_retardationnormal.png,0
569_s4_normal_retardationnormal.png,0
557_s4_normal_retardationnormal.png,0
739_s4_normal_retardationnormal.png,0
21_s4_normal_retardationnormal.png,0
887_s4_normal_retardationnormal.png,0
1054_s4_normal_retardationnormal.png,0
591_s4_normal_retardationnormal.png,0
42_s4_normal_retardationnormal.png,0
653_s4_normal_retardationnormal.png,0
147_s4_normal_retardationnormal.png,0
350_s4_normal_retardationnormal.png,0
1171_s4_normal_retardationnormal.png,0
501_s4_normal_retardationnormal.png,0
522_s4_normal_retardationnormal.png,0
499_s4_normal_retardationnormal.png,0
548_s4_normal_retardationnormal.png,0
95_s4_normal_retardationnormal.png,0
20_s4_normal_retardationnormal.png,0
12_s4_normal_retardationnormal.png,0
531_s4_normal_retardationnormal.png,0
657_s4_normal_retardationnormal.png,0
70_s4_normal_retardationnormal.png,0
642_s4_normal_retardationnormal.png,0
1072_s4_normal_retardationnormal.png,0
754_s4_normal_retardationnormal.png,0
367_s4_normal_retardationnormal.png,0
358_s4_normal_retardationnormal.png,0
868_s4_normal_retardationnormal.png,0
941_s4_normal_retardationnormal.png,0
742_s4_normal_retardationnormal.png,0
976_s4_normal_retardationnormal.png,0
434_s4_normal_retardationnormal.png,0
413_s4_normal_retardationnormal.png,0
423_s4_normal_retardationnormal.png,0
741_s4_normal_retardationnormal.png,0
738_s4_normal_retardationnormal.png,0
192_s4_normal_retardationnormal.png,0
535_s4_normal_retardationnormal.png,0
844_s4_normal_retardationnormal.png,0
898_s4_normal_retardationnormal.png,0
426_s4_normal_retardationnormal.png,0
896_s4_normal_retardationnormal.png,0
236_s4_normal_retardationnormal.png,0
464_s4_normal_retardationnormal.png,0
709_s4_normal_retardationnormal.png,0
329_s4_normal_retardationnormal.png,0
1148_s4_normal_retardationnormal.png,0
163_s4_normal_retardationnormal.png,0
766_s4_normal_retardationnormal.png,0
779_s4_normal_retardationnormal.png,0
1017_s4_normal_retardationnormal.png,0
366_s4_normal_retardationnormal.png,0
768_s4_normal_retardationnormal.png,0
853_s4_normal_retardationnormal.png,0
923_s4_normal_retardationnormal.png,0
184_s4_normal_retardationnormal.png,0
620_s4_normal_retardationnormal.png,0
880_s4_normal_retardationnormal.png,0
545_s4_normal_retardationnormal.png,0
162_s4_normal_retardationnormal.png,0
957_s4_normal_retardationnormal.png,0
242_s4_normal_retardationnormal.png,0
253_s4_normal_retardationnormal.png,0
160_s4_normal_retardationnormal.png,0
111_s4_normal_retardationnormal.png,0
44_s4_normal_retardationnormal.png,0
441_s4_normal_retardationnormal.png,0
230_s4_normal_retardationnormal.png,0
186_s4_normal_retardationnormal.png,0
190_s4_normal_retardationnormal.png,0
443_s4_normal_retardationnormal.png,0
518_s4_normal_retardationnormal.png,0
411_s4_normal_retardationnormal.png,0
271_s4_normal_retardationnormal.png,0
436_s4_normal_retardationnormal.png,0
892_s4_normal_retardationnormal.png,0
588_s4_normal_retardationnormal.png,0
389_s4_normal_retardationnormal.png,0
410_s4_normal_retardationnormal.png,0
546_s4_normal_retardationnormal.png,0
125_s4_normal_retardationnormal.png,0
682_s4_normal_retardationnormal.png,0
1083_s4_normal_retardationnormal.png,0
792_s4_normal_retardationnormal.png,0
1091_s4_normal_retardationnormal.png,0
1042_s4_normal_retardationnormal.png,0
483_s4_normal_retardationnormal.png,0
345_s4_normal_retardationnormal.png,0
06_s4_normal_retardationnormal.png,0
1114_s4_normal_retardationnormal.png,0
954_s4_normal_retardationnormal.png,0
936_s4_normal_retardationnormal.png,0
982_s4_normal_retardationnormal.png,0
1058_s4_normal_retardationnormal.png,0
714_s4_normal_retardationnormal.png,0
1047_s4_normal_retardationnormal.png,0
820_s4_normal_retardationnormal.png,0
126_s4_normal_retardationnormal.png,0
980_s4_normal_retardationnormal.png,0
469_s4_normal_retardationnormal.png,0
516_s4_normal_retardationnormal.png,0
217_s4_normal_retardationnormal.png,0
547_s4_normal_retardationnormal.png,0
816_s4_normal_retardationnormal.png,0
463_s4_normal_retardationnormal.png,0
1117_s4_normal_retardationnormal.png,0
552_s4_normal_retardationnormal.png,0
1025_s4_normal_retardationnormal.png,0
196_s4_normal_retardationnormal.png,0
750_s4_normal_retardationnormal.png,0
514_s4_normal_retardationnormal.png,0
881_s4_normal_retardationnormal.png,0
712_s4_normal_retardationnormal.png,0
929_s4_normal_retardationnormal.png,0
955_s4_normal_retardationnormal.png,0
419_s4_normal_retardationnormal.png,0
1038_s4_normal_retardationnormal.png,0
219_s4_normal_retardationnormal.png,0
919_s4_normal_retardationnormal.png,0
362_s4_normal_retardationnormal.png,0
674_s4_normal_retardationnormal.png,0
590_s4_normal_retardationnormal.png,0
805_s4_normal_retardationnormal.png,0
788_s4_normal_retardationnormal.png,0
347_s4_normal_retardationnormal.png,0
1157_s4_normal_retardationnormal.png,0
1061_s4_normal_retardationnormal.png,0
688_s4_normal_retardationnormal.png,0
757_s4_normal_retardationnormal.png,0
397_s4_normal_retardationnormal.png,0
327_s4_normal_retardationnormal.png,0
1152_s4_normal_retardationnormal.png,0
926_s4_normal_retardationnormal.png,0
715_s4_normal_retardationnormal.png,0
611_s4_normal_retardationnormal.png,0
285_s4_normal_retardationnormal.png,0
832_s4_normal_retardationnormal.png,0
1163_s4_normal_retardationnormal.png,0
137_s4_normal_retardationnormal.png,0
1140_s4_normal_retardationnormal.png,0
782_s4_normal_retardationnormal.png,0
983_s4_normal_retardationnormal.png,0
1161_s4_normal_retardationnormal.png,0
975_s4_normal_retardationnormal.png,0
134_s4_normal_retardationnormal.png,0
953_s4_normal_retardationnormal.png,0
703_s4_normal_retardationnormal.png,0
53_s4_normal_retardationnormal.png,0
717_s4_normal_retardationnormal.png,0
233_s4_normal_retardationnormal.png,0
927_s4_normal_retardationnormal.png,0
52_s4_normal_retardationnormal.png,0
312_s4_normal_retardationnormal.png,0
1099_s4_normal_retardationnormal.png,0
644_s4_normal_retardationnormal.png,0
59_s4_normal_retardationnormal.png,0
177_s4_normal_retardationnormal.png,0
333_s4_normal_retardationnormal.png,0
1088_s4_normal_retardationnormal.png,0
208_s4_normal_retardationnormal.png,0
567_s4_normal_retardationnormal.png,0
56_s4_normal_retardationnormal.png,0
889_s4_normal_retardationnormal.png,0
152_s4_normal_retardationnormal.png,0
1105_s4_normal_retardationnormal.png,0
505_s4_normal_retardationnormal.png,0
484_s4_normal_retardationnormal.png,0
1020_s4_normal_retardationnormal.png,0
778_s4_normal_retardationnormal.png,0
99_s4_normal_retardationnormal.png,0
150_s4_normal_retardationnormal.png,0
974_s4_normal_retardationnormal.png,0
424_s4_normal_retardationnormal.png,0
899_s4_normal_retardationnormal.png,0
185_s4_normal_retardationnormal.png,0
1062_s4_normal_retardationnormal.png,0
698_s4_normal_retardationnormal.png,0
673_s4_normal_retardationnormal.png,0
195_s4_normal_retardationnormal.png,0
1164_s4_normal_retardationnormal.png,0
459_s4_normal_retardationnormal.png,0
903_s4_normal_retardationnormal.png,0
951_s4_normal_retardationnormal.png,0
1000_s4_normal_retardationnormal.png,0
360_s4_normal_retardationnormal.png,0
416_s4_normal_retardationnormal.png,0
180_s4_normal_retardationnormal.png,0
901_s4_normal_retardationnormal.png,0
1040_s4_normal_retardationnormal.png,0
830_s4_normal_retardationnormal.png,0
289_s4_normal_retardationnormal.png,0
476_s4_normal_retardationnormal.png,0
404_s4_normal_retardationnormal.png,0
127_s4_normal_retardationnormal.png,0
959_s4_normal_retardationnormal.png,0
1112_s4_normal_retardationnormal.png,0
770_s4_normal_retardationnormal.png,0
1123_s4_normal_retardationnormal.png,0
1081_s4_normal_retardationnormal.png,0
393_s4_normal_retardationnormal.png,0
1154_s4_normal_retardationnormal.png,0
728_s4_normal_retardationnormal.png,0
1159_s4_normal_retardationnormal.png,0
406_s4_normal_retardationnormal.png,0
630_s4_normal_retardationnormal.png,0
368_s4_normal_retardationnormal.png,0
948_s4_normal_retardationnormal.png,0
633_s4_normal_retardationnormal.png,0
1126_s4_normal_retardationnormal.png,0
265_s4_normal_retardationnormal.png,0
295_s4_normal_retardationnormal.png,0
998_s4_normal_retardationnormal.png,0
595_s4_normal_retardationnormal.png,0
748_s4_normal_retardationnormal.png,0
680_s4_normal_retardationnormal.png,0
193_s4_normal_retardationnormal.png,0
50_s4_normal_retardationnormal.png,0
22_s4_normal_retardationnormal.png,0
171_s4_normal_retardationnormal.png,0
361_s4_normal_retardationnormal.png,0
608_s4_normal_retardationnormal.png,0
1150_s4_normal_retardationnormal.png,0
1107_s4_normal_retardationnormal.png,0
354_s4_normal_retardationnormal.png,0
1135_s4_normal_retardationnormal.png,0
475_s4_normal_retardationnormal.png,0
182_s4_normal_retardationnormal.png,0
149_s4_normal_retardationnormal.png,0
1063_s4_normal_retardationnormal.png,0
356_s4_normal_retardationnormal.png,0
431_s4_normal_retardationnormal.png,0
654_s4_normal_retardationnormal.png,0
28_s4_normal_retardationnormal.png,0
245_s4_normal_retardationnormal.png,0
718_s4_normal_retardationnormal.png,0
139_s4_normal_retardationnormal.png,0
331_s4_normal_retardationnormal.png,0
1046_s4_normal_retardationnormal.png,0
577_s4_normal_retardationnormal.png,0
480_s4_normal_retardationnormal.png,0
146_s4_normal_retardationnormal.png,0
662_s4_normal_retardationnormal.png,0
806_s4_normal_retardationnormal.png,0
194_s4_normal_retardationnormal.png,0
384_s4_normal_retardationnormal.png,0
1082_s4_normal_retardationnormal.png,0
417_s4_normal_retardationnormal.png,0
342_s4_normal_retardationnormal.png,0
734_s4_normal_retardationnormal.png,0
855_s4_normal_retardationnormal.png,0
144_s4_normal_retardationnormal.png,0
1007_s4_normal_retardationnormal.png,0
214_s4_normal_retardationnormal.png,0
1109_s4_normal_retardationnormal.png,0
357_s4_normal_retardationnormal.png,0
201_s4_normal_retardationnormal.png,0
238_s4_normal_retardationnormal.png,0
625_s4_normal_retardationnormal.png,0
315_s4_normal_retardationnormal.png,0
288_s4_normal_retardationnormal.png,0
85_s4_normal_retardationnormal.png,0
1015_s4_normal_retardationnormal.png,0
107_s4_normal_retardationnormal.png,0
689_s4_normal_retardationnormal.png,0
221_s4_normal_retardationnormal.png,0
170_s4_normal_retardationnormal.png,0
666_s4_normal_retardationnormal.png,0
249_s4_normal_retardationnormal.png,0
461_s4_normal_retardationnormal.png,0
275_s4_normal_retardationnormal.png,0
305_s4_normal_retardationnormal.png,0
175_s4_normal_retardationnormal.png,0
626_s4_normal_retardationnormal.png,0
701_s4_normal_retardationnormal.png,0
405_s4_normal_retardationnormal.png,0
154_s4_normal_retardationnormal.png,0
496_s4_normal_retardationnormal.png,0
870_s4_normal_retardationnormal.png,0
649_s4_normal_retardationnormal.png,0
412_s4_normal_retardationnormal.png,0
846_s4_normal_retardationnormal.png,0
629_s4_normal_retardationnormal.png,0
513_s4_normal_retardationnormal.png,0
758_s4_normal_retardationnormal.png,0
824_s4_normal_retardationnormal.png,0
394_s4_normal_retardationnormal.png,0
599_s4_normal_retardationnormal.png,0
602_s4_normal_retardationnormal.png,0
1064_s4_normal_retardationnormal.png,0
226_s4_normal_retardationnormal.png,0
1101_s4_normal_retardationnormal.png,0
549_s4_normal_retardationnormal.png,0
377_s4_normal_retardationnormal.png,0
204_s4_normal_retardationnormal.png,0
834_s4_normal_retardationnormal.png,0
664_s4_normal_retardationnormal.png,0
879_s4_normal_retardationnormal.png,0
971_s4_normal_retardationnormal.png,0
248_s4_normal_retardationnormal.png,0
802_s4_normal_retardationnormal.png,0
1034_s4_normal_retardationnormal.png,0
651_s4_normal_retardationnormal.png,0
34_s4_normal_retardationnormal.png,0
804_s4_normal_retardationnormal.png,0
422_s4_normal_retardationnormal.png,0
401_s4_normal_retardationnormal.png,0
485_s4_normal_retardationnormal.png,0
474_s4_normal_retardationnormal.png,0
382_s4_normal_retardationnormal.png,0
371_s4_normal_retardationnormal.png,0
977_s4_normal_retardationnormal.png,0
187_s4_normal_retardationnormal.png,0
502_s4_normal_retardationnormal.png,0
128_s4_normal_retardationnormal.png,0
346_s4_normal_retardationnormal.png,0
1084_s4_normal_retardationnormal.png,0
1108_s4_normal_retardationnormal.png,0
1158_s4_normal_retardationnormal.png,0
446_s4_normal_retardationnormal.png,0
597_s4_normal_retardationnormal.png,0
122_s4_normal_retardationnormal.png,0
839_s4_normal_retardationnormal.png,0
1172_s4_normal_retardationnormal.png,0
1183_s4_normal_retardationnormal.png,0
969_s4_normal_retardationnormal.png,0
823_s4_normal_retardationnormal.png,0
650_s4_normal_retardationnormal.png,0
1185_s4_normal_retardationnormal.png,0
1018_s4_normal_retardationnormal.png,0
250_s4_normal_retardationnormal.png,0
1039_s4_normal_retardationnormal.png,0
36_s4_normal_retardationnormal.png,0
1065_s4_normal_retardationnormal.png,0
210_s4_normal_retardationnormal.png,0
967_s4_normal_retardationnormal.png,0
1132_s4_normal_retardationnormal.png,0
616_s4_normal_retardationnormal.png,0
1004_s4_normal_retardationnormal.png,0
282_s4_normal_retardationnormal.png,0
284_s4_normal_retardationnormal.png,0
112_s4_normal_retardationnormal.png,0
883_s4_normal_retardationnormal.png,0
273_s4_normal_retardationnormal.png,0
743_s4_normal_retardationnormal.png,0
725_s4_normal_retardationnormal.png,0
277_s4_normal_retardationnormal.png,0
1093_s4_normal_retardationnormal.png,0
255_s4_normal_retardationnormal.png,0
1155_s4_normal_retardationnormal.png,0
606_s4_normal_retardationnormal.png,0
1016_s4_normal_retardationnormal.png,0
965_s4_normal_retardationnormal.png,0
1134_s4_normal_retardationnormal.png,0
385_s4_normal_retardationnormal.png,0
76_s4_normal_retardationnormal.png,0
274_s4_normal_retardationnormal.png,0
379_s4_normal_retardationnormal.png,0
64_s4_normal_retardationnormal.png,0
659_s4_normal_retardationnormal.png,0
647_s4_normal_retardationnormal.png,0
1008_s4_normal_retardationnormal.png,0
209_s4_normal_retardationnormal.png,0
966_s4_normal_retardationnormal.png,0
435_s4_normal_retardationnormal.png,0
440_s4_normal_retardationnormal.png,0
355_s4_normal_retardationnormal.png,0
316_s4_normal_retardationnormal.png,0
817_s4_normal_retardationnormal.png,0
1190_s4_normal_retardationnormal.png,0
894_s4_normal_retardationnormal.png,0
317_s4_normal_retardationnormal.png,0
660_s4_normal_retardationnormal.png,0
874_s4_normal_retardationnormal.png,0
572_s4_normal_retardationnormal.png,0
168_s4_normal_retardationnormal.png,0
528_s4_normal_retardationnormal.png,0
326_s4_normal_retardationnormal.png,0
723_s4_normal_retardationnormal.png,0
303_s4_normal_retardationnormal.png,0
205_s4_normal_retardationnormal.png,0
279_s4_normal_retardationnormal.png,0
661_s4_normal_retardationnormal.png,0
179_s4_normal_retardationnormal.png,0
1056_s4_normal_retardationnormal.png,0
231_s4_normal_retardationnormal.png,0
1076_s4_normal_retardationnormal.png,0
559_s4_normal_retardationnormal.png,0
1074_s4_normal_retardationnormal.png,0
907_s4_normal_retardationnormal.png,0
267_s4_normal_retardationnormal.png,0
600_s4_normal_retardationnormal.png,0
1120_s4_normal_retardationnormal.png,0
603_s4_normal_retardationnormal.png,0
981_s4_normal_retardationnormal.png,0
1151_s4_normal_retardationnormal.png,0
1142_s4_normal_retardationnormal.png,0
135_s4_normal_retardationnormal.png,0
809_s4_normal_retardationnormal.png,0
235_s4_normal_retardationnormal.png,0
83_s4_normal_retardationnormal.png,0
84_s4_normal_retardationnormal.png,0
287_s4_normal_retardationnormal.png,0
570_s4_normal_retardationnormal.png,0
492_s4_normal_retardationnormal.png,0
566_s4_normal_retardationnormal.png,0
915_s4_normal_retardationnormal.png,0
538_s4_normal_retardationnormal.png,0
110_s4_normal_retardationnormal.png,0
25_s4_normal_retardationnormal.png,0
41_s4_normal_retardationnormal.png,0
988_s4_normal_retardationnormal.png,0
380_s4_normal_retardationnormal.png,0
106_s4_normal_retardationnormal.png,0
451_s4_normal_retardationnormal.png,0
143_s4_normal_retardationnormal.png,0
507_s4_normal_retardationnormal.png,0
1092_s4_normal_retardationnormal.png,0
716_s4_normal_retardationnormal.png,0
133_s4_normal_retardationnormal.png,0
987_s4_normal_retardationnormal.png,0
675_s4_normal_retardationnormal.png,0
1178_s4_normal_retardationnormal.png,0
858_s4_normal_retardationnormal.png,0
751_s4_normal_retardationnormal.png,0
349_s4_normal_retardationnormal.png,0
292_s4_normal_retardationnormal.png,0
61_s4_normal_retardationnormal.png,0
697_s4_normal_retardationnormal.png,0
515_s4_normal_retardationnormal.png,0
40_s4_normal_retardationnormal.png,0
119_s4_normal_retardationnormal.png,0
543_s4_normal_retardationnormal.png,0
640_s4_normal_retardationnormal.png,0
1175_s4_normal_retardationnormal.png,0
756_s4_normal_retardationnormal.png,0
1188_s4_normal_retardationnormal.png,0
375_s4_normal_retardationnormal.png,0
746_s4_normal_retardationnormal.png,0
745_s4_normal_retardationnormal.png,0
727_s4_normal_retardationnormal.png,0
581_s4_normal_retardationnormal.png,0
1044_s4_normal_retardationnormal.png,0
934_s4_normal_retardationnormal.png,0
655_s4_normal_retardationnormal.png,0
37_s4_normal_retardationnormal.png,0
859_s4_normal_retardationnormal.png,0
339_s4_normal_retardationnormal.png,0
353_s4_normal_retardationnormal.png,0
158_s4_normal_retardationnormal.png,0
1186_s4_normal_retardationnormal.png,0
467_s4_normal_retardationnormal.png,0
320_s4_normal_retardationnormal.png,0
511_s4_normal_retardationnormal.png,0
69_s4_normal_retardationnormal.png,0
797_s4_normal_retardationnormal.png,0
370_s4_normal_retardationnormal.png,0
550_s4_normal_retardationnormal.png,0
1191_s4_normal_retardationnormal.png,0
613_s4_normal_retardationnormal.png,0
585_s4_normal_retardationnormal.png,0
306_s4_normal_retardationnormal.png,0
340_s4_normal_retardationnormal.png,0
544_s4_normal_retardationnormal.png,0
1027_s4_normal_retardationnormal.png,0
38_s4_normal_retardationnormal.png,0
940_s4_normal_retardationnormal.png,0
433_s4_normal_retardationnormal.png,0
1122_s4_normal_retardationnormal.png,0
837_s4_normal_retardationnormal.png,0
88_s4_normal_retardationnormal.png,0
1023_s4_normal_retardationnormal.png,0
181_s4_normal_retardationnormal.png,0
1181_s4_normal_retardationnormal.png,0
609_s4_normal_retardationnormal.png,0
269_s4_normal_retardationnormal.png,0
266_s4_normal_retardationnormal.png,0
176_s4_normal_retardationnormal.png,0
932_s4_normal_retardationnormal.png,0
1071_s4_normal_retardationnormal.png,0
02_s4_normal_retardationnormal.png,0
925_s4_normal_retardationnormal.png,0
510_s4_normal_retardationnormal.png,0
747_s4_normal_retardationnormal.png,0
637_s4_normal_retardationnormal.png,0
1198_s4_normal_retardationnormal.png,0
529_s4_normal_retardationnormal.png,0
101_s4_normal_retardationnormal.png,0
540_s4_normal_retardationnormal.png,0
713_s4_normal_retardationnormal.png,0
1100_s4_normal_retardationnormal.png,0
378_s4_normal_retardationnormal.png,0
825_s4_normal_retardationnormal.png,0
536_s4_normal_retardationnormal.png,0
1160_s4_normal_retardationnormal.png,0
646_s4_normal_retardationnormal.png,0
465_s4_normal_retardationnormal.png,0
583_s4_normal_retardationnormal.png,0
447_s4_normal_retardationnormal.png,0
90_s4_normal_retardationnormal.png,0
828_s4_normal_retardationnormal.png,0
517_s4_normal_retardationnormal.png,0
1029_s4_normal_retardationnormal.png,0
775_s4_normal_retardationnormal.png,0
1176_s4_normal_retardationnormal.png,0
1089_s4_normal_retardationnormal.png,0
789_s4_normal_retardationnormal.png,0
687_s4_normal_retardationnormal.png,0
1197_s4_normal_retardationnormal.png,0
89_s4_normal_retardationnormal.png,0
383_s4_normal_retardationnormal.png,0
124_s4_normal_retardationnormal.png,0
866_s4_normal_retardationnormal.png,0
138_s4_normal_retardationnormal.png,0
74_s4_normal_retardationnormal.png,0
314_s4_normal_retardationnormal.png,0
16_s4_normal_retardationnormal.png,0
648_s4_normal_retardationnormal.png,0
979_s4_normal_retardationnormal.png,0
240_s4_normal_retardationnormal.png,0
29_s4_normal_retardationnormal.png,0
878_s4_normal_retardationnormal.png,0
1149_s4_normal_retardationnormal.png,0
1168_s4_normal_retardationnormal.png,0
191_s4_normal_retardationnormal.png,0
31_s4_normal_retardationnormal.png,0
58_s4_normal_retardationnormal.png,0
921_s4_normal_retardationnormal.png,0
86_s4_normal_retardationnormal.png,0
776_s4_normal_retardationnormal.png,0
386_s4_normal_retardationnormal.png,0
904_s4_normal_retardationnormal.png,0
594_s4_normal_retardationnormal.png,0
11_s4_normal_retardationnormal.png,0
890_s4_normal_retardationnormal.png,0
800_s4_normal_retardationnormal.png,0
533_s4_normal_retardationnormal.png,0
949_s4_normal_retardationnormal.png,0
956_s4_normal_retardationnormal.png,0
91_s4_normal_retardationnormal.png,0
402_s4_normal_retardationnormal.png,0
504_s4_normal_retardationnormal.png,0
1086_s4_normal_retardationnormal.png,0
1080_s4_normal_retardationnormal.png,0
1060_s4_normal_retardationnormal.png,0
151_s4_normal_retardationnormal.png,0
708_s4_normal_retardationnormal.png,0
686_s4_normal_retardationnormal.png,0
46_s4_normal_retardationnormal.png,0
634_s4_normal_retardationnormal.png,0
886_s4_normal_retardationnormal.png,0
161_s4_normal_retardationnormal.png,0
612_s4_normal_retardationnormal.png,0
699_s4_normal_retardationnormal.png,0
51_s4_normal_retardationnormal.png,0
877_s4_normal_retardationnormal.png,0
80_s4_normal_retardationnormal.png,0
831_s4_normal_retardationnormal.png,0
498_s4_normal_retardationnormal.png,0
408_s4_normal_retardationnormal.png,0
920_s4_normal_retardationnormal.png,0
888_s4_normal_retardationnormal.png,0
96_s4_normal_retardationnormal.png,0
677_s4_normal_retardationnormal.png,0
947_s4_normal_retardationnormal.png,0
310_s4_normal_retardationnormal.png,0
216_s4_normal_retardationnormal.png,0
448_s4_normal_retardationnormal.png,0
582_s4_normal_retardationnormal.png,0
1189_s4_normal_retardationnormal.png,0
418_s4_normal_retardationnormal.png,0
671_s4_normal_retardationnormal.png,0
500_s4_normal_retardationnormal.png,0
556_s4_normal_retardationnormal.png,0
18_s4_normal_retardationnormal.png,0
437_s4_normal_retardationnormal.png,0
732_s4_normal_retardationnormal.png,0
456_s4_normal_retardationnormal.png,0
487_s4_normal_retardationnormal.png,0
658_s4_normal_retardationnormal.png,0
156_s4_normal_retardationnormal.png,0
914_s4_normal_retardationnormal.png,0
632_s4_normal_retardationnormal.png,0
993_s4_normal_retardationnormal.png,0
848_s4_normal_retardationnormal.png,0
793_s4_normal_retardationnormal.png,0
933_s4_normal_retardationnormal.png,0
1199_s4_normal_retardationnormal.png,0
493_s4_normal_retardationnormal.png,0
509_s4_normal_retardationnormal.png,0
838_s4_normal_retardationnormal.png,0
55_s4_normal_retardationnormal.png,0
1085_s4_normal_retardationnormal.png,0
304_s4_normal_retardationnormal.png,0
225_s4_normal_retardationnormal.png,0
258_s4_normal_retardationnormal.png,0
1128_s4_normal_retardationnormal.png,0
1130_s4_normal_retardationnormal.png,0
324_s4_normal_retardationnormal.png,0
989_s4_normal_retardationnormal.png,0
1052_s4_normal_retardationnormal.png,0
561_s4_normal_retardationnormal.png,0
121_s4_normal_retardationnormal.png,0
787_s4_normal_retardationnormal.png,0
527_s4_normal_retardationnormal.png,0
856_s4_normal_retardationnormal.png,0
1078_s4_normal_retardationnormal.png,0
157_s4_normal_retardationnormal.png,0
872_s4_normal_retardationnormal.png,0
129_s4_normal_retardationnormal.png,0
763_s4_normal_retardationnormal.png,0
681_s4_normal_retardationnormal.png,0
601_s4_normal_retardationnormal.png,0
722_s4_normal_retardationnormal.png,0
909_s4_normal_retardationnormal.png,0
1184_s4_normal_retardationnormal.png,0
1143_s4_normal_retardationnormal.png,0
691_s4_normal_retardationnormal.png,0
694_s4_normal_retardationnormal.png,0
526_s4_normal_retardationnormal.png,0
72_s4_normal_retardationnormal.png,0
35_s4_normal_retardationnormal.png,0
1069_s4_normal_retardationnormal.png,0
1127_s4_normal_retardationnormal.png,0
142_s4_normal_retardationnormal.png,0
598_s4_normal_retardationnormal.png,0
421_s4_normal_retardationnormal.png,0
614_s4_normal_retardationnormal.png,0
318_s4_normal_retardationnormal.png,0
985_s4_normal_retardationnormal.png,0
995_s4_normal_retardationnormal.png,0
946_s4_normal_retardationnormal.png,0
973_s4_normal_retardationnormal.png,0
115_s4_normal_retardationnormal.png,0
819_s4_normal_retardationnormal.png,0
486_s4_normal_retardationnormal.png,0
690_s4_normal_retardationnormal.png,0
1182_s4_normal_retardationnormal.png,0
663_s4_normal_retardationnormal.png,0
869_s4_normal_retardationnormal.png,0
466_s4_normal_retardationnormal.png,0
17_s4_normal_retardationnormal.png,0
104_s4_normal_retardationnormal.png,0
882_s4_normal_retardationnormal.png,0
912_s4_normal_retardationnormal.png,0
952_s4_normal_retardationnormal.png,0
928_s4_normal_retardationnormal.png,0
731_s4_normal_retardationnormal.png,0
1129_s4_normal_retardationnormal.png,0
576_s4_normal_retardationnormal.png,0
1195_s4_normal_retardationnormal.png,0
945_s4_normal_retardationnormal.png,0
523_s4_normal_retardationnormal.png,0
425_s4_normal_retardationnormal.png,0
359_s4_normal_retardationnormal.png,0
807_s4_normal_retardationnormal.png,0
257_s4_normal_retardationnormal.png,0
1098_s4_normal_retardationnormal.png,0
829_s4_normal_retardationnormal.png,0
212_s4_normal_retardationnormal.png,0
489_s4_normal_retardationnormal.png,0
1167_s4_normal_retardationnormal.png,0
873_s4_normal_retardationnormal.png,0
296_s4_normal_retardationnormal.png,0
109_s4_normal_retardationnormal.png,0
584_s4_normal_retardationnormal.png,0
1032_s4_normal_retardationnormal.png,0
924_s4_normal_retardationnormal.png,0
911_s4_normal_retardationnormal.png,0
1030_s4_normal_retardationnormal.png,0
693_s4_normal_retardationnormal.png,0
213_s4_normal_retardationnormal.png,0
833_s4_normal_retardationnormal.png,0
174_s4_normal_retardationnormal.png,0
178_s4_normal_retardationnormal.png,0
57_s4_normal_retardationnormal.png,0
623_s4_normal_retardationnormal.png,0
885_s4_normal_retardationnormal.png,0
794_s4_normal_retardationnormal.png,0
455_s4_normal_retardationnormal.png,0
07_s4_normal_retardationnormal.png,0
172_s4_normal_retardationnormal.png,0
813_s4_normal_retardationnormal.png,0
1121_s4_normal_retardationnormal.png,0
301_s4_normal_retardationnormal.png,0
593_s4_normal_retardationnormal.png,0
560_s4_normal_retardationnormal.png,0
302_s4_normal_retardationnormal.png,0
19_s4_normal_retardationnormal.png,0
639_s4_normal_retardationnormal.png,0
45_s4_normal_retardationnormal.png,0
826_s4_normal_retardationnormal.png,0
506_s4_normal_retardationnormal.png,0
1187_s4_normal_retardationnormal.png,0
592_s4_normal_retardationnormal.png,0
332_s4_normal_retardationnormal.png,0
772_s4_normal_retardationnormal.png,0
478_s4_normal_retardationnormal.png,0
239_s4_normal_retardationnormal.png,0
43_s4_normal_retardationnormal.png,0
400_s4_normal_retardationnormal.png,0
1010_s4_normal_retardationnormal.png,0
1014_s4_normal_retardationnormal.png,0
628_s4_normal_retardationnormal.png,0
102_s4_normal_retardationnormal.png,0
897_s4_normal_retardationnormal.png,0
165_s4_normal_retardationnormal.png,0
753_s4_normal_retardationnormal.png,0
68_s4_normal_retardationnormal.png,0
783_s4_normal_retardationnormal.png,0
453_s4_normal_retardationnormal.png,0
761_s4_normal_retardationnormal.png,0
541_s4_normal_retardationnormal.png,0
913_s4_normal_retardationnormal.png,0
1103_s4_normal_retardationnormal.png,0
100_s4_normal_retardationnormal.png,0
999_s4_normal_retardationnormal.png,0
211_s4_normal_retardationnormal.png,0
1141_s4_normal_retardationnormal.png,0
429_s4_normal_retardationnormal.png,0
1011_s4_normal_retardationnormal.png,0
1200_s4_normal_retardationnormal.png,0
428_s4_normal_retardationnormal.png,0
105_s4_normal_retardationnormal.png,0
27_s4_normal_retardationnormal.png,0
798_s4_normal_retardationnormal.png,0
937_s4_normal_retardationnormal.png,0
132_s4_normal_retardationnormal.png,0
931_s4_normal_retardationnormal.png,0
1049_s4_normal_retardationnormal.png,0
113_s4_normal_retardationnormal.png,0
615_s4_normal_retardationnormal.png,0
199_s4_normal_retardationnormal.png,0
94_s4_normal_retardationnormal.png,0
220_s4_normal_retardationnormal.png,0
950_s4_normal_retardationnormal.png,0
309_s4_normal_retardationnormal.png,0
617_s4_normal_retardationnormal.png,0
627_s4_normal_retardationnormal.png,0
472_s4_normal_retardationnormal.png,0
767_s4_normal_retardationnormal.png,0
222_s4_normal_retardationnormal.png,0
521_s4_normal_retardationnormal.png,0
482_s4_normal_retardationnormal.png,0
1162_s4_normal_retardationnormal.png,0
49_s4_normal_retardationnormal.png,0
1111_s4_normal_retardationnormal.png,0
452_s4_normal_retardationnormal.png,0
321_s4_normal_retardationnormal.png,0
762_s4_normal_retardationnormal.png,0
984_s4_normal_retardationnormal.png,0
497_s4_normal_retardationnormal.png,0
719_s4_normal_retardationnormal.png,0
624_s4_normal_retardationnormal.png,0
670_s4_normal_retardationnormal.png,0
1031_s4_normal_retardationnormal.png,0
291_s4_normal_retardationnormal.png,0
1068_s4_normal_retardationnormal.png,0
130_s4_normal_retardationnormal.png,0
1116_s4_normal_retardationnormal.png,0
864_s4_normal_retardationnormal.png,0
579_s4_normal_retardationnormal.png,0
860_s4_normal_retardationnormal.png,0
589_s4_normal_retardationnormal.png,0
963_s4_normal_retardationnormal.png,0
786_s4_normal_retardationnormal.png,0
188_s4_normal_retardationnormal.png,0
1138_s4_normal_retardationnormal.png,0
735_s4_normal_retardationnormal.png,0
454_s4_normal_retardationnormal.png,0
78_s4_normal_retardationnormal.png,0
667_s4_normal_retardationnormal.png,0
764_s4_normal_retardationnormal.png,0
259_s4_normal_retardationnormal.png,0
524_s4_normal_retardationnormal.png,0
622_s4_normal_retardationnormal.png,0
155_s4_normal_retardationnormal.png,0
676_s4_normal_retardationnormal.png,0
672_s4_normal_retardationnormal.png,0
75_s4_normal_retardationnormal.png,0
1174_s4_normal_retardationnormal.png,0
586_s4_normal_retardationnormal.png,0
1067_s4_normal_retardationnormal.png,0
03_s4_normal_retardationnormal.png,0
477_s4_normal_retardationnormal.png,0
710_s4_normal_retardationnormal.png,0
850_s4_normal_retardationnormal.png,0
678_s4_tumor_retardationtumor.png,1
195_s4_tumor_retardationtumor.png,1
434_s4_tumor_retardationtumor.png,1
348_s4_tumor_retardationtumor.png,1
494_s4_tumor_retardationtumor.png,1
1194_s4_tumor_retardationtumor.png,1
541_s4_tumor_retardationtumor.png,1
893_s4_tumor_retardationtumor.png,1
221_s4_tumor_retardationtumor.png,1
790_s4_tumor_retardationtumor.png,1
606_s4_tumor_retardationtumor.png,1
305_s4_tumor_retardationtumor.png,1
878_s4_tumor_retardationtumor.png,1
969_s4_tumor_retardationtumor.png,1
212_s4_tumor_retardationtumor.png,1
766_s4_tumor_retardationtumor.png,1
286_s4_tumor_retardationtumor.png,1
724_s4_tumor_retardationtumor.png,1
380_s4_tumor_retardationtumor.png,1
523_s4_tumor_retardationtumor.png,1
516_s4_tumor_retardationtumor.png,1
975_s4_tumor_retardationtumor.png,1
532_s4_tumor_retardationtumor.png,1
48_s4_tumor_retardationtumor.png,1
1166_s4_tumor_retardationtumor.png,1
1058_s4_tumor_retardationtumor.png,1
119_s4_tumor_retardationtumor.png,1
65_s4_tumor_retardationtumor.png,1
466_s4_tumor_retardationtumor.png,1
62_s4_tumor_retardationtumor.png,1
575_s4_tumor_retardationtumor.png,1
832_s4_tumor_retardationtumor.png,1
949_s4_tumor_retardationtumor.png,1
983_s4_tumor_retardationtumor.png,1
954_s4_tumor_retardationtumor.png,1
1195_s4_tumor_retardationtumor.png,1
1061_s4_tumor_retardationtumor.png,1
1134_s4_tumor_retardationtumor.png,1
134_s4_tumor_retardationtumor.png,1
906_s4_tumor_retardationtumor.png,1
851_s4_tumor_retardationtumor.png,1
557_s4_tumor_retardationtumor.png,1
825_s4_tumor_retardationtumor.png,1
323_s4_tumor_retardationtumor.png,1
758_s4_tumor_retardationtumor.png,1
518_s4_tumor_retardationtumor.png,1
1120_s4_tumor_retardationtumor.png,1
655_s4_tumor_retardationtumor.png,1
419_s4_tumor_retardationtumor.png,1
482_s4_tumor_retardationtumor.png,1
407_s4_tumor_retardationtumor.png,1
442_s4_tumor_retardationtumor.png,1
955_s4_tumor_retardationtumor.png,1
1054_s4_tumor_retardationtumor.png,1
238_s4_tumor_retardationtumor.png,1
535_s4_tumor_retardationtumor.png,1
1115_s4_tumor_retardationtumor.png,1
94_s4_tumor_retardationtumor.png,1
913_s4_tumor_retardationtumor.png,1
621_s4_tumor_retardationtumor.png,1
1124_s4_tumor_retardationtumor.png,1
338_s4_tumor_retardationtumor.png,1
86_s4_tumor_retardationtumor.png,1
702_s4_tumor_retardationtumor.png,1
38_s4_tumor_retardationtumor.png,1
574_s4_tumor_retardationtumor.png,1
49_s4_tumor_retardationtumor.png,1
1027_s4_tumor_retardationtumor.png,1
398_s4_tumor_retardationtumor.png,1
248_s4_tumor_retardationtumor.png,1
737_s4_tumor_retardationtumor.png,1
510_s4_tumor_retardationtumor.png,1
374_s4_tumor_retardationtumor.png,1
687_s4_tumor_retardationtumor.png,1
619_s4_tumor_retardationtumor.png,1
423_s4_tumor_retardationtumor.png,1
106_s4_tumor_retardationtumor.png,1
101_s4_tumor_retardationtumor.png,1
52_s4_tumor_retardationtumor.png,1
478_s4_tumor_retardationtumor.png,1
1153_s4_tumor_retardationtumor.png,1
220_s4_tumor_retardationtumor.png,1
503_s4_tumor_retardationtumor.png,1
674_s4_tumor_retardationtumor.png,1
166_s4_tumor_retardationtumor.png,1
309_s4_tumor_retardationtumor.png,1
443_s4_tumor_retardationtumor.png,1
1045_s4_tumor_retardationtumor.png,1
653_s4_tumor_retardationtumor.png,1
820_s4_tumor_retardationtumor.png,1
493_s4_tumor_retardationtumor.png,1
857_s4_tumor_retardationtumor.png,1
150_s4_tumor_retardationtumor.png,1
584_s4_tumor_retardationtumor.png,1
411_s4_tumor_retardationtumor.png,1
12_s4_tumor_retardationtumor.png,1
311_s4_tumor_retardationtumor.png,1
924_s4_tumor_retardationtumor.png,1
358_s4_tumor_retardationtumor.png,1
361_s4_tumor_retardationtumor.png,1
1152_s4_tumor_retardationtumor.png,1
970_s4_tumor_retardationtumor.png,1
972_s4_tumor_retardationtumor.png,1
716_s4_tumor_retardationtumor.png,1
378_s4_tumor_retardationtumor.png,1
607_s4_tumor_retardationtumor.png,1
951_s4_tumor_retardationtumor.png,1
102_s4_tumor_retardationtumor.png,1
822_s4_tumor_retardationtumor.png,1
529_s4_tumor_retardationtumor.png,1
184_s4_tumor_retardationtumor.png,1
953_s4_tumor_retardationtumor.png,1
686_s4_tumor_retardationtumor.png,1
587_s4_tumor_retardationtumor.png,1
243_s4_tumor_retardationtumor.png,1
850_s4_tumor_retardationtumor.png,1
1159_s4_tumor_retardationtumor.png,1
73_s4_tumor_retardationtumor.png,1
1118_s4_tumor_retardationtumor.png,1
941_s4_tumor_retardationtumor.png,1
533_s4_tumor_retardationtumor.png,1
293_s4_tumor_retardationtumor.png,1
746_s4_tumor_retardationtumor.png,1
202_s4_tumor_retardationtumor.png,1
357_s4_tumor_retardationtumor.png,1
388_s4_tumor_retardationtumor.png,1
1107_s4_tumor_retardationtumor.png,1
397_s4_tumor_retardationtumor.png,1
711_s4_tumor_retardationtumor.png,1
1162_s4_tumor_retardationtumor.png,1
1145_s4_tumor_retardationtumor.png,1
778_s4_tumor_retardationtumor.png,1
1070_s4_tumor_retardationtumor.png,1
83_s4_tumor_retardationtumor.png,1
861_s4_tumor_retardationtumor.png,1
1044_s4_tumor_retardationtumor.png,1
509_s4_tumor_retardationtumor.png,1
127_s4_tumor_retardationtumor.png,1
748_s4_tumor_retardationtumor.png,1
1163_s4_tumor_retardationtumor.png,1
791_s4_tumor_retardationtumor.png,1
705_s4_tumor_retardationtumor.png,1
1140_s4_tumor_retardationtumor.png,1
765_s4_tumor_retardationtumor.png,1
563_s4_tumor_retardationtumor.png,1
774_s4_tumor_retardationtumor.png,1
838_s4_tumor_retardationtumor.png,1
528_s4_tumor_retardationtumor.png,1
218_s4_tumor_retardationtumor.png,1
234_s4_tumor_retardationtumor.png,1
741_s4_tumor_retardationtumor.png,1
734_s4_tumor_retardationtumor.png,1
135_s4_tumor_retardationtumor.png,1
729_s4_tumor_retardationtumor.png,1
284_s4_tumor_retardationtumor.png,1
40_s4_tumor_retardationtumor.png,1
355_s4_tumor_retardationtumor.png,1
536_s4_tumor_retardationtumor.png,1
1017_s4_tumor_retardationtumor.png,1
1039_s4_tumor_retardationtumor.png,1
41_s4_tumor_retardationtumor.png,1
186_s4_tumor_retardationtumor.png,1
650_s4_tumor_retardationtumor.png,1
367_s4_tumor_retardationtumor.png,1
99_s4_tumor_retardationtumor.png,1
125_s4_tumor_retardationtumor.png,1
460_s4_tumor_retardationtumor.png,1
654_s4_tumor_retardationtumor.png,1
34_s4_tumor_retardationtumor.png,1
1060_s4_tumor_retardationtumor.png,1
1184_s4_tumor_retardationtumor.png,1
270_s4_tumor_retardationtumor.png,1
68_s4_tumor_retardationtumor.png,1
152_s4_tumor_retardationtumor.png,1
899_s4_tumor_retardationtumor.png,1
789_s4_tumor_retardationtumor.png,1
1102_s4_tumor_retardationtumor.png,1
452_s4_tumor_retardationtumor.png,1
187_s4_tumor_retardationtumor.png,1
751_s4_tumor_retardationtumor.png,1
863_s4_tumor_retardationtumor.png,1
1173_s4_tumor_retardationtumor.png,1
855_s4_tumor_retardationtumor.png,1
1011_s4_tumor_retardationtumor.png,1
456_s4_tumor_retardationtumor.png,1
141_s4_tumor_retardationtumor.png,1
683_s4_tumor_retardationtumor.png,1
213_s4_tumor_retardationtumor.png,1
962_s4_tumor_retardationtumor.png,1
259_s4_tumor_retardationtumor.png,1
1078_s4_tumor_retardationtumor.png,1
430_s4_tumor_retardationtumor.png,1
1103_s4_tumor_retardationtumor.png,1
292_s4_tumor_retardationtumor.png,1
312_s4_tumor_retardationtumor.png,1
31_s4_tumor_retardationtumor.png,1
45_s4_tumor_retardationtumor.png,1
401_s4_tumor_retardationtumor.png,1
98_s4_tumor_retardationtumor.png,1
770_s4_tumor_retardationtumor.png,1
564_s4_tumor_retardationtumor.png,1
635_s4_tumor_retardationtumor.png,1
1098_s4_tumor_retardationtumor.png,1
809_s4_tumor_retardationtumor.png,1
226_s4_tumor_retardationtumor.png,1
697_s4_tumor_retardationtumor.png,1
909_s4_tumor_retardationtumor.png,1
860_s4_tumor_retardationtumor.png,1
147_s4_tumor_retardationtumor.png,1
29_s4_tumor_retardationtumor.png,1
1051_s4_tumor_retardationtumor.png,1
368_s4_tumor_retardationtumor.png,1
1095_s4_tumor_retardationtumor.png,1
998_s4_tumor_retardationtumor.png,1
1154_s4_tumor_retardationtumor.png,1
95_s4_tumor_retardationtumor.png,1
363_s4_tumor_retardationtumor.png,1
735_s4_tumor_retardationtumor.png,1
256_s4_tumor_retardationtumor.png,1
362_s4_tumor_retardationtumor.png,1
939_s4_tumor_retardationtumor.png,1
898_s4_tumor_retardationtumor.png,1
721_s4_tumor_retardationtumor.png,1
1069_s4_tumor_retardationtumor.png,1
1161_s4_tumor_retardationtumor.png,1
864_s4_tumor_retardationtumor.png,1
412_s4_tumor_retardationtumor.png,1
925_s4_tumor_retardationtumor.png,1
757_s4_tumor_retardationtumor.png,1
395_s4_tumor_retardationtumor.png,1
120_s4_tumor_retardationtumor.png,1
963_s4_tumor_retardationtumor.png,1
219_s4_tumor_retardationtumor.png,1
810_s4_tumor_retardationtumor.png,1
1038_s4_tumor_retardationtumor.png,1
278_s4_tumor_retardationtumor.png,1
386_s4_tumor_retardationtumor.png,1
389_s4_tumor_retardationtumor.png,1
1055_s4_tumor_retardationtumor.png,1
1090_s4_tumor_retardationtumor.png,1
09_s4_tumor_retardationtumor.png,1
1021_s4_tumor_retardationtumor.png,1
856_s4_tumor_retardationtumor.png,1
203_s4_tumor_retardationtumor.png,1
816_s4_tumor_retardationtumor.png,1
862_s4_tumor_retardationtumor.png,1
1186_s4_tumor_retardationtumor.png,1
625_s4_tumor_retardationtumor.png,1
172_s4_tumor_retardationtumor.png,1
836_s4_tumor_retardationtumor.png,1
339_s4_tumor_retardationtumor.png,1
375_s4_tumor_retardationtumor.png,1
531_s4_tumor_retardationtumor.png,1
782_s4_tumor_retardationtumor.png,1
577_s4_tumor_retardationtumor.png,1
473_s4_tumor_retardationtumor.png,1
1068_s4_tumor_retardationtumor.png,1
675_s4_tumor_retardationtumor.png,1
1108_s4_tumor_retardationtumor.png,1
334_s4_tumor_retardationtumor.png,1
673_s4_tumor_retardationtumor.png,1
546_s4_tumor_retardationtumor.png,1
1097_s4_tumor_retardationtumor.png,1
210_s4_tumor_retardationtumor.png,1
1056_s4_tumor_retardationtumor.png,1
934_s4_tumor_retardationtumor.png,1
458_s4_tumor_retardationtumor.png,1
268_s4_tumor_retardationtumor.png,1
111_s4_tumor_retardationtumor.png,1
158_s4_tumor_retardationtumor.png,1
433_s4_tumor_retardationtumor.png,1
1066_s4_tumor_retardationtumor.png,1
1018_s4_tumor_retardationtumor.png,1
847_s4_tumor_retardationtumor.png,1
252_s4_tumor_retardationtumor.png,1
715_s4_tumor_retardationtumor.png,1
87_s4_tumor_retardationtumor.png,1
907_s4_tumor_retardationtumor.png,1
605_s4_tumor_retardationtumor.png,1
170_s4_tumor_retardationtumor.png,1
123_s4_tumor_retardationtumor.png,1
298_s4_tumor_retardationtumor.png,1
190_s4_tumor_retardationtumor.png,1
107_s4_tumor_retardationtumor.png,1
216_s4_tumor_retardationtumor.png,1
550_s4_tumor_retardationtumor.png,1
342_s4_tumor_retardationtumor.png,1
225_s4_tumor_retardationtumor.png,1
946_s4_tumor_retardationtumor.png,1
03_s4_tumor_retardationtumor.png,1
406_s4_tumor_retardationtumor.png,1
739_s4_tumor_retardationtumor.png,1
1143_s4_tumor_retardationtumor.png,1
922_s4_tumor_retardationtumor.png,1
1041_s4_tumor_retardationtumor.png,1
178_s4_tumor_retardationtumor.png,1
461_s4_tumor_retardationtumor.png,1
89_s4_tumor_retardationtumor.png,1
189_s4_tumor_retardationtumor.png,1
905_s4_tumor_retardationtumor.png,1
709_s4_tumor_retardationtumor.png,1
815_s4_tumor_retardationtumor.png,1
299_s4_tumor_retardationtumor.png,1
396_s4_tumor_retardationtumor.png,1
760_s4_tumor_retardationtumor.png,1
207_s4_tumor_retardationtumor.png,1
245_s4_tumor_retardationtumor.png,1
689_s4_tumor_retardationtumor.png,1
632_s4_tumor_retardationtumor.png,1
981_s4_tumor_retardationtumor.png,1
958_s4_tumor_retardationtumor.png,1
891_s4_tumor_retardationtumor.png,1
588_s4_tumor_retardationtumor.png,1
504_s4_tumor_retardationtumor.png,1
833_s4_tumor_retardationtumor.png,1
416_s4_tumor_retardationtumor.png,1
559_s4_tumor_retardationtumor.png,1
91_s4_tumor_retardationtumor.png,1
353_s4_tumor_retardationtumor.png,1
1199_s4_tumor_retardationtumor.png,1
479_s4_tumor_retardationtumor.png,1
997_s4_tumor_retardationtumor.png,1
771_s4_tumor_retardationtumor.png,1
335_s4_tumor_retardationtumor.png,1
740_s4_tumor_retardationtumor.png,1
811_s4_tumor_retardationtumor.png,1
421_s4_tumor_retardationtumor.png,1
1160_s4_tumor_retardationtumor.png,1
310_s4_tumor_retardationtumor.png,1
987_s4_tumor_retardationtumor.png,1
359_s4_tumor_retardationtumor.png,1
831_s4_tumor_retardationtumor.png,1
634_s4_tumor_retardationtumor.png,1
156_s4_tumor_retardationtumor.png,1
1164_s4_tumor_retardationtumor.png,1
956_s4_tumor_retardationtumor.png,1
205_s4_tumor_retardationtumor.png,1
1042_s4_tumor_retardationtumor.png,1
1171_s4_tumor_retardationtumor.png,1
945_s4_tumor_retardationtumor.png,1
1037_s4_tumor_retardationtumor.png,1
545_s4_tumor_retardationtumor.png,1
490_s4_tumor_retardationtumor.png,1
379_s4_tumor_retardationtumor.png,1
666_s4_tumor_retardationtumor.png,1
37_s4_tumor_retardationtumor.png,1
539_s4_tumor_retardationtumor.png,1
88_s4_tumor_retardationtumor.png,1
326_s4_tumor_retardationtumor.png,1
1155_s4_tumor_retardationtumor.png,1
1139_s4_tumor_retardationtumor.png,1
124_s4_tumor_retardationtumor.png,1
04_s4_tumor_retardationtumor.png,1
500_s4_tumor_retardationtumor.png,1
742_s4_tumor_retardationtumor.png,1
1147_s4_tumor_retardationtumor.png,1
43_s4_tumor_retardationtumor.png,1
1157_s4_tumor_retardationtumor.png,1
701_s4_tumor_retardationtumor.png,1
481_s4_tumor_retardationtumor.png,1
1047_s4_tumor_retardationtumor.png,1
641_s4_tumor_retardationtumor.png,1
06_s4_tumor_retardationtumor.png,1
181_s4_tumor_retardationtumor.png,1
446_s4_tumor_retardationtumor.png,1
754_s4_tumor_retardationtumor.png,1
974_s4_tumor_retardationtumor.png,1
665_s4_tumor_retardationtumor.png,1
873_s4_tumor_retardationtumor.png,1
936_s4_tumor_retardationtumor.png,1
1081_s4_tumor_retardationtumor.png,1
525_s4_tumor_retardationtumor.png,1
929_s4_tumor_retardationtumor.png,1
644_s4_tumor_retardationtumor.png,1
304_s4_tumor_retardationtumor.png,1
129_s4_tumor_retardationtumor.png,1
817_s4_tumor_retardationtumor.png,1
586_s4_tumor_retardationtumor.png,1
845_s4_tumor_retardationtumor.png,1
930_s4_tumor_retardationtumor.png,1
46_s4_tumor_retardationtumor.png,1
777_s4_tumor_retardationtumor.png,1
610_s4_tumor_retardationtumor.png,1
1110_s4_tumor_retardationtumor.png,1
549_s4_tumor_retardationtumor.png,1
264_s4_tumor_retardationtumor.png,1
457_s4_tumor_retardationtumor.png,1
553_s4_tumor_retardationtumor.png,1
469_s4_tumor_retardationtumor.png,1
177_s4_tumor_retardationtumor.png,1
470_s4_tumor_retardationtumor.png,1
940_s4_tumor_retardationtumor.png,1
408_s4_tumor_retardationtumor.png,1
785_s4_tumor_retardationtumor.png,1
1094_s4_tumor_retardationtumor.png,1
383_s4_tumor_retardationtumor.png,1
142_s4_tumor_retardationtumor.png,1
1174_s4_tumor_retardationtumor.png,1
1079_s4_tumor_retardationtumor.png,1
1193_s4_tumor_retardationtumor.png,1
242_s4_tumor_retardationtumor.png,1
451_s4_tumor_retardationtumor.png,1
521_s4_tumor_retardationtumor.png,1
249_s4_tumor_retardationtumor.png,1
1040_s4_tumor_retardationtumor.png,1
1180_s4_tumor_retardationtumor.png,1
50_s4_tumor_retardationtumor.png,1
867_s4_tumor_retardationtumor.png,1
162_s4_tumor_retardationtumor.png,1
616_s4_tumor_retardationtumor.png,1
808_s4_tumor_retardationtumor.png,1
918_s4_tumor_retardationtumor.png,1
786_s4_tumor_retardationtumor.png,1
602_s4_tumor_retardationtumor.png,1
960_s4_tumor_retardationtumor.png,1
600_s4_tumor_retardationtumor.png,1
534_s4_tumor_retardationtumor.png,1
185_s4_tumor_retardationtumor.png,1
819_s4_tumor_retardationtumor.png,1
77_s4_tumor_retardationtumor.png,1
823_s4_tumor_retardationtumor.png,1
327_s4_tumor_retardationtumor.png,1
369_s4_tumor_retardationtumor.png,1
854_s4_tumor_retardationtumor.png,1
1030_s4_tumor_retardationtumor.png,1
1022_s4_tumor_retardationtumor.png,1
217_s4_tumor_retardationtumor.png,1
72_s4_tumor_retardationtumor.png,1
1189_s4_tumor_retardationtumor.png,1
261_s4_tumor_retardationtumor.png,1
501_s4_tumor_retardationtumor.png,1
26_s4_tumor_retardationtumor.png,1
646_s4_tumor_retardationtumor.png,1
1008_s4_tumor_retardationtumor.png,1
11_s4_tumor_retardationtumor.png,1
1172_s4_tumor_retardationtumor.png,1
827_s4_tumor_retardationtumor.png,1
333_s4_tumor_retardationtumor.png,1
1187_s4_tumor_retardationtumor.png,1
143_s4_tumor_retardationtumor.png,1
710_s4_tumor_retardationtumor.png,1
343_s4_tumor_retardationtumor.png,1
283_s4_tumor_retardationtumor.png,1
180_s4_tumor_retardationtumor.png,1
350_s4_tumor_retardationtumor.png,1
475_s4_tumor_retardationtumor.png,1
633_s4_tumor_retardationtumor.png,1
1150_s4_tumor_retardationtumor.png,1
24_s4_tumor_retardationtumor.png,1
444_s4_tumor_retardationtumor.png,1
849_s4_tumor_retardationtumor.png,1
164_s4_tumor_retardationtumor.png,1
136_s4_tumor_retardationtumor.png,1
317_s4_tumor_retardationtumor.png,1
508_s4_tumor_retardationtumor.png,1
749_s4_tumor_retardationtumor.png,1
1059_s4_tumor_retardationtumor.png,1
1015_s4_tumor_retardationtumor.png,1
988_s4_tumor_retardationtumor.png,1
70_s4_tumor_retardationtumor.png,1
231_s4_tumor_retardationtumor.png,1
1200_s4_tumor_retardationtumor.png,1
15_s4_tumor_retardationtumor.png,1
747_s4_tumor_retardationtumor.png,1
1170_s4_tumor_retardationtumor.png,1
1117_s4_tumor_retardationtumor.png,1
75_s4_tumor_retardationtumor.png,1
937_s4_tumor_retardationtumor.png,1
20_s4_tumor_retardationtumor.png,1
868_s4_tumor_retardationtumor.png,1
750_s4_tumor_retardationtumor.png,1
773_s4_tumor_retardationtumor.png,1
349_s4_tumor_retardationtumor.png,1
1188_s4_tumor_retardationtumor.png,1
1196_s4_tumor_retardationtumor.png,1
1109_s4_tumor_retardationtumor.png,1
1135_s4_tumor_retardationtumor.png,1
169_s4_tumor_retardationtumor.png,1
476_s4_tumor_retardationtumor.png,1
1197_s4_tumor_retardationtumor.png,1
779_s4_tumor_retardationtumor.png,1
1156_s4_tumor_retardationtumor.png,1
277_s4_tumor_retardationtumor.png,1
472_s4_tumor_retardationtumor.png,1
236_s4_tumor_retardationtumor.png,1
560_s4_tumor_retardationtumor.png,1
527_s4_tumor_retardationtumor.png,1
657_s4_tumor_retardationtumor.png,1
1121_s4_tumor_retardationtumor.png,1
262_s4_tumor_retardationtumor.png,1
693_s4_tumor_retardationtumor.png,1
1084_s4_tumor_retardationtumor.png,1
191_s4_tumor_retardationtumor.png,1
302_s4_tumor_retardationtumor.png,1
896_s4_tumor_retardationtumor.png,1
596_s4_tumor_retardationtumor.png,1
1096_s4_tumor_retardationtumor.png,1
973_s4_tumor_retardationtumor.png,1
465_s4_tumor_retardationtumor.png,1
115_s4_tumor_retardationtumor.png,1
233_s4_tumor_retardationtumor.png,1
980_s4_tumor_retardationtumor.png,1
58_s4_tumor_retardationtumor.png,1
895_s4_tumor_retardationtumor.png,1
144_s4_tumor_retardationtumor.png,1
870_s4_tumor_retardationtumor.png,1
280_s4_tumor_retardationtumor.png,1
551_s4_tumor_retardationtumor.png,1
1151_s4_tumor_retardationtumor.png,1
1050_s4_tumor_retardationtumor.png,1
676_s4_tumor_retardationtumor.png,1
1093_s4_tumor_retardationtumor.png,1
63_s4_tumor_retardationtumor.png,1
877_s4_tumor_retardationtumor.png,1
580_s4_tumor_retardationtumor.png,1
884_s4_tumor_retardationtumor.png,1
842_s4_tumor_retardationtumor.png,1
392_s4_tumor_retardationtumor.png,1
204_s4_tumor_retardationtumor.png,1
250_s4_tumor_retardationtumor.png,1
415_s4_tumor_retardationtumor.png,1
371_s4_tumor_retardationtumor.png,1
915_s4_tumor_retardationtumor.png,1
887_s4_tumor_retardationtumor.png,1
296_s4_tumor_retardationtumor.png,1
1099_s4_tumor_retardationtumor.png,1
880_s4_tumor_retardationtumor.png,1
688_s4_tumor_retardationtumor.png,1
1065_s4_tumor_retardationtumor.png,1
23_s4_tumor_retardationtumor.png,1
1178_s4_tumor_retardationtumor.png,1
459_s4_tumor_retardationtumor.png,1
807_s4_tumor_retardationtumor.png,1
18_s4_tumor_retardationtumor.png,1
230_s4_tumor_retardationtumor.png,1
944_s4_tumor_retardationtumor.png,1
885_s4_tumor_retardationtumor.png,1
1005_s4_tumor_retardationtumor.png,1
104_s4_tumor_retardationtumor.png,1
453_s4_tumor_retardationtumor.png,1
706_s4_tumor_retardationtumor.png,1
1131_s4_tumor_retardationtumor.png,1
126_s4_tumor_retardationtumor.png,1
437_s4_tumor_retardationtumor.png,1
792_s4_tumor_retardationtumor.png,1
901_s4_tumor_retardationtumor.png,1
762_s4_tumor_retardationtumor.png,1
914_s4_tumor_retardationtumor.png,1
114_s4_tumor_retardationtumor.png,1
753_s4_tumor_retardationtumor.png,1
999_s4_tumor_retardationtumor.png,1
612_s4_tumor_retardationtumor.png,1
431_s4_tumor_retardationtumor.png,1
540_s4_tumor_retardationtumor.png,1
1136_s4_tumor_retardationtumor.png,1
704_s4_tumor_retardationtumor.png,1
1179_s4_tumor_retardationtumor.png,1
381_s4_tumor_retardationtumor.png,1
591_s4_tumor_retardationtumor.png,1
1089_s4_tumor_retardationtumor.png,1
566_s4_tumor_retardationtumor.png,1
324_s4_tumor_retardationtumor.png,1
22_s4_tumor_retardationtumor.png,1
148_s4_tumor_retardationtumor.png,1
393_s4_tumor_retardationtumor.png,1
118_s4_tumor_retardationtumor.png,1
1198_s4_tumor_retardationtumor.png,1
623_s4_tumor_retardationtumor.png,1
1083_s4_tumor_retardationtumor.png,1
402_s4_tumor_retardationtumor.png,1
752_s4_tumor_retardationtumor.png,1
483_s4_tumor_retardationtumor.png,1
1111_s4_tumor_retardationtumor.png,1
08_s4_tumor_retardationtumor.png,1
151_s4_tumor_retardationtumor.png,1
583_s4_tumor_retardationtumor.png,1
228_s4_tumor_retardationtumor.png,1
799_s4_tumor_retardationtumor.png,1
117_s4_tumor_retardationtumor.png,1
1034_s4_tumor_retardationtumor.png,1
794_s4_tumor_retardationtumor.png,1
526_s4_tumor_retardationtumor.png,1
02_s4_tumor_retardationtumor.png,1
890_s4_tumor_retardationtumor.png,1
639_s4_tumor_retardationtumor.png,1
670_s4_tumor_retardationtumor.png,1
723_s4_tumor_retardationtumor.png,1
859_s4_tumor_retardationtumor.png,1
244_s4_tumor_retardationtumor.png,1
1105_s4_tumor_retardationtumor.png,1
1072_s4_tumor_retardationtumor.png,1
491_s4_tumor_retardationtumor.png,1
346_s4_tumor_retardationtumor.png,1
1052_s4_tumor_retardationtumor.png,1
783_s4_tumor_retardationtumor.png,1
291_s4_tumor_retardationtumor.png,1
695_s4_tumor_retardationtumor.png,1
728_s4_tumor_retardationtumor.png,1
908_s4_tumor_retardationtumor.png,1
1001_s4_tumor_retardationtumor.png,1
341_s4_tumor_retardationtumor.png,1
993_s4_tumor_retardationtumor.png,1
319_s4_tumor_retardationtumor.png,1
848_s4_tumor_retardationtumor.png,1
420_s4_tumor_retardationtumor.png,1
726_s4_tumor_retardationtumor.png,1
496_s4_tumor_retardationtumor.png,1
638_s4_tumor_retardationtumor.png,1
42_s4_tumor_retardationtumor.png,1
964_s4_tumor_retardationtumor.png,1
167_s4_tumor_retardationtumor.png,1
1073_s4_tumor_retardationtumor.png,1
116_s4_tumor_retardationtumor.png,1
157_s4_tumor_retardationtumor.png,1
47_s4_tumor_retardationtumor.png,1
1032_s4_tumor_retardationtumor.png,1
318_s4_tumor_retardationtumor.png,1
576_s4_tumor_retardationtumor.png,1
781_s4_tumor_retardationtumor.png,1
122_s4_tumor_retardationtumor.png,1
182_s4_tumor_retardationtumor.png,1
996_s4_tumor_retardationtumor.png,1
883_s4_tumor_retardationtumor.png,1
547_s4_tumor_retardationtumor.png,1
290_s4_tumor_retardationtumor.png,1
82_s4_tumor_retardationtumor.png,1
959_s4_tumor_retardationtumor.png,1
488_s4_tumor_retardationtumor.png,1
10_s4_tumor_retardationtumor.png,1
275_s4_tumor_retardationtumor.png,1
384_s4_tumor_retardationtumor.png,1
235_s4_tumor_retardationtumor.png,1
554_s4_tumor_retardationtumor.png,1
947_s4_tumor_retardationtumor.png,1
13_s4_tumor_retardationtumor.png,1
240_s4_tumor_retardationtumor.png,1
581_s4_tumor_retardationtumor.png,1
257_s4_tumor_retardationtumor.png,1
1129_s4_tumor_retardationtumor.png,1
1148_s4_tumor_retardationtumor.png,1
513_s4_tumor_retardationtumor.png,1
227_s4_tumor_retardationtumor.png,1
661_s4_tumor_retardationtumor.png,1
173_s4_tumor_retardationtumor.png,1
356_s4_tumor_retardationtumor.png,1
834_s4_tumor_retardationtumor.png,1
272_s4_tumor_retardationtumor.png,1
598_s4_tumor_retardationtumor.png,1
1168_s4_tumor_retardationtumor.png,1
464_s4_tumor_retardationtumor.png,1
511_s4_tumor_retardationtumor.png,1
130_s4_tumor_retardationtumor.png,1
33_s4_tumor_retardationtumor.png,1
214_s4_tumor_retardationtumor.png,1
410_s4_tumor_retardationtumor.png,1
643_s4_tumor_retardationtumor.png,1
1191_s4_tumor_retardationtumor.png,1
76_s4_tumor_retardationtumor.png,1
193_s4_tumor_retardationtumor.png,1
1087_s4_tumor_retardationtumor.png,1
732_s4_tumor_retardationtumor.png,1
223_s4_tumor_retardationtumor.png,1
1104_s4_tumor_retardationtumor.png,1
627_s4_tumor_retardationtumor.png,1
404_s4_tumor_retardationtumor.png,1
1169_s4_tumor_retardationtumor.png,1
93_s4_tumor_retardationtumor.png,1
424_s4_tumor_retardationtumor.png,1
565_s4_tumor_retardationtumor.png,1
570_s4_tumor_retardationtumor.png,1
487_s4_tumor_retardationtumor.png,1
1183_s4_tumor_retardationtumor.png,1
1036_s4_tumor_retardationtumor.png,1
889_s4_tumor_retardationtumor.png,1
16_s4_tumor_retardationtumor.png,1
1057_s4_tumor_retardationtumor.png,1
768_s4_tumor_retardationtumor.png,1
67_s4_tumor_retardationtumor.png,1
1127_s4_tumor_retardationtumor.png,1
287_s4_tumor_retardationtumor.png,1
902_s4_tumor_retardationtumor.png,1
163_s4_tumor_retardationtumor.png,1
538_s4_tumor_retardationtumor.png,1
1175_s4_tumor_retardationtumor.png,1
1138_s4_tumor_retardationtumor.png,1
1114_s4_tumor_retardationtumor.png,1
812_s4_tumor_retardationtumor.png,1
222_s4_tumor_retardationtumor.png,1
274_s4_tumor_retardationtumor.png,1
745_s4_tumor_retardationtumor.png,1
680_s4_tumor_retardationtumor.png,1
671_s4_tumor_retardationtumor.png,1
869_s4_tumor_retardationtumor.png,1
636_s4_tumor_retardationtumor.png,1
614_s4_tumor_retardationtumor.png,1
294_s4_tumor_retardationtumor.png,1
17_s4_tumor_retardationtumor.png,1
948_s4_tumor_retardationtumor.png,1
824_s4_tumor_retardationtumor.png,1
844_s4_tumor_retardationtumor.png,1
19_s4_tumor_retardationtumor.png,1
813_s4_tumor_retardationtumor.png,1
1132_s4_tumor_retardationtumor.png,1
260_s4_tumor_retardationtumor.png,1
769_s4_tumor_retardationtumor.png,1
1080_s4_tumor_retardationtumor.png,1
537_s4_tumor_retardationtumor.png,1
637_s4_tumor_retardationtumor.png,1
109_s4_tumor_retardationtumor.png,1
354_s4_tumor_retardationtumor.png,1
795_s4_tumor_retardationtumor.png,1
990_s4_tumor_retardationtumor.png,1
445_s4_tumor_retardationtumor.png,1
597_s4_tumor_retardationtumor.png,1
919_s4_tumor_retardationtumor.png,1
201_s4_tumor_retardationtumor.png,1
1026_s4_tumor_retardationtumor.png,1
394_s4_tumor_retardationtumor.png,1
145_s4_tumor_retardationtumor.png,1
51_s4_tumor_retardationtumor.png,1
303_s4_tumor_retardationtumor.png,1
418_s4_tumor_retardationtumor.png,1
1182_s4_tumor_retardationtumor.png,1
301_s4_tumor_retardationtumor.png,1
100_s4_tumor_retardationtumor.png,1
1013_s4_tumor_retardationtumor.png,1
112_s4_tumor_retardationtumor.png,1
1071_s4_tumor_retardationtumor.png,1
928_s4_tumor_retardationtumor.png,1
276_s4_tumor_retardationtumor.png,1
967_s4_tumor_retardationtumor.png,1
108_s4_tumor_retardationtumor.png,1
96_s4_tumor_retardationtumor.png,1
1085_s4_tumor_retardationtumor.png,1
128_s4_tumor_retardationtumor.png,1
60_s4_tumor_retardationtumor.png,1
801_s4_tumor_retardationtumor.png,1
426_s4_tumor_retardationtumor.png,1
656_s4_tumor_retardationtumor.png,1
1177_s4_tumor_retardationtumor.png,1
295_s4_tumor_retardationtumor.png,1
624_s4_tumor_retardationtumor.png,1
320_s4_tumor_retardationtumor.png,1
25_s4_tumor_retardationtumor.png,1
886_s4_tumor_retardationtumor.png,1
713_s4_tumor_retardationtumor.png,1
911_s4_tumor_retardationtumor.png,1
1009_s4_tumor_retardationtumor.png,1
1190_s4_tumor_retardationtumor.png,1
613_s4_tumor_retardationtumor.png,1
579_s4_tumor_retardationtumor.png,1
806_s4_tumor_retardationtumor.png,1
590_s4_tumor_retardationtumor.png,1
1016_s4_tumor_retardationtumor.png,1
826_s4_tumor_retardationtumor.png,1
97_s4_tumor_retardationtumor.png,1
27_s4_tumor_retardationtumor.png,1
558_s4_tumor_retardationtumor.png,1
92_s4_tumor_retardationtumor.png,1
628_s4_tumor_retardationtumor.png,1
321_s4_tumor_retardationtumor.png,1
59_s4_tumor_retardationtumor.png,1
669_s4_tumor_retardationtumor.png,1
725_s4_tumor_retardationtumor.png,1
331_s4_tumor_retardationtumor.png,1
447_s4_tumor_retardationtumor.png,1
78_s4_tumor_retardationtumor.png,1
325_s4_tumor_retardationtumor.png,1
499_s4_tumor_retardationtumor.png,1
449_s4_tumor_retardationtumor.png,1
931_s4_tumor_retardationtumor.png,1
239_s4_tumor_retardationtumor.png,1
01_s4_tumor_retardationtumor.png,1
197_s4_tumor_retardationtumor.png,1
1142_s4_tumor_retardationtumor.png,1
690_s4_tumor_retardationtumor.png,1
1137_s4_tumor_retardationtumor.png,1
1076_s4_tumor_retardationtumor.png,1
775_s4_tumor_retardationtumor.png,1
330_s4_tumor_retardationtumor.png,1
266_s4_tumor_retardationtumor.png,1
524_s4_tumor_retardationtumor.png,1
562_s4_tumor_retardationtumor.png,1
1091_s4_tumor_retardationtumor.png,1
645_s4_tumor_retardationtumor.png,1
738_s4_tumor_retardationtumor.png,1
658_s4_tumor_retardationtumor.png,1
1006_s4_tumor_retardationtumor.png,1
1067_s4_tumor_retardationtumor.png,1
622_s4_tumor_retardationtumor.png,1
589_s4_tumor_retardationtumor.png,1
505_s4_tumor_retardationtumor.png,1
176_s4_tumor_retardationtumor.png,1
365_s4_tumor_retardationtumor.png,1
921_s4_tumor_retardationtumor.png,1
800_s4_tumor_retardationtumor.png,1
1149_s4_tumor_retardationtumor.png,1
241_s4_tumor_retardationtumor.png,1
648_s4_tumor_retardationtumor.png,1
1012_s4_tumor_retardationtumor.png,1
681_s4_tumor_retardationtumor.png,1
744_s4_tumor_retardationtumor.png,1
441_s4_tumor_retardationtumor.png,1
572_s4_tumor_retardationtumor.png,1
626_s4_tumor_retardationtumor.png,1
652_s4_tumor_retardationtumor.png,1
520_s4_tumor_retardationtumor.png,1
175_s4_tumor_retardationtumor.png,1
1116_s4_tumor_retardationtumor.png,1
1024_s4_tumor_retardationtumor.png,1
971_s4_tumor_retardationtumor.png,1
340_s4_tumor_retardationtumor.png,1
821_s4_tumor_retardationtumor.png,1
611_s4_tumor_retardationtumor.png,1
183_s4_tumor_retardationtumor.png,1
161_s4_tumor_retardationtumor.png,1
910_s4_tumor_retardationtumor.png,1
364_s4_tumor_retardationtumor.png,1
843_s4_tumor_retardationtumor.png,1
474_s4_tumor_retardationtumor.png,1
489_s4_tumor_retardationtumor.png,1
69_s4_tumor_retardationtumor.png,1
200_s4_tumor_retardationtumor.png,1
640_s4_tumor_retardationtumor.png,1
1020_s4_tumor_retardationtumor.png,1
39_s4_tumor_retardationtumor.png,1
601_s4_tumor_retardationtumor.png,1
685_s4_tumor_retardationtumor.png,1
548_s4_tumor_retardationtumor.png,1
698_s4_tumor_retardationtumor.png,1
28_s4_tumor_retardationtumor.png,1
912_s4_tumor_retardationtumor.png,1
594_s4_tumor_retardationtumor.png,1
480_s4_tumor_retardationtumor.png,1
874_s4_tumor_retardationtumor.png,1
1014_s4_tumor_retardationtumor.png,1
1029_s4_tumor_retardationtumor.png,1
56_s4_tumor_retardationtumor.png,1
837_s4_tumor_retardationtumor.png,1
196_s4_tumor_retardationtumor.png,1
756_s4_tumor_retardationtumor.png,1
876_s4_tumor_retardationtumor.png,1
316_s4_tumor_retardationtumor.png,1
432_s4_tumor_retardationtumor.png,1
174_s4_tumor_retardationtumor.png,1
630_s4_tumor_retardationtumor.png,1
920_s4_tumor_retardationtumor.png,1
568_s4_tumor_retardationtumor.png,1
797_s4_tumor_retardationtumor.png,1
215_s4_tumor_retardationtumor.png,1
209_s4_tumor_retardationtumor.png,1
329_s4_tumor_retardationtumor.png,1
604_s4_tumor_retardationtumor.png,1
699_s4_tumor_retardationtumor.png,1
485_s4_tumor_retardationtumor.png,1
881_s4_tumor_retardationtumor.png,1
285_s4_tumor_retardationtumor.png,1
105_s4_tumor_retardationtumor.png,1
462_s4_tumor_retardationtumor.png,1
961_s4_tumor_retardationtumor.png,1
85_s4_tumor_retardationtumor.png,1
1028_s4_tumor_retardationtumor.png,1
684_s4_tumor_retardationtumor.png,1
840_s4_tumor_retardationtumor.png,1
882_s4_tumor_retardationtumor.png,1
916_s4_tumor_retardationtumor.png,1
552_s4_tumor_retardationtumor.png,1
454_s4_tumor_retardationtumor.png,1
994_s4_tumor_retardationtumor.png,1
662_s4_tumor_retardationtumor.png,1
422_s4_tumor_retardationtumor.png,1
978_s4_tumor_retardationtumor.png,1
617_s4_tumor_retardationtumor.png,1
989_s4_tumor_retardationtumor.png,1
1000_s4_tumor_retardationtumor.png,1
573_s4_tumor_retardationtumor.png,1
413_s4_tumor_retardationtumor.png,1
84_s4_tumor_retardationtumor.png,1
512_s4_tumor_retardationtumor.png,1
1062_s4_tumor_retardationtumor.png,1
875_s4_tumor_retardationtumor.png,1
991_s4_tumor_retardationtumor.png,1
904_s4_tumor_retardationtumor.png,1
05_s4_tumor_retardationtumor.png,1
273_s4_tumor_retardationtumor.png,1
530_s4_tumor_retardationtumor.png,1
1092_s4_tumor_retardationtumor.png,1
1141_s4_tumor_retardationtumor.png,1
267_s4_tumor_retardationtumor.png,1
798_s4_tumor_retardationtumor.png,1
345_s4_tumor_retardationtumor.png,1
1043_s4_tumor_retardationtumor.png,1
492_s4_tumor_retardationtumor.png,1
300_s4_tumor_retardationtumor.png,1
692_s4_tumor_retardationtumor.png,1
897_s4_tumor_retardationtumor.png,1
829_s4_tumor_retardationtumor.png,1
352_s4_tumor_retardationtumor.png,1
427_s4_tumor_retardationtumor.png,1
917_s4_tumor_retardationtumor.png,1
36_s4_tumor_retardationtumor.png,1
121_s4_tumor_retardationtumor.png,1
502_s4_tumor_retardationtumor.png,1
1112_s4_tumor_retardationtumor.png,1
1003_s4_tumor_retardationtumor.png,1
872_s4_tumor_retardationtumor.png,1
1100_s4_tumor_retardationtumor.png,1
255_s4_tumor_retardationtumor.png,1
206_s4_tumor_retardationtumor.png,1
79_s4_tumor_retardationtumor.png,1
332_s4_tumor_retardationtumor.png,1
642_s4_tumor_retardationtumor.png,1
879_s4_tumor_retardationtumor.png,1
852_s4_tumor_retardationtumor.png,1
943_s4_tumor_retardationtumor.png,1
846_s4_tumor_retardationtumor.png,1
279_s4_tumor_retardationtumor.png,1
976_s4_tumor_retardationtumor.png,1
455_s4_tumor_retardationtumor.png,1
1185_s4_tumor_retardationtumor.png,1
377_s4_tumor_retardationtumor.png,1
55_s4_tumor_retardationtumor.png,1
405_s4_tumor_retardationtumor.png,1
297_s4_tumor_retardationtumor.png,1
315_s4_tumor_retardationtumor.png,1
894_s4_tumor_retardationtumor.png,1
468_s4_tumor_retardationtumor.png,1
764_s4_tumor_retardationtumor.png,1
1167_s4_tumor_retardationtumor.png,1
64_s4_tumor_retardationtumor.png,1
1025_s4_tumor_retardationtumor.png,1
81_s4_tumor_retardationtumor.png,1
853_s4_tumor_retardationtumor.png,1
796_s4_tumor_retardationtumor.png,1
595_s4_tumor_retardationtumor.png,1
1106_s4_tumor_retardationtumor.png,1
649_s4_tumor_retardationtumor.png,1
168_s4_tumor_retardationtumor.png,1
759_s4_tumor_retardationtumor.png,1
103_s4_tumor_retardationtumor.png,1
414_s4_tumor_retardationtumor.png,1
372_s4_tumor_retardationtumor.png,1
409_s4_tumor_retardationtumor.png,1
417_s4_tumor_retardationtumor.png,1
1002_s4_tumor_retardationtumor.png,1
677_s4_tumor_retardationtumor.png,1
567_s4_tumor_retardationtumor.png,1
61_s4_tumor_retardationtumor.png,1
892_s4_tumor_retardationtumor.png,1
179_s4_tumor_retardationtumor.png,1
1088_s4_tumor_retardationtumor.png,1
603_s4_tumor_retardationtumor.png,1
828_s4_tumor_retardationtumor.png,1
337_s4_tumor_retardationtumor.png,1
805_s4_tumor_retardationtumor.png,1
35_s4_tumor_retardationtumor.png,1
1119_s4_tumor_retardationtumor.png,1
1035_s4_tumor_retardationtumor.png,1
448_s4_tumor_retardationtumor.png,1
818_s4_tumor_retardationtumor.png,1
336_s4_tumor_retardationtumor.png,1
74_s4_tumor_retardationtumor.png,1
1176_s4_tumor_retardationtumor.png,1
498_s4_tumor_retardationtumor.png,1
211_s4_tumor_retardationtumor.png,1
154_s4_tumor_retardationtumor.png,1
814_s4_tumor_retardationtumor.png,1
1082_s4_tumor_retardationtumor.png,1
251_s4_tumor_retardationtumor.png,1
1165_s4_tumor_retardationtumor.png,1
146_s4_tumor_retardationtumor.png,1
717_s4_tumor_retardationtumor.png,1
1010_s4_tumor_retardationtumor.png,1
803_s4_tumor_retardationtumor.png,1
21_s4_tumor_retardationtumor.png,1
668_s4_tumor_retardationtumor.png,1
703_s4_tumor_retardationtumor.png,1
682_s4_tumor_retardationtumor.png,1
271_s4_tumor_retardationtumor.png,1
1123_s4_tumor_retardationtumor.png,1
561_s4_tumor_retardationtumor.png,1
578_s4_tumor_retardationtumor.png,1
714_s4_tumor_retardationtumor.png,1
199_s4_tumor_retardationtumor.png,1
966_s4_tumor_retardationtumor.png,1
631_s4_tumor_retardationtumor.png,1
982_s4_tumor_retardationtumor.png,1
1077_s4_tumor_retardationtumor.png,1
761_s4_tumor_retardationtumor.png,1
942_s4_tumor_retardationtumor.png,1
1007_s4_tumor_retardationtumor.png,1
767_s4_tumor_retardationtumor.png,1
467_s4_tumor_retardationtumor.png,1
399_s4_tumor_retardationtumor.png,1
743_s4_tumor_retardationtumor.png,1
131_s4_tumor_retardationtumor.png,1
957_s4_tumor_retardationtumor.png,1
519_s4_tumor_retardationtumor.png,1
328_s4_tumor_retardationtumor.png,1
938_s4_tumor_retardationtumor.png,1
865_s4_tumor_retardationtumor.png,1
1004_s4_tumor_retardationtumor.png,1
1086_s4_tumor_retardationtumor.png,1
30_s4_tumor_retardationtumor.png,1
719_s4_tumor_retardationtumor.png,1
370_s4_tumor_retardationtumor.png,1
544_s4_tumor_retardationtumor.png,1
307_s4_tumor_retardationtumor.png,1
1075_s4_tumor_retardationtumor.png,1
620_s4_tumor_retardationtumor.png,1
495_s4_tumor_retardationtumor.png,1
428_s4_tumor_retardationtumor.png,1
985_s4_tumor_retardationtumor.png,1
440_s4_tumor_retardationtumor.png,1
314_s4_tumor_retardationtumor.png,1
258_s4_tumor_retardationtumor.png,1
663_s4_tumor_retardationtumor.png,1
1019_s4_tumor_retardationtumor.png,1
932_s4_tumor_retardationtumor.png,1
132_s4_tumor_retardationtumor.png,1
995_s4_tumor_retardationtumor.png,1
376_s4_tumor_retardationtumor.png,1
198_s4_tumor_retardationtumor.png,1
755_s4_tumor_retardationtumor.png,1
477_s4_tumor_retardationtumor.png,1
344_s4_tumor_retardationtumor.png,1
306_s4_tumor_retardationtumor.png,1
788_s4_tumor_retardationtumor.png,1
281_s4_tumor_retardationtumor.png,1
400_s4_tumor_retardationtumor.png,1
110_s4_tumor_retardationtumor.png,1
403_s4_tumor_retardationtumor.png,1
839_s4_tumor_retardationtumor.png,1
660_s4_tumor_retardationtumor.png,1
952_s4_tumor_retardationtumor.png,1
373_s4_tumor_retardationtumor.png,1
1048_s4_tumor_retardationtumor.png,1
360_s4_tumor_retardationtumor.png,1
968_s4_tumor_retardationtumor.png,1
188_s4_tumor_retardationtumor.png,1
780_s4_tumor_retardationtumor.png,1
1033_s4_tumor_retardationtumor.png,1
802_s4_tumor_retardationtumor.png,1
691_s4_tumor_retardationtumor.png,1
555_s4_tumor_retardationtumor.png,1
232_s4_tumor_retardationtumor.png,1
696_s4_tumor_retardationtumor.png,1
871_s4_tumor_retardationtumor.png,1
1049_s4_tumor_retardationtumor.png,1
263_s4_tumor_retardationtumor.png,1
265_s4_tumor_retardationtumor.png,1
514_s4_tumor_retardationtumor.png,1
667_s4_tumor_retardationtumor.png,1
1125_s4_tumor_retardationtumor.png,1
866_s4_tumor_retardationtumor.png,1
1063_s4_tumor_retardationtumor.png,1
515_s4_tumor_retardationtumor.png,1
153_s4_tumor_retardationtumor.png,1
237_s4_tumor_retardationtumor.png,1
53_s4_tumor_retardationtumor.png,1
1046_s4_tumor_retardationtumor.png,1
522_s4_tumor_retardationtumor.png,1
387_s4_tumor_retardationtumor.png,1
923_s4_tumor_retardationtumor.png,1
858_s4_tumor_retardationtumor.png,1
926_s4_tumor_retardationtumor.png,1
900_s4_tumor_retardationtumor.png,1
543_s4_tumor_retardationtumor.png,1
155_s4_tumor_retardationtumor.png,1
629_s4_tumor_retardationtumor.png,1
497_s4_tumor_retardationtumor.png,1
793_s4_tumor_retardationtumor.png,1
556_s4_tumor_retardationtumor.png,1
435_s4_tumor_retardationtumor.png,1
569_s4_tumor_retardationtumor.png,1
727_s4_tumor_retardationtumor.png,1
659_s4_tumor_retardationtumor.png,1
722_s4_tumor_retardationtumor.png,1
1053_s4_tumor_retardationtumor.png,1
313_s4_tumor_retardationtumor.png,1
903_s4_tumor_retardationtumor.png,1
486_s4_tumor_retardationtumor.png,1
436_s4_tumor_retardationtumor.png,1
571_s4_tumor_retardationtumor.png,1
599_s4_tumor_retardationtumor.png,1
763_s4_tumor_retardationtumor.png,1
351_s4_tumor_retardationtumor.png,1
139_s4_tumor_retardationtumor.png,1
484_s4_tumor_retardationtumor.png,1
830_s4_tumor_retardationtumor.png,1
471_s4_tumor_retardationtumor.png,1
618_s4_tumor_retardationtumor.png,1
1113_s4_tumor_retardationtumor.png,1
736_s4_tumor_retardationtumor.png,1
253_s4_tumor_retardationtumor.png,1
730_s4_tumor_retardationtumor.png,1
841_s4_tumor_retardationtumor.png,1
835_s4_tumor_retardationtumor.png,1
246_s4_tumor_retardationtumor.png,1
950_s4_tumor_retardationtumor.png,1
347_s4_tumor_retardationtumor.png,1
517_s4_tumor_retardationtumor.png,1
391_s4_tumor_retardationtumor.png,1
382_s4_tumor_retardationtumor.png,1
582_s4_tumor_retardationtumor.png,1
615_s4_tumor_retardationtumor.png,1
32_s4_tumor_retardationtumor.png,1
429_s4_tumor_retardationtumor.png,1
288_s4_tumor_retardationtumor.png,1
66_s4_tumor_retardationtumor.png,1
138_s4_tumor_retardationtumor.png,1
1130_s4_tumor_retardationtumor.png,1
608_s4_tumor_retardationtumor.png,1
776_s4_tumor_retardationtumor.png,1
720_s4_tumor_retardationtumor.png,1
229_s4_tumor_retardationtumor.png,1
679_s4_tumor_retardationtumor.png,1
888_s4_tumor_retardationtumor.png,1
664_s4_tumor_retardationtumor.png,1
113_s4_tumor_retardationtumor.png,1
07_s4_tumor_retardationtumor.png,1
609_s4_tumor_retardationtumor.png,1
192_s4_tumor_retardationtumor.png,1
927_s4_tumor_retardationtumor.png,1
208_s4_tumor_retardationtumor.png,1
1128_s4_tumor_retardationtumor.png,1
44_s4_tumor_retardationtumor.png,1
57_s4_tumor_retardationtumor.png,1
425_s4_tumor_retardationtumor.png,1
592_s4_tumor_retardationtumor.png,1
254_s4_tumor_retardationtumor.png,1
804_s4_tumor_retardationtumor.png,1
1144_s4_tumor_retardationtumor.png,1
322_s4_tumor_retardationtumor.png,1
1126_s4_tumor_retardationtumor.png,1
14_s4_tumor_retardationtumor.png,1
80_s4_tumor_retardationtumor.png,1
984_s4_tumor_retardationtumor.png,1
979_s4_tumor_retardationtumor.png,1
1031_s4_tumor_retardationtumor.png,1
651_s4_tumor_retardationtumor.png,1
542_s4_tumor_retardationtumor.png,1
718_s4_tumor_retardationtumor.png,1
140_s4_tumor_retardationtumor.png,1
1101_s4_tumor_retardationtumor.png,1
585_s4_tumor_retardationtumor.png,1
385_s4_tumor_retardationtumor.png,1
1023_s4_tumor_retardationtumor.png,1
71_s4_tumor_retardationtumor.png,1
672_s4_tumor_retardationtumor.png,1
986_s4_tumor_retardationtumor.png,1
965_s4_tumor_retardationtumor.png,1
159_s4_tumor_retardationtumor.png,1
224_s4_tumor_retardationtumor.png,1
507_s4_tumor_retardationtumor.png,1
733_s4_tumor_retardationtumor.png,1
708_s4_tumor_retardationtumor.png,1
1158_s4_tumor_retardationtumor.png,1
438_s4_tumor_retardationtumor.png,1
1133_s4_tumor_retardationtumor.png,1
1064_s4_tumor_retardationtumor.png,1
439_s4_tumor_retardationtumor.png,1
1122_s4_tumor_retardationtumor.png,1
1181_s4_tumor_retardationtumor.png,1
731_s4_tumor_retardationtumor.png,1
784_s4_tumor_retardationtumor.png,1
694_s4_tumor_retardationtumor.png,1
165_s4_tumor_retardationtumor.png,1
700_s4_tumor_retardationtumor.png,1
171_s4_tumor_retardationtumor.png,1
149_s4_tumor_retardationtumor.png,1
269_s4_tumor_retardationtumor.png,1
90_s4_tumor_retardationtumor.png,1
289_s4_tumor_retardationtumor.png,1
308_s4_tumor_retardationtumor.png,1
712_s4_tumor_retardationtumor.png,1
194_s4_tumor_retardationtumor.png,1
450_s4_tumor_retardationtumor.png,1
366_s4_tumor_retardationtumor.png,1
1074_s4_tumor_retardationtumor.png,1
506_s4_tumor_retardationtumor.png,1
787_s4_tumor_retardationtumor.png,1
160_s4_tumor_retardationtumor.png,1
54_s4_tumor_retardationtumor.png,1
933_s4_tumor_retardationtumor.png,1
1146_s4_tumor_retardationtumor.png,1
282_s4_tumor_retardationtumor.png,1
137_s4_tumor_retardationtumor.png,1
992_s4_tumor_retardationtumor.png,1
463_s4_tumor_retardationtumor.png,1
247_s4_tumor_retardationtumor.png,1
772_s4_tumor_retardationtumor.png,1
593_s4_tumor_retardationtumor.png,1
1192_s4_tumor_retardationtumor.png,1
977_s4_tumor_retardationtumor.png,1
390_s4_tumor_retardationtumor.png,1
935_s4_tumor_retardationtumor.png,1
647_s4_tumor_retardationtumor.png,1
707_s4_tumor_retardationtumor.png,1
133_s4_tumor_retardationtumor.png,1
427_s1_normal_retardationnormal.png,0
396_s1_normal_retardationnormal.png,0
767_s1_normal_retardationnormal.png,0
782_s1_normal_retardationnormal.png,0
1041_s1_normal_retardationnormal.png,0
266_s1_normal_retardationnormal.png,0
288_s1_normal_retardationnormal.png,0
13_s1_normal_retardationnormal.png,0
960_s1_normal_retardationnormal.png,0
1086_s1_normal_retardationnormal.png,0
45_s1_normal_retardationnormal.png,0
146_s1_normal_retardationnormal.png,0
997_s1_normal_retardationnormal.png,0
1126_s1_normal_retardationnormal.png,0
249_s1_normal_retardationnormal.png,0
463_s1_normal_retardationnormal.png,0
28_s1_normal_retardationnormal.png,0
65_s1_normal_retardationnormal.png,0
27_s1_normal_retardationnormal.png,0
1111_s1_normal_retardationnormal.png,0
1045_s1_normal_retardationnormal.png,0
513_s1_normal_retardationnormal.png,0
425_s1_normal_retardationnormal.png,0
623_s1_normal_retardationnormal.png,0
1082_s1_normal_retardationnormal.png,0
375_s1_normal_retardationnormal.png,0
779_s1_normal_retardationnormal.png,0
738_s1_normal_retardationnormal.png,0
356_s1_normal_retardationnormal.png,0
632_s1_normal_retardationnormal.png,0
578_s1_normal_retardationnormal.png,0
235_s1_normal_retardationnormal.png,0
232_s1_normal_retardationnormal.png,0
822_s1_normal_retardationnormal.png,0
643_s1_normal_retardationnormal.png,0
873_s1_normal_retardationnormal.png,0
562_s1_normal_retardationnormal.png,0
725_s1_normal_retardationnormal.png,0
368_s1_normal_retardationnormal.png,0
720_s1_normal_retardationnormal.png,0
939_s1_normal_retardationnormal.png,0
319_s1_normal_retardationnormal.png,0
313_s1_normal_retardationnormal.png,0
1166_s1_normal_retardationnormal.png,0
1134_s1_normal_retardationnormal.png,0
448_s1_normal_retardationnormal.png,0
09_s1_normal_retardationnormal.png,0
202_s1_normal_retardationnormal.png,0
152_s1_normal_retardationnormal.png,0
275_s1_normal_retardationnormal.png,0
278_s1_normal_retardationnormal.png,0
946_s1_normal_retardationnormal.png,0
714_s1_normal_retardationnormal.png,0
677_s1_normal_retardationnormal.png,0
929_s1_normal_retardationnormal.png,0
424_s1_normal_retardationnormal.png,0
1121_s1_normal_retardationnormal.png,0
1151_s1_normal_retardationnormal.png,0
252_s1_normal_retardationnormal.png,0
447_s1_normal_retardationnormal.png,0
478_s1_normal_retardationnormal.png,0
228_s1_normal_retardationnormal.png,0
102_s1_normal_retardationnormal.png,0
1080_s1_normal_retardationnormal.png,0
511_s1_normal_retardationnormal.png,0
869_s1_normal_retardationnormal.png,0
184_s1_normal_retardationnormal.png,0
595_s1_normal_retardationnormal.png,0
56_s1_normal_retardationnormal.png,0
143_s1_normal_retardationnormal.png,0
255_s1_normal_retardationnormal.png,0
901_s1_normal_retardationnormal.png,0
1158_s1_normal_retardationnormal.png,0
24_s1_normal_retardationnormal.png,0
115_s1_normal_retardationnormal.png,0
497_s1_normal_retardationnormal.png,0
879_s1_normal_retardationnormal.png,0
794_s1_normal_retardationnormal.png,0
916_s1_normal_retardationnormal.png,0
441_s1_normal_retardationnormal.png,0
141_s1_normal_retardationnormal.png,0
922_s1_normal_retardationnormal.png,0
173_s1_normal_retardationnormal.png,0
236_s1_normal_retardationnormal.png,0
942_s1_normal_retardationnormal.png,0
551_s1_normal_retardationnormal.png,0
1132_s1_normal_retardationnormal.png,0
893_s1_normal_retardationnormal.png,0
966_s1_normal_retardationnormal.png,0
426_s1_normal_retardationnormal.png,0
347_s1_normal_retardationnormal.png,0
39_s1_normal_retardationnormal.png,0
361_s1_normal_retardationnormal.png,0
391_s1_normal_retardationnormal.png,0
613_s1_normal_retardationnormal.png,0
695_s1_normal_retardationnormal.png,0
801_s1_normal_retardationnormal.png,0
706_s1_normal_retardationnormal.png,0
289_s1_normal_retardationnormal.png,0
507_s1_normal_retardationnormal.png,0
820_s1_normal_retardationnormal.png,0
722_s1_normal_retardationnormal.png,0
546_s1_normal_retardationnormal.png,0
457_s1_normal_retardationnormal.png,0
541_s1_normal_retardationnormal.png,0
242_s1_normal_retardationnormal.png,0
1118_s1_normal_retardationnormal.png,0
581_s1_normal_retardationnormal.png,0
1125_s1_normal_retardationnormal.png,0
680_s1_normal_retardationnormal.png,0
1120_s1_normal_retardationnormal.png,0
684_s1_normal_retardationnormal.png,0
22_s1_normal_retardationnormal.png,0
33_s1_normal_retardationnormal.png,0
44_s1_normal_retardationnormal.png,0
122_s1_normal_retardationnormal.png,0
749_s1_normal_retardationnormal.png,0
658_s1_normal_retardationnormal.png,0
515_s1_normal_retardationnormal.png,0
218_s1_normal_retardationnormal.png,0
271_s1_normal_retardationnormal.png,0
937_s1_normal_retardationnormal.png,0
258_s1_normal_retardationnormal.png,0
664_s1_normal_retardationnormal.png,0
30_s1_normal_retardationnormal.png,0
257_s1_normal_retardationnormal.png,0
536_s1_normal_retardationnormal.png,0
675_s1_normal_retardationnormal.png,0
568_s1_normal_retardationnormal.png,0
607_s1_normal_retardationnormal.png,0
773_s1_normal_retardationnormal.png,0
983_s1_normal_retardationnormal.png,0
1015_s1_normal_retardationnormal.png,0
150_s1_normal_retardationnormal.png,0
241_s1_normal_retardationnormal.png,0
1032_s1_normal_retardationnormal.png,0
816_s1_normal_retardationnormal.png,0
843_s1_normal_retardationnormal.png,0
614_s1_normal_retardationnormal.png,0
1075_s1_normal_retardationnormal.png,0
775_s1_normal_retardationnormal.png,0
1038_s1_normal_retardationnormal.png,0
653_s1_normal_retardationnormal.png,0
160_s1_normal_retardationnormal.png,0
705_s1_normal_retardationnormal.png,0
358_s1_normal_retardationnormal.png,0
756_s1_normal_retardationnormal.png,0
204_s1_normal_retardationnormal.png,0
877_s1_normal_retardationnormal.png,0
472_s1_normal_retardationnormal.png,0
1191_s1_normal_retardationnormal.png,0
786_s1_normal_retardationnormal.png,0
492_s1_normal_retardationnormal.png,0
270_s1_normal_retardationnormal.png,0
354_s1_normal_retardationnormal.png,0
949_s1_normal_retardationnormal.png,0
1154_s1_normal_retardationnormal.png,0
309_s1_normal_retardationnormal.png,0
655_s1_normal_retardationnormal.png,0
325_s1_normal_retardationnormal.png,0
1167_s1_normal_retardationnormal.png,0
86_s1_normal_retardationnormal.png,0
792_s1_normal_retardationnormal.png,0
170_s1_normal_retardationnormal.png,0
222_s1_normal_retardationnormal.png,0
08_s1_normal_retardationnormal.png,0
731_s1_normal_retardationnormal.png,0
192_s1_normal_retardationnormal.png,0
523_s1_normal_retardationnormal.png,0
414_s1_normal_retardationnormal.png,0
712_s1_normal_retardationnormal.png,0
947_s1_normal_retardationnormal.png,0
10_s1_normal_retardationnormal.png,0
263_s1_normal_retardationnormal.png,0
434_s1_normal_retardationnormal.png,0
1096_s1_normal_retardationnormal.png,0
1195_s1_normal_retardationnormal.png,0
554_s1_normal_retardationnormal.png,0
376_s1_normal_retardationnormal.png,0
566_s1_normal_retardationnormal.png,0
490_s1_normal_retardationnormal.png,0
145_s1_normal_retardationnormal.png,0
262_s1_normal_retardationnormal.png,0
965_s1_normal_retardationnormal.png,0
215_s1_normal_retardationnormal.png,0
815_s1_normal_retardationnormal.png,0
510_s1_normal_retardationnormal.png,0
878_s1_normal_retardationnormal.png,0
214_s1_normal_retardationnormal.png,0
1124_s1_normal_retardationnormal.png,0
702_s1_normal_retardationnormal.png,0
1058_s1_normal_retardationnormal.png,0
460_s1_normal_retardationnormal.png,0
12_s1_normal_retardationnormal.png,0
267_s1_normal_retardationnormal.png,0
1031_s1_normal_retardationnormal.png,0
676_s1_normal_retardationnormal.png,0
1182_s1_normal_retardationnormal.png,0
1193_s1_normal_retardationnormal.png,0
72_s1_normal_retardationnormal.png,0
440_s1_normal_retardationnormal.png,0
638_s1_normal_retardationnormal.png,0
671_s1_normal_retardationnormal.png,0
429_s1_normal_retardationnormal.png,0
910_s1_normal_retardationnormal.png,0
759_s1_normal_retardationnormal.png,0
503_s1_normal_retardationnormal.png,0
587_s1_normal_retardationnormal.png,0
1146_s1_normal_retardationnormal.png,0
1109_s1_normal_retardationnormal.png,0
190_s1_normal_retardationnormal.png,0
373_s1_normal_retardationnormal.png,0
1008_s1_normal_retardationnormal.png,0
67_s1_normal_retardationnormal.png,0
450_s1_normal_retardationnormal.png,0
811_s1_normal_retardationnormal.png,0
1105_s1_normal_retardationnormal.png,0
1001_s1_normal_retardationnormal.png,0
600_s1_normal_retardationnormal.png,0
21_s1_normal_retardationnormal.png,0
881_s1_normal_retardationnormal.png,0
422_s1_normal_retardationnormal.png,0
1027_s1_normal_retardationnormal.png,0
311_s1_normal_retardationnormal.png,0
108_s1_normal_retardationnormal.png,0
296_s1_normal_retardationnormal.png,0
836_s1_normal_retardationnormal.png,0
624_s1_normal_retardationnormal.png,0
168_s1_normal_retardationnormal.png,0
1144_s1_normal_retardationnormal.png,0
858_s1_normal_retardationnormal.png,0
617_s1_normal_retardationnormal.png,0
715_s1_normal_retardationnormal.png,0
746_s1_normal_retardationnormal.png,0
1119_s1_normal_retardationnormal.png,0
144_s1_normal_retardationnormal.png,0
195_s1_normal_retardationnormal.png,0
621_s1_normal_retardationnormal.png,0
268_s1_normal_retardationnormal.png,0
294_s1_normal_retardationnormal.png,0
156_s1_normal_retardationnormal.png,0
334_s1_normal_retardationnormal.png,0
397_s1_normal_retardationnormal.png,0
127_s1_normal_retardationnormal.png,0
76_s1_normal_retardationnormal.png,0
924_s1_normal_retardationnormal.png,0
40_s1_normal_retardationnormal.png,0
495_s1_normal_retardationnormal.png,0
948_s1_normal_retardationnormal.png,0
741_s1_normal_retardationnormal.png,0
256_s1_normal_retardationnormal.png,0
244_s1_normal_retardationnormal.png,0
1099_s1_normal_retardationnormal.png,0
545_s1_normal_retardationnormal.png,0
890_s1_normal_retardationnormal.png,0
550_s1_normal_retardationnormal.png,0
542_s1_normal_retardationnormal.png,0
506_s1_normal_retardationnormal.png,0
199_s1_normal_retardationnormal.png,0
1040_s1_normal_retardationnormal.png,0
272_s1_normal_retardationnormal.png,0
475_s1_normal_retardationnormal.png,0
508_s1_normal_retardationnormal.png,0
1197_s1_normal_retardationnormal.png,0
751_s1_normal_retardationnormal.png,0
593_s1_normal_retardationnormal.png,0
26_s1_normal_retardationnormal.png,0
455_s1_normal_retardationnormal.png,0
318_s1_normal_retardationnormal.png,0
329_s1_normal_retardationnormal.png,0
686_s1_normal_retardationnormal.png,0
20_s1_normal_retardationnormal.png,0
212_s1_normal_retardationnormal.png,0
364_s1_normal_retardationnormal.png,0
908_s1_normal_retardationnormal.png,0
1054_s1_normal_retardationnormal.png,0
827_s1_normal_retardationnormal.png,0
970_s1_normal_retardationnormal.png,0
80_s1_normal_retardationnormal.png,0
803_s1_normal_retardationnormal.png,0
662_s1_normal_retardationnormal.png,0
399_s1_normal_retardationnormal.png,0
622_s1_normal_retardationnormal.png,0
753_s1_normal_retardationnormal.png,0
05_s1_normal_retardationnormal.png,0
524_s1_normal_retardationnormal.png,0
239_s1_normal_retardationnormal.png,0
346_s1_normal_retardationnormal.png,0
1135_s1_normal_retardationnormal.png,0
315_s1_normal_retardationnormal.png,0
788_s1_normal_retardationnormal.png,0
1103_s1_normal_retardationnormal.png,0
650_s1_normal_retardationnormal.png,0
696_s1_normal_retardationnormal.png,0
717_s1_normal_retardationnormal.png,0
02_s1_normal_retardationnormal.png,0
669_s1_normal_retardationnormal.png,0
111_s1_normal_retardationnormal.png,0
830_s1_normal_retardationnormal.png,0
866_s1_normal_retardationnormal.png,0
35_s1_normal_retardationnormal.png,0
483_s1_normal_retardationnormal.png,0
407_s1_normal_retardationnormal.png,0
395_s1_normal_retardationnormal.png,0
114_s1_normal_retardationnormal.png,0
1039_s1_normal_retardationnormal.png,0
797_s1_normal_retardationnormal.png,0
1012_s1_normal_retardationnormal.png,0
302_s1_normal_retardationnormal.png,0
211_s1_normal_retardationnormal.png,0
522_s1_normal_retardationnormal.png,0
936_s1_normal_retardationnormal.png,0
1123_s1_normal_retardationnormal.png,0
716_s1_normal_retardationnormal.png,0
342_s1_normal_retardationnormal.png,0
1130_s1_normal_retardationnormal.png,0
984_s1_normal_retardationnormal.png,0
968_s1_normal_retardationnormal.png,0
286_s1_normal_retardationnormal.png,0
776_s1_normal_retardationnormal.png,0
692_s1_normal_retardationnormal.png,0
394_s1_normal_retardationnormal.png,0
458_s1_normal_retardationnormal.png,0
1085_s1_normal_retardationnormal.png,0
1013_s1_normal_retardationnormal.png,0
229_s1_normal_retardationnormal.png,0
602_s1_normal_retardationnormal.png,0
870_s1_normal_retardationnormal.png,0
55_s1_normal_retardationnormal.png,0
925_s1_normal_retardationnormal.png,0
18_s1_normal_retardationnormal.png,0
887_s1_normal_retardationnormal.png,0
265_s1_normal_retardationnormal.png,0
259_s1_normal_retardationnormal.png,0
639_s1_normal_retardationnormal.png,0
553_s1_normal_retardationnormal.png,0
1097_s1_normal_retardationnormal.png,0
119_s1_normal_retardationnormal.png,0
540_s1_normal_retardationnormal.png,0
900_s1_normal_retardationnormal.png,0
559_s1_normal_retardationnormal.png,0
355_s1_normal_retardationnormal.png,0
800_s1_normal_retardationnormal.png,0
1072_s1_normal_retardationnormal.png,0
1050_s1_normal_retardationnormal.png,0
861_s1_normal_retardationnormal.png,0
923_s1_normal_retardationnormal.png,0
1160_s1_normal_retardationnormal.png,0
03_s1_normal_retardationnormal.png,0
284_s1_normal_retardationnormal.png,0
657_s1_normal_retardationnormal.png,0
446_s1_normal_retardationnormal.png,0
911_s1_normal_retardationnormal.png,0
402_s1_normal_retardationnormal.png,0
1165_s1_normal_retardationnormal.png,0
765_s1_normal_retardationnormal.png,0
667_s1_normal_retardationnormal.png,0
93_s1_normal_retardationnormal.png,0
863_s1_normal_retardationnormal.png,0
297_s1_normal_retardationnormal.png,0
844_s1_normal_retardationnormal.png,0
04_s1_normal_retardationnormal.png,0
328_s1_normal_retardationnormal.png,0
179_s1_normal_retardationnormal.png,0
594_s1_normal_retardationnormal.png,0
875_s1_normal_retardationnormal.png,0
1084_s1_normal_retardationnormal.png,0
99_s1_normal_retardationnormal.png,0
766_s1_normal_retardationnormal.png,0
552_s1_normal_retardationnormal.png,0
728_s1_normal_retardationnormal.png,0
299_s1_normal_retardationnormal.png,0
139_s1_normal_retardationnormal.png,0
68_s1_normal_retardationnormal.png,0
634_s1_normal_retardationnormal.png,0
121_s1_normal_retardationnormal.png,0
656_s1_normal_retardationnormal.png,0
823_s1_normal_retardationnormal.png,0
944_s1_normal_retardationnormal.png,0
1156_s1_normal_retardationnormal.png,0
561_s1_normal_retardationnormal.png,0
596_s1_normal_retardationnormal.png,0
482_s1_normal_retardationnormal.png,0
992_s1_normal_retardationnormal.png,0
469_s1_normal_retardationnormal.png,0
518_s1_normal_retardationnormal.png,0
1007_s1_normal_retardationnormal.png,0
951_s1_normal_retardationnormal.png,0
1095_s1_normal_retardationnormal.png,0
274_s1_normal_retardationnormal.png,0
584_s1_normal_retardationnormal.png,0
1187_s1_normal_retardationnormal.png,0
400_s1_normal_retardationnormal.png,0
543_s1_normal_retardationnormal.png,0
590_s1_normal_retardationnormal.png,0
969_s1_normal_retardationnormal.png,0
159_s1_normal_retardationnormal.png,0
343_s1_normal_retardationnormal.png,0
888_s1_normal_retardationnormal.png,0
874_s1_normal_retardationnormal.png,0
681_s1_normal_retardationnormal.png,0
230_s1_normal_retardationnormal.png,0
1184_s1_normal_retardationnormal.png,0
484_s1_normal_retardationnormal.png,0
978_s1_normal_retardationnormal.png,0
25_s1_normal_retardationnormal.png,0
103_s1_normal_retardationnormal.png,0
1133_s1_normal_retardationnormal.png,0
565_s1_normal_retardationnormal.png,0
1196_s1_normal_retardationnormal.png,0
636_s1_normal_retardationnormal.png,0
1147_s1_normal_retardationnormal.png,0
344_s1_normal_retardationnormal.png,0
768_s1_normal_retardationnormal.png,0
378_s1_normal_retardationnormal.png,0
419_s1_normal_retardationnormal.png,0
906_s1_normal_retardationnormal.png,0
421_s1_normal_retardationnormal.png,0
935_s1_normal_retardationnormal.png,0
953_s1_normal_retardationnormal.png,0
723_s1_normal_retardationnormal.png,0
437_s1_normal_retardationnormal.png,0
69_s1_normal_retardationnormal.png,0
995_s1_normal_retardationnormal.png,0
1053_s1_normal_retardationnormal.png,0
104_s1_normal_retardationnormal.png,0
1185_s1_normal_retardationnormal.png,0
131_s1_normal_retardationnormal.png,0
125_s1_normal_retardationnormal.png,0
486_s1_normal_retardationnormal.png,0
697_s1_normal_retardationnormal.png,0
162_s1_normal_retardationnormal.png,0
837_s1_normal_retardationnormal.png,0
142_s1_normal_retardationnormal.png,0
980_s1_normal_retardationnormal.png,0
516_s1_normal_retardationnormal.png,0
385_s1_normal_retardationnormal.png,0
758_s1_normal_retardationnormal.png,0
336_s1_normal_retardationnormal.png,0
854_s1_normal_retardationnormal.png,0
763_s1_normal_retardationnormal.png,0
1025_s1_normal_retardationnormal.png,0
548_s1_normal_retardationnormal.png,0
224_s1_normal_retardationnormal.png,0
374_s1_normal_retardationnormal.png,0
732_s1_normal_retardationnormal.png,0
307_s1_normal_retardationnormal.png,0
707_s1_normal_retardationnormal.png,0
519_s1_normal_retardationnormal.png,0
62_s1_normal_retardationnormal.png,0
679_s1_normal_retardationnormal.png,0
1029_s1_normal_retardationnormal.png,0
958_s1_normal_retardationnormal.png,0
1052_s1_normal_retardationnormal.png,0
805_s1_normal_retardationnormal.png,0
663_s1_normal_retardationnormal.png,0
316_s1_normal_retardationnormal.png,0
572_s1_normal_retardationnormal.png,0
610_s1_normal_retardationnormal.png,0
762_s1_normal_retardationnormal.png,0
896_s1_normal_retardationnormal.png,0
369_s1_normal_retardationnormal.png,0
148_s1_normal_retardationnormal.png,0
282_s1_normal_retardationnormal.png,0
1062_s1_normal_retardationnormal.png,0
688_s1_normal_retardationnormal.png,0
1016_s1_normal_retardationnormal.png,0
207_s1_normal_retardationnormal.png,0
380_s1_normal_retardationnormal.png,0
134_s1_normal_retardationnormal.png,0
194_s1_normal_retardationnormal.png,0
701_s1_normal_retardationnormal.png,0
417_s1_normal_retardationnormal.png,0
921_s1_normal_retardationnormal.png,0
687_s1_normal_retardationnormal.png,0
740_s1_normal_retardationnormal.png,0
1048_s1_normal_retardationnormal.png,0
1042_s1_normal_retardationnormal.png,0
89_s1_normal_retardationnormal.png,0
366_s1_normal_retardationnormal.png,0
783_s1_normal_retardationnormal.png,0
247_s1_normal_retardationnormal.png,0
185_s1_normal_retardationnormal.png,0
197_s1_normal_retardationnormal.png,0
1006_s1_normal_retardationnormal.png,0
341_s1_normal_retardationnormal.png,0
409_s1_normal_retardationnormal.png,0
295_s1_normal_retardationnormal.png,0
504_s1_normal_retardationnormal.png,0
137_s1_normal_retardationnormal.png,0
1186_s1_normal_retardationnormal.png,0
324_s1_normal_retardationnormal.png,0
135_s1_normal_retardationnormal.png,0
254_s1_normal_retardationnormal.png,0
971_s1_normal_retardationnormal.png,0
1024_s1_normal_retardationnormal.png,0
360_s1_normal_retardationnormal.png,0
831_s1_normal_retardationnormal.png,0
481_s1_normal_retardationnormal.png,0
1200_s1_normal_retardationnormal.png,0
647_s1_normal_retardationnormal.png,0
1108_s1_normal_retardationnormal.png,0
957_s1_normal_retardationnormal.png,0
47_s1_normal_retardationnormal.png,0
670_s1_normal_retardationnormal.png,0
456_s1_normal_retardationnormal.png,0
11_s1_normal_retardationnormal.png,0
575_s1_normal_retardationnormal.png,0
1066_s1_normal_retardationnormal.png,0
778_s1_normal_retardationnormal.png,0
927_s1_normal_retardationnormal.png,0
473_s1_normal_retardationnormal.png,0
629_s1_normal_retardationnormal.png,0
158_s1_normal_retardationnormal.png,0
43_s1_normal_retardationnormal.png,0
996_s1_normal_retardationnormal.png,0
387_s1_normal_retardationnormal.png,0
729_s1_normal_retardationnormal.png,0
501_s1_normal_retardationnormal.png,0
123_s1_normal_retardationnormal.png,0
1071_s1_normal_retardationnormal.png,0
1178_s1_normal_retardationnormal.png,0
709_s1_normal_retardationnormal.png,0
1000_s1_normal_retardationnormal.png,0
467_s1_normal_retardationnormal.png,0
1181_s1_normal_retardationnormal.png,0
727_s1_normal_retardationnormal.png,0
487_s1_normal_retardationnormal.png,0
1055_s1_normal_retardationnormal.png,0
574_s1_normal_retardationnormal.png,0
392_s1_normal_retardationnormal.png,0
847_s1_normal_retardationnormal.png,0
461_s1_normal_retardationnormal.png,0
58_s1_normal_retardationnormal.png,0
225_s1_normal_retardationnormal.png,0
601_s1_normal_retardationnormal.png,0
1003_s1_normal_retardationnormal.png,0
693_s1_normal_retardationnormal.png,0
795_s1_normal_retardationnormal.png,0
711_s1_normal_retardationnormal.png,0
285_s1_normal_retardationnormal.png,0
563_s1_normal_retardationnormal.png,0
1030_s1_normal_retardationnormal.png,0
760_s1_normal_retardationnormal.png,0
1194_s1_normal_retardationnormal.png,0
956_s1_normal_retardationnormal.png,0
1011_s1_normal_retardationnormal.png,0
606_s1_normal_retardationnormal.png,0
1139_s1_normal_retardationnormal.png,0
730_s1_normal_retardationnormal.png,0
107_s1_normal_retardationnormal.png,0
277_s1_normal_retardationnormal.png,0
736_s1_normal_retardationnormal.png,0
42_s1_normal_retardationnormal.png,0
620_s1_normal_retardationnormal.png,0
428_s1_normal_retardationnormal.png,0
1157_s1_normal_retardationnormal.png,0
79_s1_normal_retardationnormal.png,0
582_s1_normal_retardationnormal.png,0
913_s1_normal_retardationnormal.png,0
666_s1_normal_retardationnormal.png,0
904_s1_normal_retardationnormal.png,0
34_s1_normal_retardationnormal.png,0
963_s1_normal_retardationnormal.png,0
919_s1_normal_retardationnormal.png,0
612_s1_normal_retardationnormal.png,0
292_s1_normal_retardationnormal.png,0
560_s1_normal_retardationnormal.png,0
227_s1_normal_retardationnormal.png,0
153_s1_normal_retardationnormal.png,0
322_s1_normal_retardationnormal.png,0
1101_s1_normal_retardationnormal.png,0
326_s1_normal_retardationnormal.png,0
1180_s1_normal_retardationnormal.png,0
678_s1_normal_retardationnormal.png,0
171_s1_normal_retardationnormal.png,0
496_s1_normal_retardationnormal.png,0
631_s1_normal_retardationnormal.png,0
157_s1_normal_retardationnormal.png,0
859_s1_normal_retardationnormal.png,0
1021_s1_normal_retardationnormal.png,0
817_s1_normal_retardationnormal.png,0
704_s1_normal_retardationnormal.png,0
902_s1_normal_retardationnormal.png,0
1074_s1_normal_retardationnormal.png,0
744_s1_normal_retardationnormal.png,0
917_s1_normal_retardationnormal.png,0
1170_s1_normal_retardationnormal.png,0
703_s1_normal_retardationnormal.png,0
1171_s1_normal_retardationnormal.png,0
930_s1_normal_retardationnormal.png,0
525_s1_normal_retardationnormal.png,0
281_s1_normal_retardationnormal.png,0
1089_s1_normal_retardationnormal.png,0
94_s1_normal_retardationnormal.png,0
616_s1_normal_retardationnormal.png,0
509_s1_normal_retardationnormal.png,0
82_s1_normal_retardationnormal.png,0
668_s1_normal_retardationnormal.png,0
379_s1_normal_retardationnormal.png,0
832_s1_normal_retardationnormal.png,0
818_s1_normal_retardationnormal.png,0
641_s1_normal_retardationnormal.png,0
699_s1_normal_retardationnormal.png,0
1043_s1_normal_retardationnormal.png,0
1022_s1_normal_retardationnormal.png,0
1145_s1_normal_retardationnormal.png,0
973_s1_normal_retardationnormal.png,0
393_s1_normal_retardationnormal.png,0
940_s1_normal_retardationnormal.png,0
37_s1_normal_retardationnormal.png,0
882_s1_normal_retardationnormal.png,0
1107_s1_normal_retardationnormal.png,0
912_s1_normal_retardationnormal.png,0
465_s1_normal_retardationnormal.png,0
589_s1_normal_retardationnormal.png,0
808_s1_normal_retardationnormal.png,0
690_s1_normal_retardationnormal.png,0
155_s1_normal_retardationnormal.png,0
180_s1_normal_retardationnormal.png,0
333_s1_normal_retardationnormal.png,0
420_s1_normal_retardationnormal.png,0
32_s1_normal_retardationnormal.png,0
1087_s1_normal_retardationnormal.png,0
489_s1_normal_retardationnormal.png,0
317_s1_normal_retardationnormal.png,0
819_s1_normal_retardationnormal.png,0
771_s1_normal_retardationnormal.png,0
862_s1_normal_retardationnormal.png,0
1129_s1_normal_retardationnormal.png,0
1142_s1_normal_retardationnormal.png,0
304_s1_normal_retardationnormal.png,0
527_s1_normal_retardationnormal.png,0
603_s1_normal_retardationnormal.png,0
977_s1_normal_retardationnormal.png,0
986_s1_normal_retardationnormal.png,0
403_s1_normal_retardationnormal.png,0
371_s1_normal_retardationnormal.png,0
991_s1_normal_retardationnormal.png,0
769_s1_normal_retardationnormal.png,0
652_s1_normal_retardationnormal.png,0
588_s1_normal_retardationnormal.png,0
743_s1_normal_retardationnormal.png,0
719_s1_normal_retardationnormal.png,0
941_s1_normal_retardationnormal.png,0
449_s1_normal_retardationnormal.png,0
349_s1_normal_retardationnormal.png,0
821_s1_normal_retardationnormal.png,0
517_s1_normal_retardationnormal.png,0
1026_s1_normal_retardationnormal.png,0
59_s1_normal_retardationnormal.png,0
1113_s1_normal_retardationnormal.png,0
825_s1_normal_retardationnormal.png,0
752_s1_normal_retardationnormal.png,0
498_s1_normal_retardationnormal.png,0
1155_s1_normal_retardationnormal.png,0
630_s1_normal_retardationnormal.png,0
872_s1_normal_retardationnormal.png,0
1138_s1_normal_retardationnormal.png,0
120_s1_normal_retardationnormal.png,0
436_s1_normal_retardationnormal.png,0
172_s1_normal_retardationnormal.png,0
1059_s1_normal_retardationnormal.png,0
1034_s1_normal_retardationnormal.png,0
181_s1_normal_retardationnormal.png,0
1116_s1_normal_retardationnormal.png,0
205_s1_normal_retardationnormal.png,0
988_s1_normal_retardationnormal.png,0
303_s1_normal_retardationnormal.png,0
724_s1_normal_retardationnormal.png,0
557_s1_normal_retardationnormal.png,0
1023_s1_normal_retardationnormal.png,0
50_s1_normal_retardationnormal.png,0
1070_s1_normal_retardationnormal.png,0
1163_s1_normal_retardationnormal.png,0
1173_s1_normal_retardationnormal.png,0
337_s1_normal_retardationnormal.png,0
178_s1_normal_retardationnormal.png,0
555_s1_normal_retardationnormal.png,0
1067_s1_normal_retardationnormal.png,0
174_s1_normal_retardationnormal.png,0
77_s1_normal_retardationnormal.png,0
853_s1_normal_retardationnormal.png,0
585_s1_normal_retardationnormal.png,0
804_s1_normal_retardationnormal.png,0
308_s1_normal_retardationnormal.png,0
796_s1_normal_retardationnormal.png,0
237_s1_normal_retardationnormal.png,0
466_s1_normal_retardationnormal.png,0
635_s1_normal_retardationnormal.png,0
290_s1_normal_retardationnormal.png,0
216_s1_normal_retardationnormal.png,0
780_s1_normal_retardationnormal.png,0
83_s1_normal_retardationnormal.png,0
529_s1_normal_retardationnormal.png,0
1153_s1_normal_retardationnormal.png,0
245_s1_normal_retardationnormal.png,0
348_s1_normal_retardationnormal.png,0
764_s1_normal_retardationnormal.png,0
772_s1_normal_retardationnormal.png,0
187_s1_normal_retardationnormal.png,0
985_s1_normal_retardationnormal.png,0
829_s1_normal_retardationnormal.png,0
301_s1_normal_retardationnormal.png,0
1141_s1_normal_retardationnormal.png,0
74_s1_normal_retardationnormal.png,0
538_s1_normal_retardationnormal.png,0
920_s1_normal_retardationnormal.png,0
310_s1_normal_retardationnormal.png,0
505_s1_normal_retardationnormal.png,0
1019_s1_normal_retardationnormal.png,0
1127_s1_normal_retardationnormal.png,0
1060_s1_normal_retardationnormal.png,0
1183_s1_normal_retardationnormal.png,0
64_s1_normal_retardationnormal.png,0
312_s1_normal_retardationnormal.png,0
124_s1_normal_retardationnormal.png,0
250_s1_normal_retardationnormal.png,0
777_s1_normal_retardationnormal.png,0
500_s1_normal_retardationnormal.png,0
932_s1_normal_retardationnormal.png,0
382_s1_normal_retardationnormal.png,0
533_s1_normal_retardationnormal.png,0
451_s1_normal_retardationnormal.png,0
491_s1_normal_retardationnormal.png,0
646_s1_normal_retardationnormal.png,0
19_s1_normal_retardationnormal.png,0
339_s1_normal_retardationnormal.png,0
665_s1_normal_retardationnormal.png,0
87_s1_normal_retardationnormal.png,0
682_s1_normal_retardationnormal.png,0
1020_s1_normal_retardationnormal.png,0
408_s1_normal_retardationnormal.png,0
243_s1_normal_retardationnormal.png,0
1005_s1_normal_retardationnormal.png,0
411_s1_normal_retardationnormal.png,0
351_s1_normal_retardationnormal.png,0
735_s1_normal_retardationnormal.png,0
138_s1_normal_retardationnormal.png,0
163_s1_normal_retardationnormal.png,0
849_s1_normal_retardationnormal.png,0
07_s1_normal_retardationnormal.png,0
784_s1_normal_retardationnormal.png,0
1102_s1_normal_retardationnormal.png,0
1088_s1_normal_retardationnormal.png,0
611_s1_normal_retardationnormal.png,0
625_s1_normal_retardationnormal.png,0
961_s1_normal_retardationnormal.png,0
479_s1_normal_retardationnormal.png,0
637_s1_normal_retardationnormal.png,0
618_s1_normal_retardationnormal.png,0
166_s1_normal_retardationnormal.png,0
739_s1_normal_retardationnormal.png,0
1189_s1_normal_retardationnormal.png,0
405_s1_normal_retardationnormal.png,0
757_s1_normal_retardationnormal.png,0
791_s1_normal_retardationnormal.png,0
580_s1_normal_retardationnormal.png,0
53_s1_normal_retardationnormal.png,0
442_s1_normal_retardationnormal.png,0
223_s1_normal_retardationnormal.png,0
1192_s1_normal_retardationnormal.png,0
530_s1_normal_retardationnormal.png,0
438_s1_normal_retardationnormal.png,0
599_s1_normal_retardationnormal.png,0
609_s1_normal_retardationnormal.png,0
23_s1_normal_retardationnormal.png,0
1046_s1_normal_retardationnormal.png,0
502_s1_normal_retardationnormal.png,0
219_s1_normal_retardationnormal.png,0
905_s1_normal_retardationnormal.png,0
117_s1_normal_retardationnormal.png,0
321_s1_normal_retardationnormal.png,0
798_s1_normal_retardationnormal.png,0
432_s1_normal_retardationnormal.png,0
401_s1_normal_retardationnormal.png,0
136_s1_normal_retardationnormal.png,0
164_s1_normal_retardationnormal.png,0
1143_s1_normal_retardationnormal.png,0
649_s1_normal_retardationnormal.png,0
31_s1_normal_retardationnormal.png,0
528_s1_normal_retardationnormal.png,0
331_s1_normal_retardationnormal.png,0
101_s1_normal_retardationnormal.png,0
238_s1_normal_retardationnormal.png,0
384_s1_normal_retardationnormal.png,0
733_s1_normal_retardationnormal.png,0
718_s1_normal_retardationnormal.png,0
413_s1_normal_retardationnormal.png,0
1110_s1_normal_retardationnormal.png,0
898_s1_normal_retardationnormal.png,0
860_s1_normal_retardationnormal.png,0
167_s1_normal_retardationnormal.png,0
1064_s1_normal_retardationnormal.png,0
367_s1_normal_retardationnormal.png,0
1051_s1_normal_retardationnormal.png,0
841_s1_normal_retardationnormal.png,0
945_s1_normal_retardationnormal.png,0
410_s1_normal_retardationnormal.png,0
943_s1_normal_retardationnormal.png,0
404_s1_normal_retardationnormal.png,0
372_s1_normal_retardationnormal.png,0
246_s1_normal_retardationnormal.png,0
161_s1_normal_retardationnormal.png,0
493_s1_normal_retardationnormal.png,0
605_s1_normal_retardationnormal.png,0
886_s1_normal_retardationnormal.png,0
305_s1_normal_retardationnormal.png,0
73_s1_normal_retardationnormal.png,0
838_s1_normal_retardationnormal.png,0
113_s1_normal_retardationnormal.png,0
645_s1_normal_retardationnormal.png,0
1098_s1_normal_retardationnormal.png,0
903_s1_normal_retardationnormal.png,0
370_s1_normal_retardationnormal.png,0
1172_s1_normal_retardationnormal.png,0
651_s1_normal_retardationnormal.png,0
918_s1_normal_retardationnormal.png,0
388_s1_normal_retardationnormal.png,0
993_s1_normal_retardationnormal.png,0
962_s1_normal_retardationnormal.png,0
619_s1_normal_retardationnormal.png,0
615_s1_normal_retardationnormal.png,0
987_s1_normal_retardationnormal.png,0
660_s1_normal_retardationnormal.png,0
340_s1_normal_retardationnormal.png,0
1002_s1_normal_retardationnormal.png,0
754_s1_normal_retardationnormal.png,0
433_s1_normal_retardationnormal.png,0
357_s1_normal_retardationnormal.png,0
726_s1_normal_retardationnormal.png,0
88_s1_normal_retardationnormal.png,0
283_s1_normal_retardationnormal.png,0
512_s1_normal_retardationnormal.png,0
264_s1_normal_retardationnormal.png,0
567_s1_normal_retardationnormal.png,0
327_s1_normal_retardationnormal.png,0
532_s1_normal_retardationnormal.png,0
1162_s1_normal_retardationnormal.png,0
175_s1_normal_retardationnormal.png,0
1148_s1_normal_retardationnormal.png,0
1073_s1_normal_retardationnormal.png,0
390_s1_normal_retardationnormal.png,0
1061_s1_normal_retardationnormal.png,0
812_s1_normal_retardationnormal.png,0
994_s1_normal_retardationnormal.png,0
1093_s1_normal_retardationnormal.png,0
60_s1_normal_retardationnormal.png,0
406_s1_normal_retardationnormal.png,0
644_s1_normal_retardationnormal.png,0
105_s1_normal_retardationnormal.png,0
745_s1_normal_retardationnormal.png,0
383_s1_normal_retardationnormal.png,0
151_s1_normal_retardationnormal.png,0
628_s1_normal_retardationnormal.png,0
975_s1_normal_retardationnormal.png,0
57_s1_normal_retardationnormal.png,0
891_s1_normal_retardationnormal.png,0
499_s1_normal_retardationnormal.png,0
938_s1_normal_retardationnormal.png,0
217_s1_normal_retardationnormal.png,0
839_s1_normal_retardationnormal.png,0
807_s1_normal_retardationnormal.png,0
279_s1_normal_retardationnormal.png,0
1169_s1_normal_retardationnormal.png,0
846_s1_normal_retardationnormal.png,0
365_s1_normal_retardationnormal.png,0
165_s1_normal_retardationnormal.png,0
865_s1_normal_retardationnormal.png,0
431_s1_normal_retardationnormal.png,0
1115_s1_normal_retardationnormal.png,0
149_s1_normal_retardationnormal.png,0
1128_s1_normal_retardationnormal.png,0
1149_s1_normal_retardationnormal.png,0
535_s1_normal_retardationnormal.png,0
468_s1_normal_retardationnormal.png,0
269_s1_normal_retardationnormal.png,0
673_s1_normal_retardationnormal.png,0
70_s1_normal_retardationnormal.png,0
835_s1_normal_retardationnormal.png,0
1047_s1_normal_retardationnormal.png,0
415_s1_normal_retardationnormal.png,0
713_s1_normal_retardationnormal.png,0
576_s1_normal_retardationnormal.png,0
964_s1_normal_retardationnormal.png,0
689_s1_normal_retardationnormal.png,0
982_s1_normal_retardationnormal.png,0
1112_s1_normal_retardationnormal.png,0
210_s1_normal_retardationnormal.png,0
52_s1_normal_retardationnormal.png,0
133_s1_normal_retardationnormal.png,0
92_s1_normal_retardationnormal.png,0
531_s1_normal_retardationnormal.png,0
323_s1_normal_retardationnormal.png,0
176_s1_normal_retardationnormal.png,0
147_s1_normal_retardationnormal.png,0
608_s1_normal_retardationnormal.png,0
186_s1_normal_retardationnormal.png,0
876_s1_normal_retardationnormal.png,0
298_s1_normal_retardationnormal.png,0
1122_s1_normal_retardationnormal.png,0
755_s1_normal_retardationnormal.png,0
287_s1_normal_retardationnormal.png,0
198_s1_normal_retardationnormal.png,0
790_s1_normal_retardationnormal.png,0
1114_s1_normal_retardationnormal.png,0
54_s1_normal_retardationnormal.png,0
100_s1_normal_retardationnormal.png,0
1177_s1_normal_retardationnormal.png,0
654_s1_normal_retardationnormal.png,0
855_s1_normal_retardationnormal.png,0
661_s1_normal_retardationnormal.png,0
293_s1_normal_retardationnormal.png,0
750_s1_normal_retardationnormal.png,0
1083_s1_normal_retardationnormal.png,0
130_s1_normal_retardationnormal.png,0
206_s1_normal_retardationnormal.png,0
569_s1_normal_retardationnormal.png,0
1010_s1_normal_retardationnormal.png,0
1091_s1_normal_retardationnormal.png,0
931_s1_normal_retardationnormal.png,0
1168_s1_normal_retardationnormal.png,0
412_s1_normal_retardationnormal.png,0
1068_s1_normal_retardationnormal.png,0
521_s1_normal_retardationnormal.png,0
118_s1_normal_retardationnormal.png,0
789_s1_normal_retardationnormal.png,0
1190_s1_normal_retardationnormal.png,0
577_s1_normal_retardationnormal.png,0
959_s1_normal_retardationnormal.png,0
430_s1_normal_retardationnormal.png,0
208_s1_normal_retardationnormal.png,0
1056_s1_normal_retardationnormal.png,0
781_s1_normal_retardationnormal.png,0
182_s1_normal_retardationnormal.png,0
761_s1_normal_retardationnormal.png,0
685_s1_normal_retardationnormal.png,0
320_s1_normal_retardationnormal.png,0
785_s1_normal_retardationnormal.png,0
1065_s1_normal_retardationnormal.png,0
856_s1_normal_retardationnormal.png,0
335_s1_normal_retardationnormal.png,0
474_s1_normal_retardationnormal.png,0
880_s1_normal_retardationnormal.png,0
1028_s1_normal_retardationnormal.png,0
659_s1_normal_retardationnormal.png,0
1018_s1_normal_retardationnormal.png,0
253_s1_normal_retardationnormal.png,0
06_s1_normal_retardationnormal.png,0
91_s1_normal_retardationnormal.png,0
1175_s1_normal_retardationnormal.png,0
972_s1_normal_retardationnormal.png,0
36_s1_normal_retardationnormal.png,0
710_s1_normal_retardationnormal.png,0
799_s1_normal_retardationnormal.png,0
29_s1_normal_retardationnormal.png,0
1049_s1_normal_retardationnormal.png,0
1078_s1_normal_retardationnormal.png,0
280_s1_normal_retardationnormal.png,0
276_s1_normal_retardationnormal.png,0
915_s1_normal_retardationnormal.png,0
15_s1_normal_retardationnormal.png,0
547_s1_normal_retardationnormal.png,0
1036_s1_normal_retardationnormal.png,0
213_s1_normal_retardationnormal.png,0
627_s1_normal_retardationnormal.png,0
1199_s1_normal_retardationnormal.png,0
813_s1_normal_retardationnormal.png,0
51_s1_normal_retardationnormal.png,0
240_s1_normal_retardationnormal.png,0
1188_s1_normal_retardationnormal.png,0
1063_s1_normal_retardationnormal.png,0
868_s1_normal_retardationnormal.png,0
445_s1_normal_retardationnormal.png,0
1159_s1_normal_retardationnormal.png,0
183_s1_normal_retardationnormal.png,0
49_s1_normal_retardationnormal.png,0
1009_s1_normal_retardationnormal.png,0
848_s1_normal_retardationnormal.png,0
852_s1_normal_retardationnormal.png,0
1057_s1_normal_retardationnormal.png,0
112_s1_normal_retardationnormal.png,0
435_s1_normal_retardationnormal.png,0
196_s1_normal_retardationnormal.png,0
734_s1_normal_retardationnormal.png,0
209_s1_normal_retardationnormal.png,0
1150_s1_normal_retardationnormal.png,0
976_s1_normal_retardationnormal.png,0
439_s1_normal_retardationnormal.png,0
106_s1_normal_retardationnormal.png,0
1106_s1_normal_retardationnormal.png,0
979_s1_normal_retardationnormal.png,0
362_s1_normal_retardationnormal.png,0
96_s1_normal_retardationnormal.png,0
488_s1_normal_retardationnormal.png,0
1069_s1_normal_retardationnormal.png,0
640_s1_normal_retardationnormal.png,0
1037_s1_normal_retardationnormal.png,0
453_s1_normal_retardationnormal.png,0
16_s1_normal_retardationnormal.png,0
520_s1_normal_retardationnormal.png,0
1079_s1_normal_retardationnormal.png,0
471_s1_normal_retardationnormal.png,0
1104_s1_normal_retardationnormal.png,0
928_s1_normal_retardationnormal.png,0
251_s1_normal_retardationnormal.png,0
1033_s1_normal_retardationnormal.png,0
571_s1_normal_retardationnormal.png,0
352_s1_normal_retardationnormal.png,0
537_s1_normal_retardationnormal.png,0
793_s1_normal_retardationnormal.png,0
14_s1_normal_retardationnormal.png,0
75_s1_normal_retardationnormal.png,0
226_s1_normal_retardationnormal.png,0
747_s1_normal_retardationnormal.png,0
85_s1_normal_retardationnormal.png,0
691_s1_normal_retardationnormal.png,0
260_s1_normal_retardationnormal.png,0
897_s1_normal_retardationnormal.png,0
462_s1_normal_retardationnormal.png,0
570_s1_normal_retardationnormal.png,0
899_s1_normal_retardationnormal.png,0
573_s1_normal_retardationnormal.png,0
200_s1_normal_retardationnormal.png,0
814_s1_normal_retardationnormal.png,0
193_s1_normal_retardationnormal.png,0
345_s1_normal_retardationnormal.png,0
140_s1_normal_retardationnormal.png,0
48_s1_normal_retardationnormal.png,0
494_s1_normal_retardationnormal.png,0
828_s1_normal_retardationnormal.png,0
981_s1_normal_retardationnormal.png,0
683_s1_normal_retardationnormal.png,0
314_s1_normal_retardationnormal.png,0
1100_s1_normal_retardationnormal.png,0
1179_s1_normal_retardationnormal.png,0
826_s1_normal_retardationnormal.png,0
583_s1_normal_retardationnormal.png,0
126_s1_normal_retardationnormal.png,0
98_s1_normal_retardationnormal.png,0
806_s1_normal_retardationnormal.png,0
191_s1_normal_retardationnormal.png,0
233_s1_normal_retardationnormal.png,0
810_s1_normal_retardationnormal.png,0
338_s1_normal_retardationnormal.png,0
549_s1_normal_retardationnormal.png,0
850_s1_normal_retardationnormal.png,0
477_s1_normal_retardationnormal.png,0
534_s1_normal_retardationnormal.png,0
97_s1_normal_retardationnormal.png,0
721_s1_normal_retardationnormal.png,0
591_s1_normal_retardationnormal.png,0
189_s1_normal_retardationnormal.png,0
999_s1_normal_retardationnormal.png,0
933_s1_normal_retardationnormal.png,0
884_s1_normal_retardationnormal.png,0
273_s1_normal_retardationnormal.png,0
809_s1_normal_retardationnormal.png,0
556_s1_normal_retardationnormal.png,0
1164_s1_normal_retardationnormal.png,0
476_s1_normal_retardationnormal.png,0
1076_s1_normal_retardationnormal.png,0
78_s1_normal_retardationnormal.png,0
564_s1_normal_retardationnormal.png,0
128_s1_normal_retardationnormal.png,0
851_s1_normal_retardationnormal.png,0
95_s1_normal_retardationnormal.png,0
306_s1_normal_retardationnormal.png,0
109_s1_normal_retardationnormal.png,0
1090_s1_normal_retardationnormal.png,0
201_s1_normal_retardationnormal.png,0
01_s1_normal_retardationnormal.png,0
1152_s1_normal_retardationnormal.png,0
914_s1_normal_retardationnormal.png,0
1117_s1_normal_retardationnormal.png,0
845_s1_normal_retardationnormal.png,0
592_s1_normal_retardationnormal.png,0
604_s1_normal_retardationnormal.png,0
967_s1_normal_retardationnormal.png,0
907_s1_normal_retardationnormal.png,0
558_s1_normal_retardationnormal.png,0
41_s1_normal_retardationnormal.png,0
234_s1_normal_retardationnormal.png,0
871_s1_normal_retardationnormal.png,0
132_s1_normal_retardationnormal.png,0
46_s1_normal_retardationnormal.png,0
129_s1_normal_retardationnormal.png,0
998_s1_normal_retardationnormal.png,0
694_s1_normal_retardationnormal.png,0
802_s1_normal_retardationnormal.png,0
867_s1_normal_retardationnormal.png,0
221_s1_normal_retardationnormal.png,0
787_s1_normal_retardationnormal.png,0
386_s1_normal_retardationnormal.png,0
1161_s1_normal_retardationnormal.png,0
952_s1_normal_retardationnormal.png,0
203_s1_normal_retardationnormal.png,0
443_s1_normal_retardationnormal.png,0
17_s1_normal_retardationnormal.png,0
359_s1_normal_retardationnormal.png,0
626_s1_normal_retardationnormal.png,0
579_s1_normal_retardationnormal.png,0
842_s1_normal_retardationnormal.png,0
885_s1_normal_retardationnormal.png,0
857_s1_normal_retardationnormal.png,0
63_s1_normal_retardationnormal.png,0
66_s1_normal_retardationnormal.png,0
950_s1_normal_retardationnormal.png,0
485_s1_normal_retardationnormal.png,0
954_s1_normal_retardationnormal.png,0
1094_s1_normal_retardationnormal.png,0
1198_s1_normal_retardationnormal.png,0
895_s1_normal_retardationnormal.png,0
363_s1_normal_retardationnormal.png,0
892_s1_normal_retardationnormal.png,0
116_s1_normal_retardationnormal.png,0
71_s1_normal_retardationnormal.png,0
350_s1_normal_retardationnormal.png,0
597_s1_normal_retardationnormal.png,0
748_s1_normal_retardationnormal.png,0
909_s1_normal_retardationnormal.png,0
648_s1_normal_retardationnormal.png,0
90_s1_normal_retardationnormal.png,0
353_s1_normal_retardationnormal.png,0
1081_s1_normal_retardationnormal.png,0
894_s1_normal_retardationnormal.png,0
883_s1_normal_retardationnormal.png,0
84_s1_normal_retardationnormal.png,0
514_s1_normal_retardationnormal.png,0
1044_s1_normal_retardationnormal.png,0
990_s1_normal_retardationnormal.png,0
926_s1_normal_retardationnormal.png,0
169_s1_normal_retardationnormal.png,0
330_s1_normal_retardationnormal.png,0
770_s1_normal_retardationnormal.png,0
423_s1_normal_retardationnormal.png,0
416_s1_normal_retardationnormal.png,0
544_s1_normal_retardationnormal.png,0
974_s1_normal_retardationnormal.png,0
459_s1_normal_retardationnormal.png,0
261_s1_normal_retardationnormal.png,0
955_s1_normal_retardationnormal.png,0
110_s1_normal_retardationnormal.png,0
672_s1_normal_retardationnormal.png,0
526_s1_normal_retardationnormal.png,0
188_s1_normal_retardationnormal.png,0
231_s1_normal_retardationnormal.png,0
1092_s1_normal_retardationnormal.png,0
1140_s1_normal_retardationnormal.png,0
889_s1_normal_retardationnormal.png,0
633_s1_normal_retardationnormal.png,0
840_s1_normal_retardationnormal.png,0
381_s1_normal_retardationnormal.png,0
464_s1_normal_retardationnormal.png,0
291_s1_normal_retardationnormal.png,0
586_s1_normal_retardationnormal.png,0
454_s1_normal_retardationnormal.png,0
1136_s1_normal_retardationnormal.png,0
38_s1_normal_retardationnormal.png,0
470_s1_normal_retardationnormal.png,0
824_s1_normal_retardationnormal.png,0
934_s1_normal_retardationnormal.png,0
220_s1_normal_retardationnormal.png,0
61_s1_normal_retardationnormal.png,0
1137_s1_normal_retardationnormal.png,0
1176_s1_normal_retardationnormal.png,0
1017_s1_normal_retardationnormal.png,0
1004_s1_normal_retardationnormal.png,0
698_s1_normal_retardationnormal.png,0
377_s1_normal_retardationnormal.png,0
1131_s1_normal_retardationnormal.png,0
81_s1_normal_retardationnormal.png,0
833_s1_normal_retardationnormal.png,0
674_s1_normal_retardationnormal.png,0
1174_s1_normal_retardationnormal.png,0
444_s1_normal_retardationnormal.png,0
834_s1_normal_retardationnormal.png,0
452_s1_normal_retardationnormal.png,0
700_s1_normal_retardationnormal.png,0
708_s1_normal_retardationnormal.png,0
1014_s1_normal_retardationnormal.png,0
177_s1_normal_retardationnormal.png,0
742_s1_normal_retardationnormal.png,0
248_s1_normal_retardationnormal.png,0
864_s1_normal_retardationnormal.png,0
989_s1_normal_retardationnormal.png,0
332_s1_normal_retardationnormal.png,0
1035_s1_normal_retardationnormal.png,0
398_s1_normal_retardationnormal.png,0
642_s1_normal_retardationnormal.png,0
774_s1_normal_retardationnormal.png,0
154_s1_normal_retardationnormal.png,0
1077_s1_normal_retardationnormal.png,0
598_s1_normal_retardationnormal.png,0
480_s1_normal_retardationnormal.png,0
389_s1_normal_retardationnormal.png,0
737_s1_normal_retardationnormal.png,0
539_s1_normal_retardationnormal.png,0
418_s1_normal_retardationnormal.png,0
300_s1_normal_retardationnormal.png,0
1181_s1_tumor_retardationtumor.png,1
80_s1_tumor_retardationtumor.png,1
1098_s1_tumor_retardationtumor.png,1
311_s1_tumor_retardationtumor.png,1
1063_s1_tumor_retardationtumor.png,1
215_s1_tumor_retardationtumor.png,1
554_s1_tumor_retardationtumor.png,1
500_s1_tumor_retardationtumor.png,1
71_s1_tumor_retardationtumor.png,1
473_s1_tumor_retardationtumor.png,1
736_s1_tumor_retardationtumor.png,1
563_s1_tumor_retardationtumor.png,1
778_s1_tumor_retardationtumor.png,1
877_s1_tumor_retardationtumor.png,1
1087_s1_tumor_retardationtumor.png,1
881_s1_tumor_retardationtumor.png,1
982_s1_tumor_retardationtumor.png,1
535_s1_tumor_retardationtumor.png,1
467_s1_tumor_retardationtumor.png,1
122_s1_tumor_retardationtumor.png,1
413_s1_tumor_retardationtumor.png,1
03_s1_tumor_retardationtumor.png,1
951_s1_tumor_retardationtumor.png,1
1157_s1_tumor_retardationtumor.png,1
61_s1_tumor_retardationtumor.png,1
104_s1_tumor_retardationtumor.png,1
506_s1_tumor_retardationtumor.png,1
519_s1_tumor_retardationtumor.png,1
1051_s1_tumor_retardationtumor.png,1
628_s1_tumor_retardationtumor.png,1
114_s1_tumor_retardationtumor.png,1
148_s1_tumor_retardationtumor.png,1
643_s1_tumor_retardationtumor.png,1
443_s1_tumor_retardationtumor.png,1
743_s1_tumor_retardationtumor.png,1
939_s1_tumor_retardationtumor.png,1
1074_s1_tumor_retardationtumor.png,1
837_s1_tumor_retardationtumor.png,1
1050_s1_tumor_retardationtumor.png,1
144_s1_tumor_retardationtumor.png,1
1014_s1_tumor_retardationtumor.png,1
694_s1_tumor_retardationtumor.png,1
1029_s1_tumor_retardationtumor.png,1
283_s1_tumor_retardationtumor.png,1
403_s1_tumor_retardationtumor.png,1
612_s1_tumor_retardationtumor.png,1
78_s1_tumor_retardationtumor.png,1
174_s1_tumor_retardationtumor.png,1
451_s1_tumor_retardationtumor.png,1
320_s1_tumor_retardationtumor.png,1
185_s1_tumor_retardationtumor.png,1
285_s1_tumor_retardationtumor.png,1
1185_s1_tumor_retardationtumor.png,1
792_s1_tumor_retardationtumor.png,1
611_s1_tumor_retardationtumor.png,1
990_s1_tumor_retardationtumor.png,1
81_s1_tumor_retardationtumor.png,1
498_s1_tumor_retardationtumor.png,1
615_s1_tumor_retardationtumor.png,1
556_s1_tumor_retardationtumor.png,1
177_s1_tumor_retardationtumor.png,1
382_s1_tumor_retardationtumor.png,1
806_s1_tumor_retardationtumor.png,1
346_s1_tumor_retardationtumor.png,1
1094_s1_tumor_retardationtumor.png,1
178_s1_tumor_retardationtumor.png,1
123_s1_tumor_retardationtumor.png,1
292_s1_tumor_retardationtumor.png,1
44_s1_tumor_retardationtumor.png,1
697_s1_tumor_retardationtumor.png,1
438_s1_tumor_retardationtumor.png,1
96_s1_tumor_retardationtumor.png,1
993_s1_tumor_retardationtumor.png,1
132_s1_tumor_retardationtumor.png,1
458_s1_tumor_retardationtumor.png,1
02_s1_tumor_retardationtumor.png,1
1102_s1_tumor_retardationtumor.png,1
280_s1_tumor_retardationtumor.png,1
1152_s1_tumor_retardationtumor.png,1
1091_s1_tumor_retardationtumor.png,1
956_s1_tumor_retardationtumor.png,1
342_s1_tumor_retardationtumor.png,1
170_s1_tumor_retardationtumor.png,1
865_s1_tumor_retardationtumor.png,1
1188_s1_tumor_retardationtumor.png,1
680_s1_tumor_retardationtumor.png,1
16_s1_tumor_retardationtumor.png,1
813_s1_tumor_retardationtumor.png,1
94_s1_tumor_retardationtumor.png,1
957_s1_tumor_retardationtumor.png,1
1021_s1_tumor_retardationtumor.png,1
405_s1_tumor_retardationtumor.png,1
754_s1_tumor_retardationtumor.png,1
988_s1_tumor_retardationtumor.png,1
411_s1_tumor_retardationtumor.png,1
725_s1_tumor_retardationtumor.png,1
108_s1_tumor_retardationtumor.png,1
85_s1_tumor_retardationtumor.png,1
1013_s1_tumor_retardationtumor.png,1
769_s1_tumor_retardationtumor.png,1
45_s1_tumor_retardationtumor.png,1
512_s1_tumor_retardationtumor.png,1
1170_s1_tumor_retardationtumor.png,1
299_s1_tumor_retardationtumor.png,1
1089_s1_tumor_retardationtumor.png,1
230_s1_tumor_retardationtumor.png,1
146_s1_tumor_retardationtumor.png,1
758_s1_tumor_retardationtumor.png,1
308_s1_tumor_retardationtumor.png,1
225_s1_tumor_retardationtumor.png,1
1066_s1_tumor_retardationtumor.png,1
987_s1_tumor_retardationtumor.png,1
101_s1_tumor_retardationtumor.png,1
699_s1_tumor_retardationtumor.png,1
943_s1_tumor_retardationtumor.png,1
616_s1_tumor_retardationtumor.png,1
848_s1_tumor_retardationtumor.png,1
136_s1_tumor_retardationtumor.png,1
712_s1_tumor_retardationtumor.png,1
1062_s1_tumor_retardationtumor.png,1
804_s1_tumor_retardationtumor.png,1
277_s1_tumor_retardationtumor.png,1
91_s1_tumor_retardationtumor.png,1
98_s1_tumor_retardationtumor.png,1
305_s1_tumor_retardationtumor.png,1
814_s1_tumor_retardationtumor.png,1
1078_s1_tumor_retardationtumor.png,1
137_s1_tumor_retardationtumor.png,1
630_s1_tumor_retardationtumor.png,1
147_s1_tumor_retardationtumor.png,1
124_s1_tumor_retardationtumor.png,1
430_s1_tumor_retardationtumor.png,1
1092_s1_tumor_retardationtumor.png,1
366_s1_tumor_retardationtumor.png,1
337_s1_tumor_retardationtumor.png,1
903_s1_tumor_retardationtumor.png,1
639_s1_tumor_retardationtumor.png,1
09_s1_tumor_retardationtumor.png,1
875_s1_tumor_retardationtumor.png,1
228_s1_tumor_retardationtumor.png,1
1106_s1_tumor_retardationtumor.png,1
1015_s1_tumor_retardationtumor.png,1
1127_s1_tumor_retardationtumor.png,1
493_s1_tumor_retardationtumor.png,1
496_s1_tumor_retardationtumor.png,1
198_s1_tumor_retardationtumor.png,1
747_s1_tumor_retardationtumor.png,1
624_s1_tumor_retardationtumor.png,1
160_s1_tumor_retardationtumor.png,1
77_s1_tumor_retardationtumor.png,1
695_s1_tumor_retardationtumor.png,1
240_s1_tumor_retardationtumor.png,1
1083_s1_tumor_retardationtumor.png,1
824_s1_tumor_retardationtumor.png,1
575_s1_tumor_retardationtumor.png,1
354_s1_tumor_retardationtumor.png,1
836_s1_tumor_retardationtumor.png,1
847_s1_tumor_retardationtumor.png,1
274_s1_tumor_retardationtumor.png,1
246_s1_tumor_retardationtumor.png,1
862_s1_tumor_retardationtumor.png,1
564_s1_tumor_retardationtumor.png,1
552_s1_tumor_retardationtumor.png,1
133_s1_tumor_retardationtumor.png,1
857_s1_tumor_retardationtumor.png,1
134_s1_tumor_retardationtumor.png,1
490_s1_tumor_retardationtumor.png,1
459_s1_tumor_retardationtumor.png,1
24_s1_tumor_retardationtumor.png,1
152_s1_tumor_retardationtumor.png,1
166_s1_tumor_retardationtumor.png,1
126_s1_tumor_retardationtumor.png,1
446_s1_tumor_retardationtumor.png,1
1187_s1_tumor_retardationtumor.png,1
431_s1_tumor_retardationtumor.png,1
105_s1_tumor_retardationtumor.png,1
20_s1_tumor_retardationtumor.png,1
853_s1_tumor_retardationtumor.png,1
838_s1_tumor_retardationtumor.png,1
884_s1_tumor_retardationtumor.png,1
913_s1_tumor_retardationtumor.png,1
499_s1_tumor_retardationtumor.png,1
810_s1_tumor_retardationtumor.png,1
206_s1_tumor_retardationtumor.png,1
1147_s1_tumor_retardationtumor.png,1
720_s1_tumor_retardationtumor.png,1
571_s1_tumor_retardationtumor.png,1
759_s1_tumor_retardationtumor.png,1
187_s1_tumor_retardationtumor.png,1
113_s1_tumor_retardationtumor.png,1
1162_s1_tumor_retardationtumor.png,1
333_s1_tumor_retardationtumor.png,1
1151_s1_tumor_retardationtumor.png,1
949_s1_tumor_retardationtumor.png,1
486_s1_tumor_retardationtumor.png,1
244_s1_tumor_retardationtumor.png,1
217_s1_tumor_retardationtumor.png,1
994_s1_tumor_retardationtumor.png,1
832_s1_tumor_retardationtumor.png,1
710_s1_tumor_retardationtumor.png,1
1096_s1_tumor_retardationtumor.png,1
659_s1_tumor_retardationtumor.png,1
233_s1_tumor_retardationtumor.png,1
128_s1_tumor_retardationtumor.png,1
1178_s1_tumor_retardationtumor.png,1
38_s1_tumor_retardationtumor.png,1
518_s1_tumor_retardationtumor.png,1
135_s1_tumor_retardationtumor.png,1
1107_s1_tumor_retardationtumor.png,1
1161_s1_tumor_retardationtumor.png,1
1019_s1_tumor_retardationtumor.png,1
399_s1_tumor_retardationtumor.png,1
995_s1_tumor_retardationtumor.png,1
211_s1_tumor_retardationtumor.png,1
26_s1_tumor_retardationtumor.png,1
421_s1_tumor_retardationtumor.png,1
181_s1_tumor_retardationtumor.png,1
302_s1_tumor_retardationtumor.png,1
447_s1_tumor_retardationtumor.png,1
50_s1_tumor_retardationtumor.png,1
607_s1_tumor_retardationtumor.png,1
347_s1_tumor_retardationtumor.png,1
1095_s1_tumor_retardationtumor.png,1
709_s1_tumor_retardationtumor.png,1
158_s1_tumor_retardationtumor.png,1
776_s1_tumor_retardationtumor.png,1
334_s1_tumor_retardationtumor.png,1
420_s1_tumor_retardationtumor.png,1
1070_s1_tumor_retardationtumor.png,1
970_s1_tumor_retardationtumor.png,1
227_s1_tumor_retardationtumor.png,1
449_s1_tumor_retardationtumor.png,1
827_s1_tumor_retardationtumor.png,1
324_s1_tumor_retardationtumor.png,1
608_s1_tumor_retardationtumor.png,1
522_s1_tumor_retardationtumor.png,1
119_s1_tumor_retardationtumor.png,1
538_s1_tumor_retardationtumor.png,1
579_s1_tumor_retardationtumor.png,1
911_s1_tumor_retardationtumor.png,1
909_s1_tumor_retardationtumor.png,1
375_s1_tumor_retardationtumor.png,1
915_s1_tumor_retardationtumor.png,1
599_s1_tumor_retardationtumor.png,1
734_s1_tumor_retardationtumor.png,1
739_s1_tumor_retardationtumor.png,1
651_s1_tumor_retardationtumor.png,1
900_s1_tumor_retardationtumor.png,1
752_s1_tumor_retardationtumor.png,1
515_s1_tumor_retardationtumor.png,1
1118_s1_tumor_retardationtumor.png,1
30_s1_tumor_retardationtumor.png,1
219_s1_tumor_retardationtumor.png,1
48_s1_tumor_retardationtumor.png,1
920_s1_tumor_retardationtumor.png,1
798_s1_tumor_retardationtumor.png,1
523_s1_tumor_retardationtumor.png,1
1048_s1_tumor_retardationtumor.png,1
265_s1_tumor_retardationtumor.png,1
551_s1_tumor_retardationtumor.png,1
1167_s1_tumor_retardationtumor.png,1
304_s1_tumor_retardationtumor.png,1
141_s1_tumor_retardationtumor.png,1
999_s1_tumor_retardationtumor.png,1
1111_s1_tumor_retardationtumor.png,1
931_s1_tumor_retardationtumor.png,1
750_s1_tumor_retardationtumor.png,1
186_s1_tumor_retardationtumor.png,1
897_s1_tumor_retardationtumor.png,1
92_s1_tumor_retardationtumor.png,1
681_s1_tumor_retardationtumor.png,1
854_s1_tumor_retardationtumor.png,1
755_s1_tumor_retardationtumor.png,1
291_s1_tumor_retardationtumor.png,1
153_s1_tumor_retardationtumor.png,1
930_s1_tumor_retardationtumor.png,1
1030_s1_tumor_retardationtumor.png,1
379_s1_tumor_retardationtumor.png,1
1159_s1_tumor_retardationtumor.png,1
07_s1_tumor_retardationtumor.png,1
713_s1_tumor_retardationtumor.png,1
922_s1_tumor_retardationtumor.png,1
102_s1_tumor_retardationtumor.png,1
372_s1_tumor_retardationtumor.png,1
638_s1_tumor_retardationtumor.png,1
696_s1_tumor_retardationtumor.png,1
894_s1_tumor_retardationtumor.png,1
76_s1_tumor_retardationtumor.png,1
741_s1_tumor_retardationtumor.png,1
1184_s1_tumor_retardationtumor.png,1
267_s1_tumor_retardationtumor.png,1
974_s1_tumor_retardationtumor.png,1
380_s1_tumor_retardationtumor.png,1
740_s1_tumor_retardationtumor.png,1
157_s1_tumor_retardationtumor.png,1
1158_s1_tumor_retardationtumor.png,1
1040_s1_tumor_retardationtumor.png,1
829_s1_tumor_retardationtumor.png,1
525_s1_tumor_retardationtumor.png,1
84_s1_tumor_retardationtumor.png,1
221_s1_tumor_retardationtumor.png,1
1182_s1_tumor_retardationtumor.png,1
1072_s1_tumor_retardationtumor.png,1
1153_s1_tumor_retardationtumor.png,1
669_s1_tumor_retardationtumor.png,1
784_s1_tumor_retardationtumor.png,1
374_s1_tumor_retardationtumor.png,1
1020_s1_tumor_retardationtumor.png,1
733_s1_tumor_retardationtumor.png,1
598_s1_tumor_retardationtumor.png,1
906_s1_tumor_retardationtumor.png,1
118_s1_tumor_retardationtumor.png,1
529_s1_tumor_retardationtumor.png,1
926_s1_tumor_retardationtumor.png,1
1086_s1_tumor_retardationtumor.png,1
1012_s1_tumor_retardationtumor.png,1
352_s1_tumor_retardationtumor.png,1
295_s1_tumor_retardationtumor.png,1
1199_s1_tumor_retardationtumor.png,1
1198_s1_tumor_retardationtumor.png,1
1007_s1_tumor_retardationtumor.png,1
618_s1_tumor_retardationtumor.png,1
288_s1_tumor_retardationtumor.png,1
46_s1_tumor_retardationtumor.png,1
95_s1_tumor_retardationtumor.png,1
58_s1_tumor_retardationtumor.png,1
583_s1_tumor_retardationtumor.png,1
251_s1_tumor_retardationtumor.png,1
229_s1_tumor_retardationtumor.png,1
455_s1_tumor_retardationtumor.png,1
707_s1_tumor_retardationtumor.png,1
433_s1_tumor_retardationtumor.png,1
760_s1_tumor_retardationtumor.png,1
547_s1_tumor_retardationtumor.png,1
1163_s1_tumor_retardationtumor.png,1
89_s1_tumor_retardationtumor.png,1
555_s1_tumor_retardationtumor.png,1
805_s1_tumor_retardationtumor.png,1
576_s1_tumor_retardationtumor.png,1
889_s1_tumor_retardationtumor.png,1
1156_s1_tumor_retardationtumor.png,1
401_s1_tumor_retardationtumor.png,1
1195_s1_tumor_retardationtumor.png,1
735_s1_tumor_retardationtumor.png,1
584_s1_tumor_retardationtumor.png,1
536_s1_tumor_retardationtumor.png,1
377_s1_tumor_retardationtumor.png,1
648_s1_tumor_retardationtumor.png,1
457_s1_tumor_retardationtumor.png,1
462_s1_tumor_retardationtumor.png,1
469_s1_tumor_retardationtumor.png,1
1036_s1_tumor_retardationtumor.png,1
580_s1_tumor_retardationtumor.png,1
775_s1_tumor_retardationtumor.png,1
1160_s1_tumor_retardationtumor.png,1
432_s1_tumor_retardationtumor.png,1
860_s1_tumor_retardationtumor.png,1
341_s1_tumor_retardationtumor.png,1
1059_s1_tumor_retardationtumor.png,1
893_s1_tumor_retardationtumor.png,1
940_s1_tumor_retardationtumor.png,1
719_s1_tumor_retardationtumor.png,1
1010_s1_tumor_retardationtumor.png,1
300_s1_tumor_retardationtumor.png,1
840_s1_tumor_retardationtumor.png,1
530_s1_tumor_retardationtumor.png,1
841_s1_tumor_retardationtumor.png,1
139_s1_tumor_retardationtumor.png,1
679_s1_tumor_retardationtumor.png,1
1148_s1_tumor_retardationtumor.png,1
1117_s1_tumor_retardationtumor.png,1
1164_s1_tumor_retardationtumor.png,1
1032_s1_tumor_retardationtumor.png,1
685_s1_tumor_retardationtumor.png,1
574_s1_tumor_retardationtumor.png,1
828_s1_tumor_retardationtumor.png,1
688_s1_tumor_retardationtumor.png,1
482_s1_tumor_retardationtumor.png,1
787_s1_tumor_retardationtumor.png,1
53_s1_tumor_retardationtumor.png,1
504_s1_tumor_retardationtumor.png,1
1186_s1_tumor_retardationtumor.png,1
479_s1_tumor_retardationtumor.png,1
226_s1_tumor_retardationtumor.png,1
318_s1_tumor_retardationtumor.png,1
39_s1_tumor_retardationtumor.png,1
553_s1_tumor_retardationtumor.png,1
271_s1_tumor_retardationtumor.png,1
559_s1_tumor_retardationtumor.png,1
145_s1_tumor_retardationtumor.png,1
649_s1_tumor_retardationtumor.png,1
270_s1_tumor_retardationtumor.png,1
55_s1_tumor_retardationtumor.png,1
706_s1_tumor_retardationtumor.png,1
794_s1_tumor_retardationtumor.png,1
768_s1_tumor_retardationtumor.png,1
1011_s1_tumor_retardationtumor.png,1
1084_s1_tumor_retardationtumor.png,1
722_s1_tumor_retardationtumor.png,1
180_s1_tumor_retardationtumor.png,1
362_s1_tumor_retardationtumor.png,1
54_s1_tumor_retardationtumor.png,1
258_s1_tumor_retardationtumor.png,1
167_s1_tumor_retardationtumor.png,1
264_s1_tumor_retardationtumor.png,1
309_s1_tumor_retardationtumor.png,1
831_s1_tumor_retardationtumor.png,1
565_s1_tumor_retardationtumor.png,1
1018_s1_tumor_retardationtumor.png,1
52_s1_tumor_retardationtumor.png,1
284_s1_tumor_retardationtumor.png,1
194_s1_tumor_retardationtumor.png,1
143_s1_tumor_retardationtumor.png,1
742_s1_tumor_retardationtumor.png,1
1064_s1_tumor_retardationtumor.png,1
488_s1_tumor_retardationtumor.png,1
256_s1_tumor_retardationtumor.png,1
505_s1_tumor_retardationtumor.png,1
68_s1_tumor_retardationtumor.png,1
112_s1_tumor_retardationtumor.png,1
360_s1_tumor_retardationtumor.png,1
33_s1_tumor_retardationtumor.png,1
497_s1_tumor_retardationtumor.png,1
871_s1_tumor_retardationtumor.png,1
772_s1_tumor_retardationtumor.png,1
1122_s1_tumor_retardationtumor.png,1
234_s1_tumor_retardationtumor.png,1
40_s1_tumor_retardationtumor.png,1
381_s1_tumor_retardationtumor.png,1
845_s1_tumor_retardationtumor.png,1
35_s1_tumor_retardationtumor.png,1
537_s1_tumor_retardationtumor.png,1
637_s1_tumor_retardationtumor.png,1
969_s1_tumor_retardationtumor.png,1
390_s1_tumor_retardationtumor.png,1
301_s1_tumor_retardationtumor.png,1
1101_s1_tumor_retardationtumor.png,1
826_s1_tumor_retardationtumor.png,1
670_s1_tumor_retardationtumor.png,1
208_s1_tumor_retardationtumor.png,1
1077_s1_tumor_retardationtumor.png,1
423_s1_tumor_retardationtumor.png,1
478_s1_tumor_retardationtumor.png,1
427_s1_tumor_retardationtumor.png,1
1043_s1_tumor_retardationtumor.png,1
577_s1_tumor_retardationtumor.png,1
120_s1_tumor_retardationtumor.png,1
899_s1_tumor_retardationtumor.png,1
1081_s1_tumor_retardationtumor.png,1
14_s1_tumor_retardationtumor.png,1
1132_s1_tumor_retardationtumor.png,1
08_s1_tumor_retardationtumor.png,1
107_s1_tumor_retardationtumor.png,1
588_s1_tumor_retardationtumor.png,1
830_s1_tumor_retardationtumor.png,1
435_s1_tumor_retardationtumor.png,1
811_s1_tumor_retardationtumor.png,1
619_s1_tumor_retardationtumor.png,1
839_s1_tumor_retardationtumor.png,1
1105_s1_tumor_retardationtumor.png,1
818_s1_tumor_retardationtumor.png,1
315_s1_tumor_retardationtumor.png,1
690_s1_tumor_retardationtumor.png,1
662_s1_tumor_retardationtumor.png,1
738_s1_tumor_retardationtumor.png,1
550_s1_tumor_retardationtumor.png,1
665_s1_tumor_retardationtumor.png,1
935_s1_tumor_retardationtumor.png,1
130_s1_tumor_retardationtumor.png,1
856_s1_tumor_retardationtumor.png,1
1024_s1_tumor_retardationtumor.png,1
771_s1_tumor_retardationtumor.png,1
617_s1_tumor_retardationtumor.png,1
604_s1_tumor_retardationtumor.png,1
268_s1_tumor_retardationtumor.png,1
1191_s1_tumor_retardationtumor.png,1
183_s1_tumor_retardationtumor.png,1
190_s1_tumor_retardationtumor.png,1
966_s1_tumor_retardationtumor.png,1
582_s1_tumor_retardationtumor.png,1
748_s1_tumor_retardationtumor.png,1
1073_s1_tumor_retardationtumor.png,1
723_s1_tumor_retardationtumor.png,1
989_s1_tumor_retardationtumor.png,1
237_s1_tumor_retardationtumor.png,1
1037_s1_tumor_retardationtumor.png,1
207_s1_tumor_retardationtumor.png,1
946_s1_tumor_retardationtumor.png,1
253_s1_tumor_retardationtumor.png,1
850_s1_tumor_retardationtumor.png,1
753_s1_tumor_retardationtumor.png,1
307_s1_tumor_retardationtumor.png,1
1126_s1_tumor_retardationtumor.png,1
483_s1_tumor_retardationtumor.png,1
627_s1_tumor_retardationtumor.png,1
1141_s1_tumor_retardationtumor.png,1
99_s1_tumor_retardationtumor.png,1
1090_s1_tumor_retardationtumor.png,1
634_s1_tumor_retardationtumor.png,1
672_s1_tumor_retardationtumor.png,1
721_s1_tumor_retardationtumor.png,1
868_s1_tumor_retardationtumor.png,1
652_s1_tumor_retardationtumor.png,1
947_s1_tumor_retardationtumor.png,1
907_s1_tumor_retardationtumor.png,1
597_s1_tumor_retardationtumor.png,1
13_s1_tumor_retardationtumor.png,1
942_s1_tumor_retardationtumor.png,1
921_s1_tumor_retardationtumor.png,1
60_s1_tumor_retardationtumor.png,1
821_s1_tumor_retardationtumor.png,1
281_s1_tumor_retardationtumor.png,1
31_s1_tumor_retardationtumor.png,1
269_s1_tumor_retardationtumor.png,1
259_s1_tumor_retardationtumor.png,1
297_s1_tumor_retardationtumor.png,1
125_s1_tumor_retardationtumor.png,1
263_s1_tumor_retardationtumor.png,1
19_s1_tumor_retardationtumor.png,1
316_s1_tumor_retardationtumor.png,1
819_s1_tumor_retardationtumor.png,1
677_s1_tumor_retardationtumor.png,1
1035_s1_tumor_retardationtumor.png,1
714_s1_tumor_retardationtumor.png,1
726_s1_tumor_retardationtumor.png,1
34_s1_tumor_retardationtumor.png,1
21_s1_tumor_retardationtumor.png,1
356_s1_tumor_retardationtumor.png,1
953_s1_tumor_retardationtumor.png,1
492_s1_tumor_retardationtumor.png,1
441_s1_tumor_retardationtumor.png,1
716_s1_tumor_retardationtumor.png,1
1140_s1_tumor_retardationtumor.png,1
1060_s1_tumor_retardationtumor.png,1
293_s1_tumor_retardationtumor.png,1
121_s1_tumor_retardationtumor.png,1
980_s1_tumor_retardationtumor.png,1
1136_s1_tumor_retardationtumor.png,1
715_s1_tumor_retardationtumor.png,1
561_s1_tumor_retardationtumor.png,1
464_s1_tumor_retardationtumor.png,1
516_s1_tumor_retardationtumor.png,1
783_s1_tumor_retardationtumor.png,1
526_s1_tumor_retardationtumor.png,1
278_s1_tumor_retardationtumor.png,1
919_s1_tumor_retardationtumor.png,1
236_s1_tumor_retardationtumor.png,1
904_s1_tumor_retardationtumor.png,1
313_s1_tumor_retardationtumor.png,1
79_s1_tumor_retardationtumor.png,1
869_s1_tumor_retardationtumor.png,1
131_s1_tumor_retardationtumor.png,1
393_s1_tumor_retardationtumor.png,1
276_s1_tumor_retardationtumor.png,1
1017_s1_tumor_retardationtumor.png,1
481_s1_tumor_retardationtumor.png,1
414_s1_tumor_retardationtumor.png,1
216_s1_tumor_retardationtumor.png,1
396_s1_tumor_retardationtumor.png,1
879_s1_tumor_retardationtumor.png,1
140_s1_tumor_retardationtumor.png,1
737_s1_tumor_retardationtumor.png,1
97_s1_tumor_retardationtumor.png,1
774_s1_tumor_retardationtumor.png,1
252_s1_tumor_retardationtumor.png,1
1022_s1_tumor_retardationtumor.png,1
666_s1_tumor_retardationtumor.png,1
1033_s1_tumor_retardationtumor.png,1
1108_s1_tumor_retardationtumor.png,1
788_s1_tumor_retardationtumor.png,1
858_s1_tumor_retardationtumor.png,1
520_s1_tumor_retardationtumor.png,1
528_s1_tumor_retardationtumor.png,1
155_s1_tumor_retardationtumor.png,1
918_s1_tumor_retardationtumor.png,1
327_s1_tumor_retardationtumor.png,1
955_s1_tumor_retardationtumor.png,1
1150_s1_tumor_retardationtumor.png,1
323_s1_tumor_retardationtumor.png,1
539_s1_tumor_retardationtumor.png,1
73_s1_tumor_retardationtumor.png,1
17_s1_tumor_retardationtumor.png,1
803_s1_tumor_retardationtumor.png,1
1189_s1_tumor_retardationtumor.png,1
801_s1_tumor_retardationtumor.png,1
686_s1_tumor_retardationtumor.png,1
592_s1_tumor_retardationtumor.png,1
248_s1_tumor_retardationtumor.png,1
279_s1_tumor_retardationtumor.png,1
480_s1_tumor_retardationtumor.png,1
109_s1_tumor_retardationtumor.png,1
18_s1_tumor_retardationtumor.png,1
795_s1_tumor_retardationtumor.png,1
732_s1_tumor_retardationtumor.png,1
833_s1_tumor_retardationtumor.png,1
389_s1_tumor_retardationtumor.png,1
593_s1_tumor_retardationtumor.png,1
261_s1_tumor_retardationtumor.png,1
422_s1_tumor_retardationtumor.png,1
419_s1_tumor_retardationtumor.png,1
1139_s1_tumor_retardationtumor.png,1
363_s1_tumor_retardationtumor.png,1
756_s1_tumor_retardationtumor.png,1
1044_s1_tumor_retardationtumor.png,1
01_s1_tumor_retardationtumor.png,1
495_s1_tumor_retardationtumor.png,1
388_s1_tumor_retardationtumor.png,1
859_s1_tumor_retardationtumor.png,1
74_s1_tumor_retardationtumor.png,1
314_s1_tumor_retardationtumor.png,1
786_s1_tumor_retardationtumor.png,1
36_s1_tumor_retardationtumor.png,1
408_s1_tumor_retardationtumor.png,1
289_s1_tumor_retardationtumor.png,1
823_s1_tumor_retardationtumor.png,1
450_s1_tumor_retardationtumor.png,1
997_s1_tumor_retardationtumor.png,1
1183_s1_tumor_retardationtumor.png,1
514_s1_tumor_retardationtumor.png,1
524_s1_tumor_retardationtumor.png,1
1194_s1_tumor_retardationtumor.png,1
510_s1_tumor_retardationtumor.png,1
70_s1_tumor_retardationtumor.png,1
560_s1_tumor_retardationtumor.png,1
28_s1_tumor_retardationtumor.png,1
22_s1_tumor_retardationtumor.png,1
600_s1_tumor_retardationtumor.png,1
961_s1_tumor_retardationtumor.png,1
1193_s1_tumor_retardationtumor.png,1
1124_s1_tumor_retardationtumor.png,1
590_s1_tumor_retardationtumor.png,1
87_s1_tumor_retardationtumor.png,1
558_s1_tumor_retardationtumor.png,1
867_s1_tumor_retardationtumor.png,1
606_s1_tumor_retardationtumor.png,1
62_s1_tumor_retardationtumor.png,1
376_s1_tumor_retardationtumor.png,1
29_s1_tumor_retardationtumor.png,1
75_s1_tumor_retardationtumor.png,1
578_s1_tumor_retardationtumor.png,1
359_s1_tumor_retardationtumor.png,1
436_s1_tumor_retardationtumor.png,1
151_s1_tumor_retardationtumor.png,1
885_s1_tumor_retardationtumor.png,1
653_s1_tumor_retardationtumor.png,1
763_s1_tumor_retardationtumor.png,1
350_s1_tumor_retardationtumor.png,1
358_s1_tumor_retardationtumor.png,1
1058_s1_tumor_retardationtumor.png,1
817_s1_tumor_retardationtumor.png,1
944_s1_tumor_retardationtumor.png,1
05_s1_tumor_retardationtumor.png,1
343_s1_tumor_retardationtumor.png,1
724_s1_tumor_retardationtumor.png,1
793_s1_tumor_retardationtumor.png,1
57_s1_tumor_retardationtumor.png,1
912_s1_tumor_retardationtumor.png,1
466_s1_tumor_retardationtumor.png,1
1176_s1_tumor_retardationtumor.png,1
204_s1_tumor_retardationtumor.png,1
161_s1_tumor_retardationtumor.png,1
400_s1_tumor_retardationtumor.png,1
1113_s1_tumor_retardationtumor.png,1
491_s1_tumor_retardationtumor.png,1
569_s1_tumor_retardationtumor.png,1
1000_s1_tumor_retardationtumor.png,1
331_s1_tumor_retardationtumor.png,1
294_s1_tumor_retardationtumor.png,1
195_s1_tumor_retardationtumor.png,1
176_s1_tumor_retardationtumor.png,1
782_s1_tumor_retardationtumor.png,1
1005_s1_tumor_retardationtumor.png,1
773_s1_tumor_retardationtumor.png,1
796_s1_tumor_retardationtumor.png,1
214_s1_tumor_retardationtumor.png,1
12_s1_tumor_retardationtumor.png,1
642_s1_tumor_retardationtumor.png,1
90_s1_tumor_retardationtumor.png,1
66_s1_tumor_retardationtumor.png,1
693_s1_tumor_retardationtumor.png,1
682_s1_tumor_retardationtumor.png,1
684_s1_tumor_retardationtumor.png,1
1025_s1_tumor_retardationtumor.png,1
169_s1_tumor_retardationtumor.png,1
1023_s1_tumor_retardationtumor.png,1
27_s1_tumor_retardationtumor.png,1
1128_s1_tumor_retardationtumor.png,1
471_s1_tumor_retardationtumor.png,1
63_s1_tumor_retardationtumor.png,1
1054_s1_tumor_retardationtumor.png,1
872_s1_tumor_retardationtumor.png,1
992_s1_tumor_retardationtumor.png,1
975_s1_tumor_retardationtumor.png,1
914_s1_tumor_retardationtumor.png,1
968_s1_tumor_retardationtumor.png,1
698_s1_tumor_retardationtumor.png,1
573_s1_tumor_retardationtumor.png,1
1026_s1_tumor_retardationtumor.png,1
549_s1_tumor_retardationtumor.png,1
632_s1_tumor_retardationtumor.png,1
1119_s1_tumor_retardationtumor.png,1
812_s1_tumor_retardationtumor.png,1
1145_s1_tumor_retardationtumor.png,1
485_s1_tumor_retardationtumor.png,1
751_s1_tumor_retardationtumor.png,1
928_s1_tumor_retardationtumor.png,1
287_s1_tumor_retardationtumor.png,1
138_s1_tumor_retardationtumor.png,1
1135_s1_tumor_retardationtumor.png,1
86_s1_tumor_retardationtumor.png,1
395_s1_tumor_retardationtumor.png,1
852_s1_tumor_retardationtumor.png,1
1075_s1_tumor_retardationtumor.png,1
218_s1_tumor_retardationtumor.png,1
962_s1_tumor_retardationtumor.png,1
1041_s1_tumor_retardationtumor.png,1
1008_s1_tumor_retardationtumor.png,1
910_s1_tumor_retardationtumor.png,1
319_s1_tumor_retardationtumor.png,1
69_s1_tumor_retardationtumor.png,1
657_s1_tumor_retardationtumor.png,1
963_s1_tumor_retardationtumor.png,1
179_s1_tumor_retardationtumor.png,1
168_s1_tumor_retardationtumor.png,1
110_s1_tumor_retardationtumor.png,1
406_s1_tumor_retardationtumor.png,1
708_s1_tumor_retardationtumor.png,1
1200_s1_tumor_retardationtumor.png,1
364_s1_tumor_retardationtumor.png,1
474_s1_tumor_retardationtumor.png,1
503_s1_tumor_retardationtumor.png,1
378_s1_tumor_retardationtumor.png,1
49_s1_tumor_retardationtumor.png,1
1038_s1_tumor_retardationtumor.png,1
964_s1_tumor_retardationtumor.png,1
534_s1_tumor_retardationtumor.png,1
445_s1_tumor_retardationtumor.png,1
205_s1_tumor_retardationtumor.png,1
463_s1_tumor_retardationtumor.png,1
656_s1_tumor_retardationtumor.png,1
749_s1_tumor_retardationtumor.png,1
357_s1_tumor_retardationtumor.png,1
843_s1_tumor_retardationtumor.png,1
282_s1_tumor_retardationtumor.png,1
193_s1_tumor_retardationtumor.png,1
59_s1_tumor_retardationtumor.png,1
434_s1_tumor_retardationtumor.png,1
351_s1_tumor_retardationtumor.png,1
766_s1_tumor_retardationtumor.png,1
545_s1_tumor_retardationtumor.png,1
239_s1_tumor_retardationtumor.png,1
222_s1_tumor_retardationtumor.png,1
290_s1_tumor_retardationtumor.png,1
728_s1_tumor_retardationtumor.png,1
298_s1_tumor_retardationtumor.png,1
767_s1_tumor_retardationtumor.png,1
654_s1_tumor_retardationtumor.png,1
585_s1_tumor_retardationtumor.png,1
82_s1_tumor_retardationtumor.png,1
1165_s1_tumor_retardationtumor.png,1
361_s1_tumor_retardationtumor.png,1
762_s1_tumor_retardationtumor.png,1
191_s1_tumor_retardationtumor.png,1
718_s1_tumor_retardationtumor.png,1
428_s1_tumor_retardationtumor.png,1
64_s1_tumor_retardationtumor.png,1
1069_s1_tumor_retardationtumor.png,1
1168_s1_tumor_retardationtumor.png,1
468_s1_tumor_retardationtumor.png,1
1131_s1_tumor_retardationtumor.png,1
873_s1_tumor_retardationtumor.png,1
587_s1_tumor_retardationtumor.png,1
902_s1_tumor_retardationtumor.png,1
322_s1_tumor_retardationtumor.png,1
245_s1_tumor_retardationtumor.png,1
671_s1_tumor_retardationtumor.png,1
1006_s1_tumor_retardationtumor.png,1
1114_s1_tumor_retardationtumor.png,1
874_s1_tumor_retardationtumor.png,1
991_s1_tumor_retardationtumor.png,1
789_s1_tumor_retardationtumor.png,1
704_s1_tumor_retardationtumor.png,1
822_s1_tumor_retardationtumor.png,1
979_s1_tumor_retardationtumor.png,1
425_s1_tumor_retardationtumor.png,1
932_s1_tumor_retardationtumor.png,1
1027_s1_tumor_retardationtumor.png,1
977_s1_tumor_retardationtumor.png,1
1133_s1_tumor_retardationtumor.png,1
1104_s1_tumor_retardationtumor.png,1
1171_s1_tumor_retardationtumor.png,1
661_s1_tumor_retardationtumor.png,1
601_s1_tumor_retardationtumor.png,1
878_s1_tumor_retardationtumor.png,1
896_s1_tumor_retardationtumor.png,1
1144_s1_tumor_retardationtumor.png,1
1142_s1_tumor_retardationtumor.png,1
1080_s1_tumor_retardationtumor.png,1
1125_s1_tumor_retardationtumor.png,1
744_s1_tumor_retardationtumor.png,1
898_s1_tumor_retardationtumor.png,1
568_s1_tumor_retardationtumor.png,1
196_s1_tumor_retardationtumor.png,1
934_s1_tumor_retardationtumor.png,1
103_s1_tumor_retardationtumor.png,1
247_s1_tumor_retardationtumor.png,1
173_s1_tumor_retardationtumor.png,1
371_s1_tumor_retardationtumor.png,1
172_s1_tumor_retardationtumor.png,1
353_s1_tumor_retardationtumor.png,1
37_s1_tumor_retardationtumor.png,1
581_s1_tumor_retardationtumor.png,1
1154_s1_tumor_retardationtumor.png,1
700_s1_tumor_retardationtumor.png,1
834_s1_tumor_retardationtumor.png,1
800_s1_tumor_retardationtumor.png,1
655_s1_tumor_retardationtumor.png,1
958_s1_tumor_retardationtumor.png,1
983_s1_tumor_retardationtumor.png,1
1173_s1_tumor_retardationtumor.png,1
416_s1_tumor_retardationtumor.png,1
1110_s1_tumor_retardationtumor.png,1
415_s1_tumor_retardationtumor.png,1
142_s1_tumor_retardationtumor.png,1
1180_s1_tumor_retardationtumor.png,1
1042_s1_tumor_retardationtumor.png,1
262_s1_tumor_retardationtumor.png,1
465_s1_tumor_retardationtumor.png,1
633_s1_tumor_retardationtumor.png,1
533_s1_tumor_retardationtumor.png,1
933_s1_tumor_retardationtumor.png,1
412_s1_tumor_retardationtumor.png,1
424_s1_tumor_retardationtumor.png,1
266_s1_tumor_retardationtumor.png,1
645_s1_tumor_retardationtumor.png,1
182_s1_tumor_retardationtumor.png,1
238_s1_tumor_retardationtumor.png,1
809_s1_tumor_retardationtumor.png,1
43_s1_tumor_retardationtumor.png,1
729_s1_tumor_retardationtumor.png,1
668_s1_tumor_retardationtumor.png,1
339_s1_tumor_retardationtumor.png,1
273_s1_tumor_retardationtumor.png,1
461_s1_tumor_retardationtumor.png,1
220_s1_tumor_retardationtumor.png,1
111_s1_tumor_retardationtumor.png,1
586_s1_tumor_retardationtumor.png,1
1009_s1_tumor_retardationtumor.png,1
340_s1_tumor_retardationtumor.png,1
820_s1_tumor_retardationtumor.png,1
470_s1_tumor_retardationtumor.png,1
705_s1_tumor_retardationtumor.png,1
454_s1_tumor_retardationtumor.png,1
924_s1_tumor_retardationtumor.png,1
1034_s1_tumor_retardationtumor.png,1
1129_s1_tumor_retardationtumor.png,1
745_s1_tumor_retardationtumor.png,1
508_s1_tumor_retardationtumor.png,1
116_s1_tumor_retardationtumor.png,1
04_s1_tumor_retardationtumor.png,1
1016_s1_tumor_retardationtumor.png,1
546_s1_tumor_retardationtumor.png,1
1155_s1_tumor_retardationtumor.png,1
566_s1_tumor_retardationtumor.png,1
945_s1_tumor_retardationtumor.png,1
332_s1_tumor_retardationtumor.png,1
1121_s1_tumor_retardationtumor.png,1
1116_s1_tumor_retardationtumor.png,1
224_s1_tumor_retardationtumor.png,1
959_s1_tumor_retardationtumor.png,1
825_s1_tumor_retardationtumor.png,1
613_s1_tumor_retardationtumor.png,1
1177_s1_tumor_retardationtumor.png,1
1028_s1_tumor_retardationtumor.png,1
476_s1_tumor_retardationtumor.png,1
954_s1_tumor_retardationtumor.png,1
184_s1_tumor_retardationtumor.png,1
609_s1_tumor_retardationtumor.png,1
242_s1_tumor_retardationtumor.png,1
527_s1_tumor_retardationtumor.png,1
391_s1_tumor_retardationtumor.png,1
23_s1_tumor_retardationtumor.png,1
189_s1_tumor_retardationtumor.png,1
1031_s1_tumor_retardationtumor.png,1
927_s1_tumor_retardationtumor.png,1
235_s1_tumor_retardationtumor.png,1
702_s1_tumor_retardationtumor.png,1
1120_s1_tumor_retardationtumor.png,1
1046_s1_tumor_retardationtumor.png,1
370_s1_tumor_retardationtumor.png,1
678_s1_tumor_retardationtumor.png,1
770_s1_tumor_retardationtumor.png,1
231_s1_tumor_retardationtumor.png,1
567_s1_tumor_retardationtumor.png,1
746_s1_tumor_retardationtumor.png,1
646_s1_tumor_retardationtumor.png,1
511_s1_tumor_retardationtumor.png,1
1174_s1_tumor_retardationtumor.png,1
1146_s1_tumor_retardationtumor.png,1
1071_s1_tumor_retardationtumor.png,1
948_s1_tumor_retardationtumor.png,1
917_s1_tumor_retardationtumor.png,1
42_s1_tumor_retardationtumor.png,1
392_s1_tumor_retardationtumor.png,1
150_s1_tumor_retardationtumor.png,1
164_s1_tumor_retardationtumor.png,1
369_s1_tumor_retardationtumor.png,1
321_s1_tumor_retardationtumor.png,1
1055_s1_tumor_retardationtumor.png,1
348_s1_tumor_retardationtumor.png,1
409_s1_tumor_retardationtumor.png,1
1179_s1_tumor_retardationtumor.png,1
658_s1_tumor_retardationtumor.png,1
603_s1_tumor_retardationtumor.png,1
200_s1_tumor_retardationtumor.png,1
163_s1_tumor_retardationtumor.png,1
117_s1_tumor_retardationtumor.png,1
310_s1_tumor_retardationtumor.png,1
626_s1_tumor_retardationtumor.png,1
779_s1_tumor_retardationtumor.png,1
475_s1_tumor_retardationtumor.png,1
891_s1_tumor_retardationtumor.png,1
790_s1_tumor_retardationtumor.png,1
487_s1_tumor_retardationtumor.png,1
557_s1_tumor_retardationtumor.png,1
984_s1_tumor_retardationtumor.png,1
691_s1_tumor_retardationtumor.png,1
1134_s1_tumor_retardationtumor.png,1
72_s1_tumor_retardationtumor.png,1
1067_s1_tumor_retardationtumor.png,1
67_s1_tumor_retardationtumor.png,1
888_s1_tumor_retardationtumor.png,1
373_s1_tumor_retardationtumor.png,1
614_s1_tumor_retardationtumor.png,1
418_s1_tumor_retardationtumor.png,1
429_s1_tumor_retardationtumor.png,1
165_s1_tumor_retardationtumor.png,1
1082_s1_tumor_retardationtumor.png,1
1047_s1_tumor_retardationtumor.png,1
47_s1_tumor_retardationtumor.png,1
1003_s1_tumor_retardationtumor.png,1
855_s1_tumor_retardationtumor.png,1
286_s1_tumor_retardationtumor.png,1
11_s1_tumor_retardationtumor.png,1
1099_s1_tumor_retardationtumor.png,1
272_s1_tumor_retardationtumor.png,1
212_s1_tumor_retardationtumor.png,1
866_s1_tumor_retardationtumor.png,1
791_s1_tumor_retardationtumor.png,1
338_s1_tumor_retardationtumor.png,1
330_s1_tumor_retardationtumor.png,1
509_s1_tumor_retardationtumor.png,1
1052_s1_tumor_retardationtumor.png,1
335_s1_tumor_retardationtumor.png,1
936_s1_tumor_retardationtumor.png,1
275_s1_tumor_retardationtumor.png,1
952_s1_tumor_retardationtumor.png,1
589_s1_tumor_retardationtumor.png,1
667_s1_tumor_retardationtumor.png,1
344_s1_tumor_retardationtumor.png,1
159_s1_tumor_retardationtumor.png,1
1093_s1_tumor_retardationtumor.png,1
985_s1_tumor_retardationtumor.png,1
32_s1_tumor_retardationtumor.png,1
489_s1_tumor_retardationtumor.png,1
816_s1_tumor_retardationtumor.png,1
531_s1_tumor_retardationtumor.png,1
711_s1_tumor_retardationtumor.png,1
06_s1_tumor_retardationtumor.png,1
835_s1_tumor_retardationtumor.png,1
296_s1_tumor_retardationtumor.png,1
937_s1_tumor_retardationtumor.png,1
336_s1_tumor_retardationtumor.png,1
923_s1_tumor_retardationtumor.png,1
972_s1_tumor_retardationtumor.png,1
1130_s1_tumor_retardationtumor.png,1
981_s1_tumor_retardationtumor.png,1
727_s1_tumor_retardationtumor.png,1
950_s1_tumor_retardationtumor.png,1
328_s1_tumor_retardationtumor.png,1
355_s1_tumor_retardationtumor.png,1
765_s1_tumor_retardationtumor.png,1
1085_s1_tumor_retardationtumor.png,1
570_s1_tumor_retardationtumor.png,1
326_s1_tumor_retardationtumor.png,1
622_s1_tumor_retardationtumor.png,1
484_s1_tumor_retardationtumor.png,1
249_s1_tumor_retardationtumor.png,1
864_s1_tumor_retardationtumor.png,1
908_s1_tumor_retardationtumor.png,1
501_s1_tumor_retardationtumor.png,1
306_s1_tumor_retardationtumor.png,1
1143_s1_tumor_retardationtumor.png,1
687_s1_tumor_retardationtumor.png,1
188_s1_tumor_retardationtumor.png,1
199_s1_tumor_retardationtumor.png,1
417_s1_tumor_retardationtumor.png,1
1115_s1_tumor_retardationtumor.png,1
317_s1_tumor_retardationtumor.png,1
664_s1_tumor_retardationtumor.png,1
543_s1_tumor_retardationtumor.png,1
1039_s1_tumor_retardationtumor.png,1
886_s1_tumor_retardationtumor.png,1
802_s1_tumor_retardationtumor.png,1
849_s1_tumor_retardationtumor.png,1
635_s1_tumor_retardationtumor.png,1
213_s1_tumor_retardationtumor.png,1
1172_s1_tumor_retardationtumor.png,1
1166_s1_tumor_retardationtumor.png,1
785_s1_tumor_retardationtumor.png,1
100_s1_tumor_retardationtumor.png,1
452_s1_tumor_retardationtumor.png,1
895_s1_tumor_retardationtumor.png,1
502_s1_tumor_retardationtumor.png,1
815_s1_tumor_retardationtumor.png,1
442_s1_tumor_retardationtumor.png,1
777_s1_tumor_retardationtumor.png,1
965_s1_tumor_retardationtumor.png,1
156_s1_tumor_retardationtumor.png,1
683_s1_tumor_retardationtumor.png,1
1192_s1_tumor_retardationtumor.png,1
602_s1_tumor_retardationtumor.png,1
1100_s1_tumor_retardationtumor.png,1
1196_s1_tumor_retardationtumor.png,1
892_s1_tumor_retardationtumor.png,1
386_s1_tumor_retardationtumor.png,1
797_s1_tumor_retardationtumor.png,1
1045_s1_tumor_retardationtumor.png,1
513_s1_tumor_retardationtumor.png,1
521_s1_tumor_retardationtumor.png,1
175_s1_tumor_retardationtumor.png,1
876_s1_tumor_retardationtumor.png,1
1056_s1_tumor_retardationtumor.png,1
88_s1_tumor_retardationtumor.png,1
673_s1_tumor_retardationtumor.png,1
610_s1_tumor_retardationtumor.png,1
312_s1_tumor_retardationtumor.png,1
255_s1_tumor_retardationtumor.png,1
192_s1_tumor_retardationtumor.png,1
641_s1_tumor_retardationtumor.png,1
916_s1_tumor_retardationtumor.png,1
663_s1_tumor_retardationtumor.png,1
620_s1_tumor_retardationtumor.png,1
65_s1_tumor_retardationtumor.png,1
973_s1_tumor_retardationtumor.png,1
676_s1_tumor_retardationtumor.png,1
1123_s1_tumor_retardationtumor.png,1
329_s1_tumor_retardationtumor.png,1
1061_s1_tumor_retardationtumor.png,1
384_s1_tumor_retardationtumor.png,1
1138_s1_tumor_retardationtumor.png,1
407_s1_tumor_retardationtumor.png,1
1103_s1_tumor_retardationtumor.png,1
629_s1_tumor_retardationtumor.png,1
971_s1_tumor_retardationtumor.png,1
976_s1_tumor_retardationtumor.png,1
209_s1_tumor_retardationtumor.png,1
1001_s1_tumor_retardationtumor.png,1
591_s1_tumor_retardationtumor.png,1
703_s1_tumor_retardationtumor.png,1
15_s1_tumor_retardationtumor.png,1
260_s1_tumor_retardationtumor.png,1
799_s1_tumor_retardationtumor.png,1
477_s1_tumor_retardationtumor.png,1
689_s1_tumor_retardationtumor.png,1
254_s1_tumor_retardationtumor.png,1
154_s1_tumor_retardationtumor.png,1
1076_s1_tumor_retardationtumor.png,1
243_s1_tumor_retardationtumor.png,1
692_s1_tumor_retardationtumor.png,1
842_s1_tumor_retardationtumor.png,1
456_s1_tumor_retardationtumor.png,1
1097_s1_tumor_retardationtumor.png,1
127_s1_tumor_retardationtumor.png,1
453_s1_tumor_retardationtumor.png,1
404_s1_tumor_retardationtumor.png,1
532_s1_tumor_retardationtumor.png,1
594_s1_tumor_retardationtumor.png,1
998_s1_tumor_retardationtumor.png,1
349_s1_tumor_retardationtumor.png,1
1149_s1_tumor_retardationtumor.png,1
621_s1_tumor_retardationtumor.png,1
257_s1_tumor_retardationtumor.png,1
541_s1_tumor_retardationtumor.png,1
56_s1_tumor_retardationtumor.png,1
925_s1_tumor_retardationtumor.png,1
929_s1_tumor_retardationtumor.png,1
562_s1_tumor_retardationtumor.png,1
1112_s1_tumor_retardationtumor.png,1
844_s1_tumor_retardationtumor.png,1
171_s1_tumor_retardationtumor.png,1
1057_s1_tumor_retardationtumor.png,1
517_s1_tumor_retardationtumor.png,1
367_s1_tumor_retardationtumor.png,1
640_s1_tumor_retardationtumor.png,1
439_s1_tumor_retardationtumor.png,1
115_s1_tumor_retardationtumor.png,1
448_s1_tumor_retardationtumor.png,1
901_s1_tumor_retardationtumor.png,1
201_s1_tumor_retardationtumor.png,1
1068_s1_tumor_retardationtumor.png,1
717_s1_tumor_retardationtumor.png,1
1049_s1_tumor_retardationtumor.png,1
647_s1_tumor_retardationtumor.png,1
440_s1_tumor_retardationtumor.png,1
761_s1_tumor_retardationtumor.png,1
675_s1_tumor_retardationtumor.png,1
870_s1_tumor_retardationtumor.png,1
394_s1_tumor_retardationtumor.png,1
540_s1_tumor_retardationtumor.png,1
472_s1_tumor_retardationtumor.png,1
846_s1_tumor_retardationtumor.png,1
1079_s1_tumor_retardationtumor.png,1
960_s1_tumor_retardationtumor.png,1
494_s1_tumor_retardationtumor.png,1
548_s1_tumor_retardationtumor.png,1
674_s1_tumor_retardationtumor.png,1
410_s1_tumor_retardationtumor.png,1
106_s1_tumor_retardationtumor.png,1
890_s1_tumor_retardationtumor.png,1
636_s1_tumor_retardationtumor.png,1
232_s1_tumor_retardationtumor.png,1
757_s1_tumor_retardationtumor.png,1
250_s1_tumor_retardationtumor.png,1
1065_s1_tumor_retardationtumor.png,1
1197_s1_tumor_retardationtumor.png,1
93_s1_tumor_retardationtumor.png,1
426_s1_tumor_retardationtumor.png,1
1088_s1_tumor_retardationtumor.png,1
861_s1_tumor_retardationtumor.png,1
1137_s1_tumor_retardationtumor.png,1
365_s1_tumor_retardationtumor.png,1
368_s1_tumor_retardationtumor.png,1
397_s1_tumor_retardationtumor.png,1
660_s1_tumor_retardationtumor.png,1
887_s1_tumor_retardationtumor.png,1
223_s1_tumor_retardationtumor.png,1
149_s1_tumor_retardationtumor.png,1
605_s1_tumor_retardationtumor.png,1
1004_s1_tumor_retardationtumor.png,1
572_s1_tumor_retardationtumor.png,1
631_s1_tumor_retardationtumor.png,1
202_s1_tumor_retardationtumor.png,1
437_s1_tumor_retardationtumor.png,1
978_s1_tumor_retardationtumor.png,1
444_s1_tumor_retardationtumor.png,1
595_s1_tumor_retardationtumor.png,1
507_s1_tumor_retardationtumor.png,1
544_s1_tumor_retardationtumor.png,1
345_s1_tumor_retardationtumor.png,1
986_s1_tumor_retardationtumor.png,1
851_s1_tumor_retardationtumor.png,1
398_s1_tumor_retardationtumor.png,1
808_s1_tumor_retardationtumor.png,1
941_s1_tumor_retardationtumor.png,1
1169_s1_tumor_retardationtumor.png,1
883_s1_tumor_retardationtumor.png,1
880_s1_tumor_retardationtumor.png,1
1175_s1_tumor_retardationtumor.png,1
210_s1_tumor_retardationtumor.png,1
938_s1_tumor_retardationtumor.png,1
701_s1_tumor_retardationtumor.png,1
967_s1_tumor_retardationtumor.png,1
780_s1_tumor_retardationtumor.png,1
807_s1_tumor_retardationtumor.png,1
644_s1_tumor_retardationtumor.png,1
325_s1_tumor_retardationtumor.png,1
730_s1_tumor_retardationtumor.png,1
764_s1_tumor_retardationtumor.png,1
387_s1_tumor_retardationtumor.png,1
781_s1_tumor_retardationtumor.png,1
1053_s1_tumor_retardationtumor.png,1
10_s1_tumor_retardationtumor.png,1
51_s1_tumor_retardationtumor.png,1
882_s1_tumor_retardationtumor.png,1
197_s1_tumor_retardationtumor.png,1
162_s1_tumor_retardationtumor.png,1
1109_s1_tumor_retardationtumor.png,1
625_s1_tumor_retardationtumor.png,1
385_s1_tumor_retardationtumor.png,1
623_s1_tumor_retardationtumor.png,1
1190_s1_tumor_retardationtumor.png,1
303_s1_tumor_retardationtumor.png,1
996_s1_tumor_retardationtumor.png,1
542_s1_tumor_retardationtumor.png,1
41_s1_tumor_retardationtumor.png,1
25_s1_tumor_retardationtumor.png,1
863_s1_tumor_retardationtumor.png,1
731_s1_tumor_retardationtumor.png,1
460_s1_tumor_retardationtumor.png,1
241_s1_tumor_retardationtumor.png,1
402_s1_tumor_retardationtumor.png,1
383_s1_tumor_retardationtumor.png,1
83_s1_tumor_retardationtumor.png,1
905_s1_tumor_retardationtumor.png,1
129_s1_tumor_retardationtumor.png,1
1002_s1_tumor_retardationtumor.png,1
203_s1_tumor_retardationtumor.png,1
596_s1_tumor_retardationtumor.png,1
650_s1_tumor_retardationtumor.png,1
95_s2_normal_retardationnormal.png,0
887_s2_normal_retardationnormal.png,0
252_s2_normal_retardationnormal.png,0
331_s2_normal_retardationnormal.png,0
426_s2_normal_retardationnormal.png,0
952_s2_normal_retardationnormal.png,0
637_s2_normal_retardationnormal.png,0
545_s2_normal_retardationnormal.png,0
728_s2_normal_retardationnormal.png,0
119_s2_normal_retardationnormal.png,0
120_s2_normal_retardationnormal.png,0
1061_s2_normal_retardationnormal.png,0
457_s2_normal_retardationnormal.png,0
393_s2_normal_retardationnormal.png,0
191_s2_normal_retardationnormal.png,0
384_s2_normal_retardationnormal.png,0
600_s2_normal_retardationnormal.png,0
911_s2_normal_retardationnormal.png,0
09_s2_normal_retardationnormal.png,0
790_s2_normal_retardationnormal.png,0
495_s2_normal_retardationnormal.png,0
217_s2_normal_retardationnormal.png,0
140_s2_normal_retardationnormal.png,0
144_s2_normal_retardationnormal.png,0
1139_s2_normal_retardationnormal.png,0
352_s2_normal_retardationnormal.png,0
703_s2_normal_retardationnormal.png,0
508_s2_normal_retardationnormal.png,0
267_s2_normal_retardationnormal.png,0
903_s2_normal_retardationnormal.png,0
165_s2_normal_retardationnormal.png,0
578_s2_normal_retardationnormal.png,0
321_s2_normal_retardationnormal.png,0
812_s2_normal_retardationnormal.png,0
1048_s2_normal_retardationnormal.png,0
968_s2_normal_retardationnormal.png,0
302_s2_normal_retardationnormal.png,0
345_s2_normal_retardationnormal.png,0
213_s2_normal_retardationnormal.png,0
992_s2_normal_retardationnormal.png,0
813_s2_normal_retardationnormal.png,0
30_s2_normal_retardationnormal.png,0
714_s2_normal_retardationnormal.png,0
136_s2_normal_retardationnormal.png,0
562_s2_normal_retardationnormal.png,0
475_s2_normal_retardationnormal.png,0
357_s2_normal_retardationnormal.png,0
193_s2_normal_retardationnormal.png,0
1025_s2_normal_retardationnormal.png,0
1164_s2_normal_retardationnormal.png,0
726_s2_normal_retardationnormal.png,0
13_s2_normal_retardationnormal.png,0
632_s2_normal_retardationnormal.png,0
553_s2_normal_retardationnormal.png,0
941_s2_normal_retardationnormal.png,0
432_s2_normal_retardationnormal.png,0
889_s2_normal_retardationnormal.png,0
623_s2_normal_retardationnormal.png,0
862_s2_normal_retardationnormal.png,0
153_s2_normal_retardationnormal.png,0
972_s2_normal_retardationnormal.png,0
294_s2_normal_retardationnormal.png,0
888_s2_normal_retardationnormal.png,0
916_s2_normal_retardationnormal.png,0
741_s2_normal_retardationnormal.png,0
1191_s2_normal_retardationnormal.png,0
727_s2_normal_retardationnormal.png,0
804_s2_normal_retardationnormal.png,0
245_s2_normal_retardationnormal.png,0
711_s2_normal_retardationnormal.png,0
1059_s2_normal_retardationnormal.png,0
362_s2_normal_retardationnormal.png,0
539_s2_normal_retardationnormal.png,0
981_s2_normal_retardationnormal.png,0
641_s2_normal_retardationnormal.png,0
19_s2_normal_retardationnormal.png,0
328_s2_normal_retardationnormal.png,0
656_s2_normal_retardationnormal.png,0
381_s2_normal_retardationnormal.png,0
116_s2_normal_retardationnormal.png,0
573_s2_normal_retardationnormal.png,0
329_s2_normal_retardationnormal.png,0
657_s2_normal_retardationnormal.png,0
200_s2_normal_retardationnormal.png,0
141_s2_normal_retardationnormal.png,0
422_s2_normal_retardationnormal.png,0
45_s2_normal_retardationnormal.png,0
482_s2_normal_retardationnormal.png,0
70_s2_normal_retardationnormal.png,0
836_s2_normal_retardationnormal.png,0
84_s2_normal_retardationnormal.png,0
28_s2_normal_retardationnormal.png,0
683_s2_normal_retardationnormal.png,0
1100_s2_normal_retardationnormal.png,0
763_s2_normal_retardationnormal.png,0
594_s2_normal_retardationnormal.png,0
892_s2_normal_retardationnormal.png,0
69_s2_normal_retardationnormal.png,0
501_s2_normal_retardationnormal.png,0
1118_s2_normal_retardationnormal.png,0
480_s2_normal_retardationnormal.png,0
583_s2_normal_retardationnormal.png,0
926_s2_normal_retardationnormal.png,0
1022_s2_normal_retardationnormal.png,0
268_s2_normal_retardationnormal.png,0
105_s2_normal_retardationnormal.png,0
1123_s2_normal_retardationnormal.png,0
1186_s2_normal_retardationnormal.png,0
326_s2_normal_retardationnormal.png,0
33_s2_normal_retardationnormal.png,0
1054_s2_normal_retardationnormal.png,0
572_s2_normal_retardationnormal.png,0
111_s2_normal_retardationnormal.png,0
1110_s2_normal_retardationnormal.png,0
851_s2_normal_retardationnormal.png,0
486_s2_normal_retardationnormal.png,0
1099_s2_normal_retardationnormal.png,0
361_s2_normal_retardationnormal.png,0
35_s2_normal_retardationnormal.png,0
146_s2_normal_retardationnormal.png,0
484_s2_normal_retardationnormal.png,0
659_s2_normal_retardationnormal.png,0
444_s2_normal_retardationnormal.png,0
801_s2_normal_retardationnormal.png,0
451_s2_normal_retardationnormal.png,0
129_s2_normal_retardationnormal.png,0
39_s2_normal_retardationnormal.png,0
796_s2_normal_retardationnormal.png,0
957_s2_normal_retardationnormal.png,0
1003_s2_normal_retardationnormal.png,0
92_s2_normal_retardationnormal.png,0
385_s2_normal_retardationnormal.png,0
648_s2_normal_retardationnormal.png,0
549_s2_normal_retardationnormal.png,0
823_s2_normal_retardationnormal.png,0
401_s2_normal_retardationnormal.png,0
1044_s2_normal_retardationnormal.png,0
673_s2_normal_retardationnormal.png,0
163_s2_normal_retardationnormal.png,0
399_s2_normal_retardationnormal.png,0
846_s2_normal_retardationnormal.png,0
671_s2_normal_retardationnormal.png,0
413_s2_normal_retardationnormal.png,0
372_s2_normal_retardationnormal.png,0
719_s2_normal_retardationnormal.png,0
954_s2_normal_retardationnormal.png,0
698_s2_normal_retardationnormal.png,0
951_s2_normal_retardationnormal.png,0
928_s2_normal_retardationnormal.png,0
483_s2_normal_retardationnormal.png,0
987_s2_normal_retardationnormal.png,0
349_s2_normal_retardationnormal.png,0
317_s2_normal_retardationnormal.png,0
262_s2_normal_retardationnormal.png,0
1020_s2_normal_retardationnormal.png,0
06_s2_normal_retardationnormal.png,0
658_s2_normal_retardationnormal.png,0
749_s2_normal_retardationnormal.png,0
334_s2_normal_retardationnormal.png,0
271_s2_normal_retardationnormal.png,0
189_s2_normal_retardationnormal.png,0
896_s2_normal_retardationnormal.png,0
1046_s2_normal_retardationnormal.png,0
834_s2_normal_retardationnormal.png,0
188_s2_normal_retardationnormal.png,0
1131_s2_normal_retardationnormal.png,0
1104_s2_normal_retardationnormal.png,0
364_s2_normal_retardationnormal.png,0
301_s2_normal_retardationnormal.png,0
108_s2_normal_retardationnormal.png,0
849_s2_normal_retardationnormal.png,0
159_s2_normal_retardationnormal.png,0
675_s2_normal_retardationnormal.png,0
1065_s2_normal_retardationnormal.png,0
142_s2_normal_retardationnormal.png,0
558_s2_normal_retardationnormal.png,0
628_s2_normal_retardationnormal.png,0
1170_s2_normal_retardationnormal.png,0
1019_s2_normal_retardationnormal.png,0
496_s2_normal_retardationnormal.png,0
548_s2_normal_retardationnormal.png,0
279_s2_normal_retardationnormal.png,0
621_s2_normal_retardationnormal.png,0
688_s2_normal_retardationnormal.png,0
1163_s2_normal_retardationnormal.png,0
315_s2_normal_retardationnormal.png,0
907_s2_normal_retardationnormal.png,0
686_s2_normal_retardationnormal.png,0
996_s2_normal_retardationnormal.png,0
922_s2_normal_retardationnormal.png,0
1042_s2_normal_retardationnormal.png,0
438_s2_normal_retardationnormal.png,0
750_s2_normal_retardationnormal.png,0
336_s2_normal_retardationnormal.png,0
85_s2_normal_retardationnormal.png,0
55_s2_normal_retardationnormal.png,0
606_s2_normal_retardationnormal.png,0
534_s2_normal_retardationnormal.png,0
147_s2_normal_retardationnormal.png,0
780_s2_normal_retardationnormal.png,0
966_s2_normal_retardationnormal.png,0
1001_s2_normal_retardationnormal.png,0
560_s2_normal_retardationnormal.png,0
620_s2_normal_retardationnormal.png,0
706_s2_normal_retardationnormal.png,0
121_s2_normal_retardationnormal.png,0
636_s2_normal_retardationnormal.png,0
236_s2_normal_retardationnormal.png,0
1081_s2_normal_retardationnormal.png,0
56_s2_normal_retardationnormal.png,0
731_s2_normal_retardationnormal.png,0
540_s2_normal_retardationnormal.png,0
31_s2_normal_retardationnormal.png,0
53_s2_normal_retardationnormal.png,0
15_s2_normal_retardationnormal.png,0
63_s2_normal_retardationnormal.png,0
902_s2_normal_retardationnormal.png,0
36_s2_normal_retardationnormal.png,0
765_s2_normal_retardationnormal.png,0
500_s2_normal_retardationnormal.png,0
292_s2_normal_retardationnormal.png,0
1159_s2_normal_retardationnormal.png,0
1134_s2_normal_retardationnormal.png,0
978_s2_normal_retardationnormal.png,0
276_s2_normal_retardationnormal.png,0
1015_s2_normal_retardationnormal.png,0
693_s2_normal_retardationnormal.png,0
774_s2_normal_retardationnormal.png,0
550_s2_normal_retardationnormal.png,0
512_s2_normal_retardationnormal.png,0
117_s2_normal_retardationnormal.png,0
669_s2_normal_retardationnormal.png,0
588_s2_normal_retardationnormal.png,0
576_s2_normal_retardationnormal.png,0
1167_s2_normal_retardationnormal.png,0
785_s2_normal_retardationnormal.png,0
233_s2_normal_retardationnormal.png,0
403_s2_normal_retardationnormal.png,0
209_s2_normal_retardationnormal.png,0
1185_s2_normal_retardationnormal.png,0
536_s2_normal_retardationnormal.png,0
230_s2_normal_retardationnormal.png,0
691_s2_normal_retardationnormal.png,0
629_s2_normal_retardationnormal.png,0
471_s2_normal_retardationnormal.png,0
411_s2_normal_retardationnormal.png,0
325_s2_normal_retardationnormal.png,0
335_s2_normal_retardationnormal.png,0
107_s2_normal_retardationnormal.png,0
473_s2_normal_retardationnormal.png,0
1012_s2_normal_retardationnormal.png,0
910_s2_normal_retardationnormal.png,0
470_s2_normal_retardationnormal.png,0
08_s2_normal_retardationnormal.png,0
692_s2_normal_retardationnormal.png,0
781_s2_normal_retardationnormal.png,0
1033_s2_normal_retardationnormal.png,0
1091_s2_normal_retardationnormal.png,0
507_s2_normal_retardationnormal.png,0
894_s2_normal_retardationnormal.png,0
340_s2_normal_retardationnormal.png,0
414_s2_normal_retardationnormal.png,0
378_s2_normal_retardationnormal.png,0
791_s2_normal_retardationnormal.png,0
1016_s2_normal_retardationnormal.png,0
1078_s2_normal_retardationnormal.png,0
958_s2_normal_retardationnormal.png,0
696_s2_normal_retardationnormal.png,0
582_s2_normal_retardationnormal.png,0
634_s2_normal_retardationnormal.png,0
464_s2_normal_retardationnormal.png,0
661_s2_normal_retardationnormal.png,0
40_s2_normal_retardationnormal.png,0
694_s2_normal_retardationnormal.png,0
453_s2_normal_retardationnormal.png,0
1194_s2_normal_retardationnormal.png,0
405_s2_normal_retardationnormal.png,0
238_s2_normal_retardationnormal.png,0
820_s2_normal_retardationnormal.png,0
663_s2_normal_retardationnormal.png,0
646_s2_normal_retardationnormal.png,0
365_s2_normal_retardationnormal.png,0
723_s2_normal_retardationnormal.png,0
702_s2_normal_retardationnormal.png,0
622_s2_normal_retardationnormal.png,0
72_s2_normal_retardationnormal.png,0
452_s2_normal_retardationnormal.png,0
208_s2_normal_retardationnormal.png,0
100_s2_normal_retardationnormal.png,0
605_s2_normal_retardationnormal.png,0
1173_s2_normal_retardationnormal.png,0
953_s2_normal_retardationnormal.png,0
290_s2_normal_retardationnormal.png,0
102_s2_normal_retardationnormal.png,0
114_s2_normal_retardationnormal.png,0
771_s2_normal_retardationnormal.png,0
323_s2_normal_retardationnormal.png,0
859_s2_normal_retardationnormal.png,0
248_s2_normal_retardationnormal.png,0
678_s2_normal_retardationnormal.png,0
965_s2_normal_retardationnormal.png,0
221_s2_normal_retardationnormal.png,0
459_s2_normal_retardationnormal.png,0
1120_s2_normal_retardationnormal.png,0
546_s2_normal_retardationnormal.png,0
492_s2_normal_retardationnormal.png,0
22_s2_normal_retardationnormal.png,0
710_s2_normal_retardationnormal.png,0
975_s2_normal_retardationnormal.png,0
701_s2_normal_retardationnormal.png,0
707_s2_normal_retardationnormal.png,0
23_s2_normal_retardationnormal.png,0
460_s2_normal_retardationnormal.png,0
879_s2_normal_retardationnormal.png,0
332_s2_normal_retardationnormal.png,0
1195_s2_normal_retardationnormal.png,0
526_s2_normal_retardationnormal.png,0
985_s2_normal_retardationnormal.png,0
541_s2_normal_retardationnormal.png,0
1035_s2_normal_retardationnormal.png,0
1126_s2_normal_retardationnormal.png,0
980_s2_normal_retardationnormal.png,0
547_s2_normal_retardationnormal.png,0
544_s2_normal_retardationnormal.png,0
1057_s2_normal_retardationnormal.png,0
299_s2_normal_retardationnormal.png,0
1067_s2_normal_retardationnormal.png,0
611_s2_normal_retardationnormal.png,0
289_s2_normal_retardationnormal.png,0
1018_s2_normal_retardationnormal.png,0
48_s2_normal_retardationnormal.png,0
682_s2_normal_retardationnormal.png,0
734_s2_normal_retardationnormal.png,0
1196_s2_normal_retardationnormal.png,0
824_s2_normal_retardationnormal.png,0
738_s2_normal_retardationnormal.png,0
772_s2_normal_retardationnormal.png,0
542_s2_normal_retardationnormal.png,0
800_s2_normal_retardationnormal.png,0
848_s2_normal_retardationnormal.png,0
1188_s2_normal_retardationnormal.png,0
59_s2_normal_retardationnormal.png,0
1066_s2_normal_retardationnormal.png,0
716_s2_normal_retardationnormal.png,0
504_s2_normal_retardationnormal.png,0
243_s2_normal_retardationnormal.png,0
1010_s2_normal_retardationnormal.png,0
863_s2_normal_retardationnormal.png,0
747_s2_normal_retardationnormal.png,0
640_s2_normal_retardationnormal.png,0
687_s2_normal_retardationnormal.png,0
1192_s2_normal_retardationnormal.png,0
1172_s2_normal_retardationnormal.png,0
265_s2_normal_retardationnormal.png,0
1106_s2_normal_retardationnormal.png,0
551_s2_normal_retardationnormal.png,0
843_s2_normal_retardationnormal.png,0
946_s2_normal_retardationnormal.png,0
1129_s2_normal_retardationnormal.png,0
1050_s2_normal_retardationnormal.png,0
890_s2_normal_retardationnormal.png,0
197_s2_normal_retardationnormal.png,0
655_s2_normal_retardationnormal.png,0
157_s2_normal_retardationnormal.png,0
498_s2_normal_retardationnormal.png,0
1200_s2_normal_retardationnormal.png,0
1049_s2_normal_retardationnormal.png,0
350_s2_normal_retardationnormal.png,0
721_s2_normal_retardationnormal.png,0
776_s2_normal_retardationnormal.png,0
259_s2_normal_retardationnormal.png,0
940_s2_normal_retardationnormal.png,0
757_s2_normal_retardationnormal.png,0
643_s2_normal_retardationnormal.png,0
983_s2_normal_retardationnormal.png,0
199_s2_normal_retardationnormal.png,0
927_s2_normal_retardationnormal.png,0
883_s2_normal_retardationnormal.png,0
1056_s2_normal_retardationnormal.png,0
380_s2_normal_retardationnormal.png,0
969_s2_normal_retardationnormal.png,0
1148_s2_normal_retardationnormal.png,0
1144_s2_normal_retardationnormal.png,0
808_s2_normal_retardationnormal.png,0
667_s2_normal_retardationnormal.png,0
1004_s2_normal_retardationnormal.png,0
752_s2_normal_retardationnormal.png,0
125_s2_normal_retardationnormal.png,0
488_s2_normal_retardationnormal.png,0
971_s2_normal_retardationnormal.png,0
348_s2_normal_retardationnormal.png,0
704_s2_normal_retardationnormal.png,0
554_s2_normal_retardationnormal.png,0
746_s2_normal_retardationnormal.png,0
307_s2_normal_retardationnormal.png,0
956_s2_normal_retardationnormal.png,0
354_s2_normal_retardationnormal.png,0
1073_s2_normal_retardationnormal.png,0
521_s2_normal_retardationnormal.png,0
905_s2_normal_retardationnormal.png,0
406_s2_normal_retardationnormal.png,0
575_s2_normal_retardationnormal.png,0
237_s2_normal_retardationnormal.png,0
308_s2_normal_retardationnormal.png,0
283_s2_normal_retardationnormal.png,0
881_s2_normal_retardationnormal.png,0
602_s2_normal_retardationnormal.png,0
169_s2_normal_retardationnormal.png,0
1155_s2_normal_retardationnormal.png,0
839_s2_normal_retardationnormal.png,0
1094_s2_normal_retardationnormal.png,0
1178_s2_normal_retardationnormal.png,0
273_s2_normal_retardationnormal.png,0
126_s2_normal_retardationnormal.png,0
106_s2_normal_retardationnormal.png,0
929_s2_normal_retardationnormal.png,0
925_s2_normal_retardationnormal.png,0
342_s2_normal_retardationnormal.png,0
868_s2_normal_retardationnormal.png,0
1141_s2_normal_retardationnormal.png,0
374_s2_normal_retardationnormal.png,0
563_s2_normal_retardationnormal.png,0
410_s2_normal_retardationnormal.png,0
566_s2_normal_retardationnormal.png,0
316_s2_normal_retardationnormal.png,0
205_s2_normal_retardationnormal.png,0
559_s2_normal_retardationnormal.png,0
794_s2_normal_retardationnormal.png,0
235_s2_normal_retardationnormal.png,0
999_s2_normal_retardationnormal.png,0
653_s2_normal_retardationnormal.png,0
858_s2_normal_retardationnormal.png,0
75_s2_normal_retardationnormal.png,0
639_s2_normal_retardationnormal.png,0
429_s2_normal_retardationnormal.png,0
1149_s2_normal_retardationnormal.png,0
241_s2_normal_retardationnormal.png,0
984_s2_normal_retardationnormal.png,0
485_s2_normal_retardationnormal.png,0
319_s2_normal_retardationnormal.png,0
20_s2_normal_retardationnormal.png,0
982_s2_normal_retardationnormal.png,0
366_s2_normal_retardationnormal.png,0
924_s2_normal_retardationnormal.png,0
633_s2_normal_retardationnormal.png,0
841_s2_normal_retardationnormal.png,0
939_s2_normal_retardationnormal.png,0
310_s2_normal_retardationnormal.png,0
240_s2_normal_retardationnormal.png,0
1041_s2_normal_retardationnormal.png,0
143_s2_normal_retardationnormal.png,0
14_s2_normal_retardationnormal.png,0
118_s2_normal_retardationnormal.png,0
1138_s2_normal_retardationnormal.png,0
135_s2_normal_retardationnormal.png,0
679_s2_normal_retardationnormal.png,0
795_s2_normal_retardationnormal.png,0
1132_s2_normal_retardationnormal.png,0
831_s2_normal_retardationnormal.png,0
970_s2_normal_retardationnormal.png,0
44_s2_normal_retardationnormal.png,0
1157_s2_normal_retardationnormal.png,0
68_s2_normal_retardationnormal.png,0
1034_s2_normal_retardationnormal.png,0
565_s2_normal_retardationnormal.png,0
214_s2_normal_retardationnormal.png,0
909_s2_normal_retardationnormal.png,0
115_s2_normal_retardationnormal.png,0
1053_s2_normal_retardationnormal.png,0
524_s2_normal_retardationnormal.png,0
976_s2_normal_retardationnormal.png,0
419_s2_normal_retardationnormal.png,0
112_s2_normal_retardationnormal.png,0
627_s2_normal_retardationnormal.png,0
270_s2_normal_retardationnormal.png,0
02_s2_normal_retardationnormal.png,0
194_s2_normal_retardationnormal.png,0
674_s2_normal_retardationnormal.png,0
1114_s2_normal_retardationnormal.png,0
510_s2_normal_retardationnormal.png,0
967_s2_normal_retardationnormal.png,0
1151_s2_normal_retardationnormal.png,0
609_s2_normal_retardationnormal.png,0
110_s2_normal_retardationnormal.png,0
818_s2_normal_retardationnormal.png,0
356_s2_normal_retardationnormal.png,0
441_s2_normal_retardationnormal.png,0
180_s2_normal_retardationnormal.png,0
761_s2_normal_retardationnormal.png,0
742_s2_normal_retardationnormal.png,0
101_s2_normal_retardationnormal.png,0
1088_s2_normal_retardationnormal.png,0
124_s2_normal_retardationnormal.png,0
529_s2_normal_retardationnormal.png,0
83_s2_normal_retardationnormal.png,0
767_s2_normal_retardationnormal.png,0
891_s2_normal_retardationnormal.png,0
649_s2_normal_retardationnormal.png,0
1127_s2_normal_retardationnormal.png,0
287_s2_normal_retardationnormal.png,0
668_s2_normal_retardationnormal.png,0
517_s2_normal_retardationnormal.png,0
278_s2_normal_retardationnormal.png,0
913_s2_normal_retardationnormal.png,0
1070_s2_normal_retardationnormal.png,0
720_s2_normal_retardationnormal.png,0
955_s2_normal_retardationnormal.png,0
1000_s2_normal_retardationnormal.png,0
330_s2_normal_retardationnormal.png,0
228_s2_normal_retardationnormal.png,0
822_s2_normal_retardationnormal.png,0
65_s2_normal_retardationnormal.png,0
557_s2_normal_retardationnormal.png,0
355_s2_normal_retardationnormal.png,0
630_s2_normal_retardationnormal.png,0
431_s2_normal_retardationnormal.png,0
219_s2_normal_retardationnormal.png,0
574_s2_normal_retardationnormal.png,0
870_s2_normal_retardationnormal.png,0
93_s2_normal_retardationnormal.png,0
337_s2_normal_retardationnormal.png,0
827_s2_normal_retardationnormal.png,0
931_s2_normal_retardationnormal.png,0
52_s2_normal_retardationnormal.png,0
1028_s2_normal_retardationnormal.png,0
130_s2_normal_retardationnormal.png,0
467_s2_normal_retardationnormal.png,0
1080_s2_normal_retardationnormal.png,0
1189_s2_normal_retardationnormal.png,0
26_s2_normal_retardationnormal.png,0
1198_s2_normal_retardationnormal.png,0
182_s2_normal_retardationnormal.png,0
974_s2_normal_retardationnormal.png,0
650_s2_normal_retardationnormal.png,0
17_s2_normal_retardationnormal.png,0
338_s2_normal_retardationnormal.png,0
41_s2_normal_retardationnormal.png,0
1069_s2_normal_retardationnormal.png,0
828_s2_normal_retardationnormal.png,0
515_s2_normal_retardationnormal.png,0
1105_s2_normal_retardationnormal.png,0
109_s2_normal_retardationnormal.png,0
744_s2_normal_retardationnormal.png,0
347_s2_normal_retardationnormal.png,0
303_s2_normal_retardationnormal.png,0
998_s2_normal_retardationnormal.png,0
821_s2_normal_retardationnormal.png,0
177_s2_normal_retardationnormal.png,0
229_s2_normal_retardationnormal.png,0
502_s2_normal_retardationnormal.png,0
346_s2_normal_retardationnormal.png,0
477_s2_normal_retardationnormal.png,0
224_s2_normal_retardationnormal.png,0
269_s2_normal_retardationnormal.png,0
242_s2_normal_retardationnormal.png,0
807_s2_normal_retardationnormal.png,0
700_s2_normal_retardationnormal.png,0
684_s2_normal_retardationnormal.png,0
884_s2_normal_retardationnormal.png,0
522_s2_normal_retardationnormal.png,0
1036_s2_normal_retardationnormal.png,0
664_s2_normal_retardationnormal.png,0
358_s2_normal_retardationnormal.png,0
1143_s2_normal_retardationnormal.png,0
610_s2_normal_retardationnormal.png,0
318_s2_normal_retardationnormal.png,0
872_s2_normal_retardationnormal.png,0
218_s2_normal_retardationnormal.png,0
1130_s2_normal_retardationnormal.png,0
835_s2_normal_retardationnormal.png,0
134_s2_normal_retardationnormal.png,0
861_s2_normal_retardationnormal.png,0
919_s2_normal_retardationnormal.png,0
481_s2_normal_retardationnormal.png,0
537_s2_normal_retardationnormal.png,0
1029_s2_normal_retardationnormal.png,0
840_s2_normal_retardationnormal.png,0
227_s2_normal_retardationnormal.png,0
260_s2_normal_retardationnormal.png,0
400_s2_normal_retardationnormal.png,0
1032_s2_normal_retardationnormal.png,0
156_s2_normal_retardationnormal.png,0
42_s2_normal_retardationnormal.png,0
04_s2_normal_retardationnormal.png,0
383_s2_normal_retardationnormal.png,0
715_s2_normal_retardationnormal.png,0
251_s2_normal_retardationnormal.png,0
1156_s2_normal_retardationnormal.png,0
258_s2_normal_retardationnormal.png,0
979_s2_normal_retardationnormal.png,0
344_s2_normal_retardationnormal.png,0
463_s2_normal_retardationnormal.png,0
66_s2_normal_retardationnormal.png,0
885_s2_normal_retardationnormal.png,0
635_s2_normal_retardationnormal.png,0
963_s2_normal_retardationnormal.png,0
584_s2_normal_retardationnormal.png,0
961_s2_normal_retardationnormal.png,0
950_s2_normal_retardationnormal.png,0
986_s2_normal_retardationnormal.png,0
250_s2_normal_retardationnormal.png,0
900_s2_normal_retardationnormal.png,0
777_s2_normal_retardationnormal.png,0
865_s2_normal_retardationnormal.png,0
1162_s2_normal_retardationnormal.png,0
16_s2_normal_retardationnormal.png,0
297_s2_normal_retardationnormal.png,0
873_s2_normal_retardationnormal.png,0
838_s2_normal_retardationnormal.png,0
949_s2_normal_retardationnormal.png,0
764_s2_normal_retardationnormal.png,0
210_s2_normal_retardationnormal.png,0
779_s2_normal_retardationnormal.png,0
1181_s2_normal_retardationnormal.png,0
690_s2_normal_retardationnormal.png,0
587_s2_normal_retardationnormal.png,0
408_s2_normal_retardationnormal.png,0
1087_s2_normal_retardationnormal.png,0
906_s2_normal_retardationnormal.png,0
1107_s2_normal_retardationnormal.png,0
54_s2_normal_retardationnormal.png,0
89_s2_normal_retardationnormal.png,0
249_s2_normal_retardationnormal.png,0
871_s2_normal_retardationnormal.png,0
936_s2_normal_retardationnormal.png,0
132_s2_normal_retardationnormal.png,0
697_s2_normal_retardationnormal.png,0
1119_s2_normal_retardationnormal.png,0
516_s2_normal_retardationnormal.png,0
618_s2_normal_retardationnormal.png,0
07_s2_normal_retardationnormal.png,0
207_s2_normal_retardationnormal.png,0
866_s2_normal_retardationnormal.png,0
917_s2_normal_retardationnormal.png,0
77_s2_normal_retardationnormal.png,0
239_s2_normal_retardationnormal.png,0
437_s2_normal_retardationnormal.png,0
662_s2_normal_retardationnormal.png,0
490_s2_normal_retardationnormal.png,0
1021_s2_normal_retardationnormal.png,0
898_s2_normal_retardationnormal.png,0
751_s2_normal_retardationnormal.png,0
511_s2_normal_retardationnormal.png,0
1039_s2_normal_retardationnormal.png,0
407_s2_normal_retardationnormal.png,0
535_s2_normal_retardationnormal.png,0
415_s2_normal_retardationnormal.png,0
778_s2_normal_retardationnormal.png,0
322_s2_normal_retardationnormal.png,0
705_s2_normal_retardationnormal.png,0
428_s2_normal_retardationnormal.png,0
699_s2_normal_retardationnormal.png,0
725_s2_normal_retardationnormal.png,0
96_s2_normal_retardationnormal.png,0
1190_s2_normal_retardationnormal.png,0
360_s2_normal_retardationnormal.png,0
379_s2_normal_retardationnormal.png,0
735_s2_normal_retardationnormal.png,0
60_s2_normal_retardationnormal.png,0
677_s2_normal_retardationnormal.png,0
46_s2_normal_retardationnormal.png,0
814_s2_normal_retardationnormal.png,0
382_s2_normal_retardationnormal.png,0
51_s2_normal_retardationnormal.png,0
845_s2_normal_retardationnormal.png,0
1183_s2_normal_retardationnormal.png,0
959_s2_normal_retardationnormal.png,0
420_s2_normal_retardationnormal.png,0
579_s2_normal_retardationnormal.png,0
254_s2_normal_retardationnormal.png,0
625_s2_normal_retardationnormal.png,0
798_s2_normal_retardationnormal.png,0
708_s2_normal_retardationnormal.png,0
766_s2_normal_retardationnormal.png,0
938_s2_normal_retardationnormal.png,0
10_s2_normal_retardationnormal.png,0
1116_s2_normal_retardationnormal.png,0
934_s2_normal_retardationnormal.png,0
91_s2_normal_retardationnormal.png,0
743_s2_normal_retardationnormal.png,0
397_s2_normal_retardationnormal.png,0
122_s2_normal_retardationnormal.png,0
990_s2_normal_retardationnormal.png,0
38_s2_normal_retardationnormal.png,0
783_s2_normal_retardationnormal.png,0
991_s2_normal_retardationnormal.png,0
1182_s2_normal_retardationnormal.png,0
768_s2_normal_retardationnormal.png,0
525_s2_normal_retardationnormal.png,0
1180_s2_normal_retardationnormal.png,0
571_s2_normal_retardationnormal.png,0
1006_s2_normal_retardationnormal.png,0
390_s2_normal_retardationnormal.png,0
607_s2_normal_retardationnormal.png,0
1082_s2_normal_retardationnormal.png,0
782_s2_normal_retardationnormal.png,0
593_s2_normal_retardationnormal.png,0
25_s2_normal_retardationnormal.png,0
67_s2_normal_retardationnormal.png,0
195_s2_normal_retardationnormal.png,0
670_s2_normal_retardationnormal.png,0
1102_s2_normal_retardationnormal.png,0
90_s2_normal_retardationnormal.png,0
877_s2_normal_retardationnormal.png,0
1084_s2_normal_retardationnormal.png,0
266_s2_normal_retardationnormal.png,0
201_s2_normal_retardationnormal.png,0
62_s2_normal_retardationnormal.png,0
64_s2_normal_retardationnormal.png,0
479_s2_normal_retardationnormal.png,0
1153_s2_normal_retardationnormal.png,0
787_s2_normal_retardationnormal.png,0
736_s2_normal_retardationnormal.png,0
825_s2_normal_retardationnormal.png,0
595_s2_normal_retardationnormal.png,0
1115_s2_normal_retardationnormal.png,0
737_s2_normal_retardationnormal.png,0
530_s2_normal_retardationnormal.png,0
1101_s2_normal_retardationnormal.png,0
1145_s2_normal_retardationnormal.png,0
760_s2_normal_retardationnormal.png,0
789_s2_normal_retardationnormal.png,0
811_s2_normal_retardationnormal.png,0
131_s2_normal_retardationnormal.png,0
152_s2_normal_retardationnormal.png,0
186_s2_normal_retardationnormal.png,0
793_s2_normal_retardationnormal.png,0
285_s2_normal_retardationnormal.png,0
12_s2_normal_retardationnormal.png,0
127_s2_normal_retardationnormal.png,0
402_s2_normal_retardationnormal.png,0
645_s2_normal_retardationnormal.png,0
759_s2_normal_retardationnormal.png,0
745_s2_normal_retardationnormal.png,0
226_s2_normal_retardationnormal.png,0
104_s2_normal_retardationnormal.png,0
590_s2_normal_retardationnormal.png,0
47_s2_normal_retardationnormal.png,0
450_s2_normal_retardationnormal.png,0
899_s2_normal_retardationnormal.png,0
392_s2_normal_retardationnormal.png,0
368_s2_normal_retardationnormal.png,0
474_s2_normal_retardationnormal.png,0
592_s2_normal_retardationnormal.png,0
386_s2_normal_retardationnormal.png,0
1166_s2_normal_retardationnormal.png,0
1113_s2_normal_retardationnormal.png,0
472_s2_normal_retardationnormal.png,0
915_s2_normal_retardationnormal.png,0
158_s2_normal_retardationnormal.png,0
398_s2_normal_retardationnormal.png,0
1135_s2_normal_retardationnormal.png,0
88_s2_normal_retardationnormal.png,0
1142_s2_normal_retardationnormal.png,0
1161_s2_normal_retardationnormal.png,0
306_s2_normal_retardationnormal.png,0
181_s2_normal_retardationnormal.png,0
487_s2_normal_retardationnormal.png,0
533_s2_normal_retardationnormal.png,0
139_s2_normal_retardationnormal.png,0
113_s2_normal_retardationnormal.png,0
149_s2_normal_retardationnormal.png,0
353_s2_normal_retardationnormal.png,0
642_s2_normal_retardationnormal.png,0
309_s2_normal_retardationnormal.png,0
860_s2_normal_retardationnormal.png,0
933_s2_normal_retardationnormal.png,0
644_s2_normal_retardationnormal.png,0
417_s2_normal_retardationnormal.png,0
722_s2_normal_retardationnormal.png,0
324_s2_normal_retardationnormal.png,0
179_s2_normal_retardationnormal.png,0
272_s2_normal_retardationnormal.png,0
1140_s2_normal_retardationnormal.png,0
499_s2_normal_retardationnormal.png,0
170_s2_normal_retardationnormal.png,0
94_s2_normal_retardationnormal.png,0
389_s2_normal_retardationnormal.png,0
581_s2_normal_retardationnormal.png,0
1098_s2_normal_retardationnormal.png,0
1055_s2_normal_retardationnormal.png,0
666_s2_normal_retardationnormal.png,0
997_s2_normal_retardationnormal.png,0
647_s2_normal_retardationnormal.png,0
1063_s2_normal_retardationnormal.png,0
788_s2_normal_retardationnormal.png,0
311_s2_normal_retardationnormal.png,0
806_s2_normal_retardationnormal.png,0
439_s2_normal_retardationnormal.png,0
988_s2_normal_retardationnormal.png,0
918_s2_normal_retardationnormal.png,0
291_s2_normal_retardationnormal.png,0
284_s2_normal_retardationnormal.png,0
1027_s2_normal_retardationnormal.png,0
367_s2_normal_retardationnormal.png,0
447_s2_normal_retardationnormal.png,0
192_s2_normal_retardationnormal.png,0
717_s2_normal_retardationnormal.png,0
1060_s2_normal_retardationnormal.png,0
448_s2_normal_retardationnormal.png,0
298_s2_normal_retardationnormal.png,0
874_s2_normal_retardationnormal.png,0
57_s2_normal_retardationnormal.png,0
1085_s2_normal_retardationnormal.png,0
412_s2_normal_retardationnormal.png,0
369_s2_normal_retardationnormal.png,0
74_s2_normal_retardationnormal.png,0
371_s2_normal_retardationnormal.png,0
1175_s2_normal_retardationnormal.png,0
1083_s2_normal_retardationnormal.png,0
225_s2_normal_retardationnormal.png,0
231_s2_normal_retardationnormal.png,0
293_s2_normal_retardationnormal.png,0
288_s2_normal_retardationnormal.png,0
730_s2_normal_retardationnormal.png,0
1093_s2_normal_retardationnormal.png,0
786_s2_normal_retardationnormal.png,0
396_s2_normal_retardationnormal.png,0
1150_s2_normal_retardationnormal.png,0
1112_s2_normal_retardationnormal.png,0
1137_s2_normal_retardationnormal.png,0
280_s2_normal_retardationnormal.png,0
172_s2_normal_retardationnormal.png,0
532_s2_normal_retardationnormal.png,0
847_s2_normal_retardationnormal.png,0
1071_s2_normal_retardationnormal.png,0
1009_s2_normal_retardationnormal.png,0
03_s2_normal_retardationnormal.png,0
154_s2_normal_retardationnormal.png,0
755_s2_normal_retardationnormal.png,0
1092_s2_normal_retardationnormal.png,0
370_s2_normal_retardationnormal.png,0
277_s2_normal_retardationnormal.png,0
893_s2_normal_retardationnormal.png,0
202_s2_normal_retardationnormal.png,0
1152_s2_normal_retardationnormal.png,0
930_s2_normal_retardationnormal.png,0
32_s2_normal_retardationnormal.png,0
73_s2_normal_retardationnormal.png,0
995_s2_normal_retardationnormal.png,0
343_s2_normal_retardationnormal.png,0
1031_s2_normal_retardationnormal.png,0
732_s2_normal_retardationnormal.png,0
1043_s2_normal_retardationnormal.png,0
148_s2_normal_retardationnormal.png,0
442_s2_normal_retardationnormal.png,0
775_s2_normal_retardationnormal.png,0
341_s2_normal_retardationnormal.png,0
1097_s2_normal_retardationnormal.png,0
1117_s2_normal_retardationnormal.png,0
377_s2_normal_retardationnormal.png,0
82_s2_normal_retardationnormal.png,0
497_s2_normal_retardationnormal.png,0
314_s2_normal_retardationnormal.png,0
445_s2_normal_retardationnormal.png,0
503_s2_normal_retardationnormal.png,0
404_s2_normal_retardationnormal.png,0
817_s2_normal_retardationnormal.png,0
203_s2_normal_retardationnormal.png,0
869_s2_normal_retardationnormal.png,0
455_s2_normal_retardationnormal.png,0
660_s2_normal_retardationnormal.png,0
816_s2_normal_retardationnormal.png,0
123_s2_normal_retardationnormal.png,0
556_s2_normal_retardationnormal.png,0
514_s2_normal_retardationnormal.png,0
1125_s2_normal_retardationnormal.png,0
531_s2_normal_retardationnormal.png,0
466_s2_normal_retardationnormal.png,0
1013_s2_normal_retardationnormal.png,0
1171_s2_normal_retardationnormal.png,0
1103_s2_normal_retardationnormal.png,0
1079_s2_normal_retardationnormal.png,0
187_s2_normal_retardationnormal.png,0
810_s2_normal_retardationnormal.png,0
133_s2_normal_retardationnormal.png,0
753_s2_normal_retardationnormal.png,0
908_s2_normal_retardationnormal.png,0
935_s2_normal_retardationnormal.png,0
476_s2_normal_retardationnormal.png,0
409_s2_normal_retardationnormal.png,0
853_s2_normal_retardationnormal.png,0
876_s2_normal_retardationnormal.png,0
672_s2_normal_retardationnormal.png,0
456_s2_normal_retardationnormal.png,0
421_s2_normal_retardationnormal.png,0
740_s2_normal_retardationnormal.png,0
78_s2_normal_retardationnormal.png,0
833_s2_normal_retardationnormal.png,0
680_s2_normal_retardationnormal.png,0
333_s2_normal_retardationnormal.png,0
206_s2_normal_retardationnormal.png,0
388_s2_normal_retardationnormal.png,0
87_s2_normal_retardationnormal.png,0
1147_s2_normal_retardationnormal.png,0
1002_s2_normal_retardationnormal.png,0
567_s2_normal_retardationnormal.png,0
729_s2_normal_retardationnormal.png,0
612_s2_normal_retardationnormal.png,0
11_s2_normal_retardationnormal.png,0
304_s2_normal_retardationnormal.png,0
216_s2_normal_retardationnormal.png,0
256_s2_normal_retardationnormal.png,0
1168_s2_normal_retardationnormal.png,0
1158_s2_normal_retardationnormal.png,0
27_s2_normal_retardationnormal.png,0
215_s2_normal_retardationnormal.png,0
261_s2_normal_retardationnormal.png,0
423_s2_normal_retardationnormal.png,0
754_s2_normal_retardationnormal.png,0
1193_s2_normal_retardationnormal.png,0
167_s2_normal_retardationnormal.png,0
1121_s2_normal_retardationnormal.png,0
295_s2_normal_retardationnormal.png,0
166_s2_normal_retardationnormal.png,0
603_s2_normal_retardationnormal.png,0
837_s2_normal_retardationnormal.png,0
520_s2_normal_retardationnormal.png,0
183_s2_normal_retardationnormal.png,0
34_s2_normal_retardationnormal.png,0
1154_s2_normal_retardationnormal.png,0
509_s2_normal_retardationnormal.png,0
1007_s2_normal_retardationnormal.png,0
942_s2_normal_retardationnormal.png,0
586_s2_normal_retardationnormal.png,0
805_s2_normal_retardationnormal.png,0
320_s2_normal_retardationnormal.png,0
626_s2_normal_retardationnormal.png,0
1026_s2_normal_retardationnormal.png,0
296_s2_normal_retardationnormal.png,0
616_s2_normal_retardationnormal.png,0
275_s2_normal_retardationnormal.png,0
599_s2_normal_retardationnormal.png,0
443_s2_normal_retardationnormal.png,0
155_s2_normal_retardationnormal.png,0
435_s2_normal_retardationnormal.png,0
281_s2_normal_retardationnormal.png,0
1047_s2_normal_retardationnormal.png,0
244_s2_normal_retardationnormal.png,0
518_s2_normal_retardationnormal.png,0
1089_s2_normal_retardationnormal.png,0
196_s2_normal_retardationnormal.png,0
989_s2_normal_retardationnormal.png,0
18_s2_normal_retardationnormal.png,0
264_s2_normal_retardationnormal.png,0
912_s2_normal_retardationnormal.png,0
897_s2_normal_retardationnormal.png,0
882_s2_normal_retardationnormal.png,0
802_s2_normal_retardationnormal.png,0
829_s2_normal_retardationnormal.png,0
797_s2_normal_retardationnormal.png,0
523_s2_normal_retardationnormal.png,0
852_s2_normal_retardationnormal.png,0
128_s2_normal_retardationnormal.png,0
1108_s2_normal_retardationnormal.png,0
577_s2_normal_retardationnormal.png,0
713_s2_normal_retardationnormal.png,0
543_s2_normal_retardationnormal.png,0
695_s2_normal_retardationnormal.png,0
977_s2_normal_retardationnormal.png,0
1030_s2_normal_retardationnormal.png,0
964_s2_normal_retardationnormal.png,0
538_s2_normal_retardationnormal.png,0
80_s2_normal_retardationnormal.png,0
489_s2_normal_retardationnormal.png,0
223_s2_normal_retardationnormal.png,0
232_s2_normal_retardationnormal.png,0
962_s2_normal_retardationnormal.png,0
555_s2_normal_retardationnormal.png,0
1146_s2_normal_retardationnormal.png,0
1075_s2_normal_retardationnormal.png,0
973_s2_normal_retardationnormal.png,0
300_s2_normal_retardationnormal.png,0
857_s2_normal_retardationnormal.png,0
1174_s2_normal_retardationnormal.png,0
733_s2_normal_retardationnormal.png,0
564_s2_normal_retardationnormal.png,0
1052_s2_normal_retardationnormal.png,0
138_s2_normal_retardationnormal.png,0
395_s2_normal_retardationnormal.png,0
527_s2_normal_retardationnormal.png,0
505_s2_normal_retardationnormal.png,0
1058_s2_normal_retardationnormal.png,0
937_s2_normal_retardationnormal.png,0
449_s2_normal_retardationnormal.png,0
1062_s2_normal_retardationnormal.png,0
05_s2_normal_retardationnormal.png,0
676_s2_normal_retardationnormal.png,0
1090_s2_normal_retardationnormal.png,0
880_s2_normal_retardationnormal.png,0
1086_s2_normal_retardationnormal.png,0
784_s2_normal_retardationnormal.png,0
246_s2_normal_retardationnormal.png,0
597_s2_normal_retardationnormal.png,0
373_s2_normal_retardationnormal.png,0
724_s2_normal_retardationnormal.png,0
1133_s2_normal_retardationnormal.png,0
580_s2_normal_retardationnormal.png,0
875_s2_normal_retardationnormal.png,0
1023_s2_normal_retardationnormal.png,0
1011_s2_normal_retardationnormal.png,0
1008_s2_normal_retardationnormal.png,0
1179_s2_normal_retardationnormal.png,0
598_s2_normal_retardationnormal.png,0
71_s2_normal_retardationnormal.png,0
944_s2_normal_retardationnormal.png,0
1184_s2_normal_retardationnormal.png,0
904_s2_normal_retardationnormal.png,0
1136_s2_normal_retardationnormal.png,0
461_s2_normal_retardationnormal.png,0
1122_s2_normal_retardationnormal.png,0
1199_s2_normal_retardationnormal.png,0
920_s2_normal_retardationnormal.png,0
274_s2_normal_retardationnormal.png,0
739_s2_normal_retardationnormal.png,0
211_s2_normal_retardationnormal.png,0
493_s2_normal_retardationnormal.png,0
1068_s2_normal_retardationnormal.png,0
49_s2_normal_retardationnormal.png,0
212_s2_normal_retardationnormal.png,0
433_s2_normal_retardationnormal.png,0
185_s2_normal_retardationnormal.png,0
638_s2_normal_retardationnormal.png,0
391_s2_normal_retardationnormal.png,0
826_s2_normal_retardationnormal.png,0
468_s2_normal_retardationnormal.png,0
631_s2_normal_retardationnormal.png,0
204_s2_normal_retardationnormal.png,0
614_s2_normal_retardationnormal.png,0
339_s2_normal_retardationnormal.png,0
37_s2_normal_retardationnormal.png,0
832_s2_normal_retardationnormal.png,0
1024_s2_normal_retardationnormal.png,0
137_s2_normal_retardationnormal.png,0
160_s2_normal_retardationnormal.png,0
993_s2_normal_retardationnormal.png,0
1169_s2_normal_retardationnormal.png,0
394_s2_normal_retardationnormal.png,0
864_s2_normal_retardationnormal.png,0
712_s2_normal_retardationnormal.png,0
29_s2_normal_retardationnormal.png,0
994_s2_normal_retardationnormal.png,0
178_s2_normal_retardationnormal.png,0
247_s2_normal_retardationnormal.png,0
867_s2_normal_retardationnormal.png,0
513_s2_normal_retardationnormal.png,0
1045_s2_normal_retardationnormal.png,0
596_s2_normal_retardationnormal.png,0
792_s2_normal_retardationnormal.png,0
914_s2_normal_retardationnormal.png,0
198_s2_normal_retardationnormal.png,0
263_s2_normal_retardationnormal.png,0
591_s2_normal_retardationnormal.png,0
1096_s2_normal_retardationnormal.png,0
1077_s2_normal_retardationnormal.png,0
799_s2_normal_retardationnormal.png,0
1160_s2_normal_retardationnormal.png,0
359_s2_normal_retardationnormal.png,0
434_s2_normal_retardationnormal.png,0
312_s2_normal_retardationnormal.png,0
1076_s2_normal_retardationnormal.png,0
491_s2_normal_retardationnormal.png,0
176_s2_normal_retardationnormal.png,0
430_s2_normal_retardationnormal.png,0
436_s2_normal_retardationnormal.png,0
878_s2_normal_retardationnormal.png,0
282_s2_normal_retardationnormal.png,0
769_s2_normal_retardationnormal.png,0
50_s2_normal_retardationnormal.png,0
425_s2_normal_retardationnormal.png,0
947_s2_normal_retardationnormal.png,0
363_s2_normal_retardationnormal.png,0
809_s2_normal_retardationnormal.png,0
665_s2_normal_retardationnormal.png,0
756_s2_normal_retardationnormal.png,0
1124_s2_normal_retardationnormal.png,0
150_s2_normal_retardationnormal.png,0
617_s2_normal_retardationnormal.png,0
589_s2_normal_retardationnormal.png,0
830_s2_normal_retardationnormal.png,0
506_s2_normal_retardationnormal.png,0
943_s2_normal_retardationnormal.png,0
469_s2_normal_retardationnormal.png,0
1051_s2_normal_retardationnormal.png,0
1177_s2_normal_retardationnormal.png,0
376_s2_normal_retardationnormal.png,0
1072_s2_normal_retardationnormal.png,0
1111_s2_normal_retardationnormal.png,0
842_s2_normal_retardationnormal.png,0
1176_s2_normal_retardationnormal.png,0
519_s2_normal_retardationnormal.png,0
886_s2_normal_retardationnormal.png,0
145_s2_normal_retardationnormal.png,0
689_s2_normal_retardationnormal.png,0
844_s2_normal_retardationnormal.png,0
418_s2_normal_retardationnormal.png,0
604_s2_normal_retardationnormal.png,0
652_s2_normal_retardationnormal.png,0
815_s2_normal_retardationnormal.png,0
762_s2_normal_retardationnormal.png,0
552_s2_normal_retardationnormal.png,0
103_s2_normal_retardationnormal.png,0
709_s2_normal_retardationnormal.png,0
1038_s2_normal_retardationnormal.png,0
01_s2_normal_retardationnormal.png,0
803_s2_normal_retardationnormal.png,0
465_s2_normal_retardationnormal.png,0
220_s2_normal_retardationnormal.png,0
654_s2_normal_retardationnormal.png,0
255_s2_normal_retardationnormal.png,0
1165_s2_normal_retardationnormal.png,0
387_s2_normal_retardationnormal.png,0
561_s2_normal_retardationnormal.png,0
327_s2_normal_retardationnormal.png,0
313_s2_normal_retardationnormal.png,0
718_s2_normal_retardationnormal.png,0
685_s2_normal_retardationnormal.png,0
24_s2_normal_retardationnormal.png,0
1017_s2_normal_retardationnormal.png,0
21_s2_normal_retardationnormal.png,0
440_s2_normal_retardationnormal.png,0
446_s2_normal_retardationnormal.png,0
619_s2_normal_retardationnormal.png,0
79_s2_normal_retardationnormal.png,0
97_s2_normal_retardationnormal.png,0
1128_s2_normal_retardationnormal.png,0
171_s2_normal_retardationnormal.png,0
1005_s2_normal_retardationnormal.png,0
1064_s2_normal_retardationnormal.png,0
681_s2_normal_retardationnormal.png,0
416_s2_normal_retardationnormal.png,0
923_s2_normal_retardationnormal.png,0
58_s2_normal_retardationnormal.png,0
601_s2_normal_retardationnormal.png,0
568_s2_normal_retardationnormal.png,0
61_s2_normal_retardationnormal.png,0
1037_s2_normal_retardationnormal.png,0
569_s2_normal_retardationnormal.png,0
494_s2_normal_retardationnormal.png,0
99_s2_normal_retardationnormal.png,0
98_s2_normal_retardationnormal.png,0
175_s2_normal_retardationnormal.png,0
222_s2_normal_retardationnormal.png,0
1014_s2_normal_retardationnormal.png,0
305_s2_normal_retardationnormal.png,0
773_s2_normal_retardationnormal.png,0
585_s2_normal_retardationnormal.png,0
375_s2_normal_retardationnormal.png,0
921_s2_normal_retardationnormal.png,0
758_s2_normal_retardationnormal.png,0
1109_s2_normal_retardationnormal.png,0
427_s2_normal_retardationnormal.png,0
528_s2_normal_retardationnormal.png,0
76_s2_normal_retardationnormal.png,0
748_s2_normal_retardationnormal.png,0
960_s2_normal_retardationnormal.png,0
257_s2_normal_retardationnormal.png,0
161_s2_normal_retardationnormal.png,0
286_s2_normal_retardationnormal.png,0
770_s2_normal_retardationnormal.png,0
651_s2_normal_retardationnormal.png,0
608_s2_normal_retardationnormal.png,0
856_s2_normal_retardationnormal.png,0
901_s2_normal_retardationnormal.png,0
854_s2_normal_retardationnormal.png,0
1197_s2_normal_retardationnormal.png,0
454_s2_normal_retardationnormal.png,0
948_s2_normal_retardationnormal.png,0
624_s2_normal_retardationnormal.png,0
932_s2_normal_retardationnormal.png,0
424_s2_normal_retardationnormal.png,0
819_s2_normal_retardationnormal.png,0
174_s2_normal_retardationnormal.png,0
1074_s2_normal_retardationnormal.png,0
945_s2_normal_retardationnormal.png,0
151_s2_normal_retardationnormal.png,0
1187_s2_normal_retardationnormal.png,0
895_s2_normal_retardationnormal.png,0
168_s2_normal_retardationnormal.png,0
164_s2_normal_retardationnormal.png,0
184_s2_normal_retardationnormal.png,0
850_s2_normal_retardationnormal.png,0
1095_s2_normal_retardationnormal.png,0
86_s2_normal_retardationnormal.png,0
615_s2_normal_retardationnormal.png,0
234_s2_normal_retardationnormal.png,0
458_s2_normal_retardationnormal.png,0
462_s2_normal_retardationnormal.png,0
190_s2_normal_retardationnormal.png,0
43_s2_normal_retardationnormal.png,0
478_s2_normal_retardationnormal.png,0
570_s2_normal_retardationnormal.png,0
173_s2_normal_retardationnormal.png,0
81_s2_normal_retardationnormal.png,0
613_s2_normal_retardationnormal.png,0
253_s2_normal_retardationnormal.png,0
1040_s2_normal_retardationnormal.png,0
162_s2_normal_retardationnormal.png,0
351_s2_normal_retardationnormal.png,0
855_s2_normal_retardationnormal.png,0
698_s2_tumor_retardationtumor.png,1
72_s2_tumor_retardationtumor.png,1
143_s2_tumor_retardationtumor.png,1
499_s2_tumor_retardationtumor.png,1
310_s2_tumor_retardationtumor.png,1
1102_s2_tumor_retardationtumor.png,1
1050_s2_tumor_retardationtumor.png,1
701_s2_tumor_retardationtumor.png,1
406_s2_tumor_retardationtumor.png,1
896_s2_tumor_retardationtumor.png,1
52_s2_tumor_retardationtumor.png,1
836_s2_tumor_retardationtumor.png,1
378_s2_tumor_retardationtumor.png,1
1040_s2_tumor_retardationtumor.png,1
779_s2_tumor_retardationtumor.png,1
1144_s2_tumor_retardationtumor.png,1
974_s2_tumor_retardationtumor.png,1
45_s2_tumor_retardationtumor.png,1
789_s2_tumor_retardationtumor.png,1
389_s2_tumor_retardationtumor.png,1
1066_s2_tumor_retardationtumor.png,1
597_s2_tumor_retardationtumor.png,1
760_s2_tumor_retardationtumor.png,1
1041_s2_tumor_retardationtumor.png,1
592_s2_tumor_retardationtumor.png,1
133_s2_tumor_retardationtumor.png,1
640_s2_tumor_retardationtumor.png,1
376_s2_tumor_retardationtumor.png,1
281_s2_tumor_retardationtumor.png,1
173_s2_tumor_retardationtumor.png,1
714_s2_tumor_retardationtumor.png,1
872_s2_tumor_retardationtumor.png,1
607_s2_tumor_retardationtumor.png,1
13_s2_tumor_retardationtumor.png,1
1028_s2_tumor_retardationtumor.png,1
29_s2_tumor_retardationtumor.png,1
737_s2_tumor_retardationtumor.png,1
114_s2_tumor_retardationtumor.png,1
685_s2_tumor_retardationtumor.png,1
194_s2_tumor_retardationtumor.png,1
962_s2_tumor_retardationtumor.png,1
608_s2_tumor_retardationtumor.png,1
807_s2_tumor_retardationtumor.png,1
530_s2_tumor_retardationtumor.png,1
599_s2_tumor_retardationtumor.png,1
11_s2_tumor_retardationtumor.png,1
1079_s2_tumor_retardationtumor.png,1
944_s2_tumor_retardationtumor.png,1
26_s2_tumor_retardationtumor.png,1
09_s2_tumor_retardationtumor.png,1
301_s2_tumor_retardationtumor.png,1
1105_s2_tumor_retardationtumor.png,1
160_s2_tumor_retardationtumor.png,1
247_s2_tumor_retardationtumor.png,1
973_s2_tumor_retardationtumor.png,1
130_s2_tumor_retardationtumor.png,1
314_s2_tumor_retardationtumor.png,1
633_s2_tumor_retardationtumor.png,1
127_s2_tumor_retardationtumor.png,1
147_s2_tumor_retardationtumor.png,1
482_s2_tumor_retardationtumor.png,1
585_s2_tumor_retardationtumor.png,1
739_s2_tumor_retardationtumor.png,1
833_s2_tumor_retardationtumor.png,1
353_s2_tumor_retardationtumor.png,1
175_s2_tumor_retardationtumor.png,1
873_s2_tumor_retardationtumor.png,1
965_s2_tumor_retardationtumor.png,1
745_s2_tumor_retardationtumor.png,1
788_s2_tumor_retardationtumor.png,1
603_s2_tumor_retardationtumor.png,1
393_s2_tumor_retardationtumor.png,1
91_s2_tumor_retardationtumor.png,1
992_s2_tumor_retardationtumor.png,1
866_s2_tumor_retardationtumor.png,1
811_s2_tumor_retardationtumor.png,1
207_s2_tumor_retardationtumor.png,1
1034_s2_tumor_retardationtumor.png,1
520_s2_tumor_retardationtumor.png,1
395_s2_tumor_retardationtumor.png,1
1143_s2_tumor_retardationtumor.png,1
117_s2_tumor_retardationtumor.png,1
368_s2_tumor_retardationtumor.png,1
37_s2_tumor_retardationtumor.png,1
211_s2_tumor_retardationtumor.png,1
1014_s2_tumor_retardationtumor.png,1
487_s2_tumor_retardationtumor.png,1
577_s2_tumor_retardationtumor.png,1
226_s2_tumor_retardationtumor.png,1
132_s2_tumor_retardationtumor.png,1
385_s2_tumor_retardationtumor.png,1
526_s2_tumor_retardationtumor.png,1
718_s2_tumor_retardationtumor.png,1
1146_s2_tumor_retardationtumor.png,1
886_s2_tumor_retardationtumor.png,1
179_s2_tumor_retardationtumor.png,1
677_s2_tumor_retardationtumor.png,1
748_s2_tumor_retardationtumor.png,1
582_s2_tumor_retardationtumor.png,1
641_s2_tumor_retardationtumor.png,1
455_s2_tumor_retardationtumor.png,1
494_s2_tumor_retardationtumor.png,1
919_s2_tumor_retardationtumor.png,1
134_s2_tumor_retardationtumor.png,1
1009_s2_tumor_retardationtumor.png,1
975_s2_tumor_retardationtumor.png,1
146_s2_tumor_retardationtumor.png,1
676_s2_tumor_retardationtumor.png,1
931_s2_tumor_retardationtumor.png,1
557_s2_tumor_retardationtumor.png,1
472_s2_tumor_retardationtumor.png,1
292_s2_tumor_retardationtumor.png,1
820_s2_tumor_retardationtumor.png,1
561_s2_tumor_retardationtumor.png,1
934_s2_tumor_retardationtumor.png,1
437_s2_tumor_retardationtumor.png,1
890_s2_tumor_retardationtumor.png,1
1152_s2_tumor_retardationtumor.png,1
667_s2_tumor_retardationtumor.png,1
192_s2_tumor_retardationtumor.png,1
189_s2_tumor_retardationtumor.png,1
294_s2_tumor_retardationtumor.png,1
566_s2_tumor_retardationtumor.png,1
1115_s2_tumor_retardationtumor.png,1
730_s2_tumor_retardationtumor.png,1
271_s2_tumor_retardationtumor.png,1
586_s2_tumor_retardationtumor.png,1
276_s2_tumor_retardationtumor.png,1
936_s2_tumor_retardationtumor.png,1
336_s2_tumor_retardationtumor.png,1
93_s2_tumor_retardationtumor.png,1
277_s2_tumor_retardationtumor.png,1
152_s2_tumor_retardationtumor.png,1
1094_s2_tumor_retardationtumor.png,1
843_s2_tumor_retardationtumor.png,1
1130_s2_tumor_retardationtumor.png,1
729_s2_tumor_retardationtumor.png,1
453_s2_tumor_retardationtumor.png,1
229_s2_tumor_retardationtumor.png,1
191_s2_tumor_retardationtumor.png,1
862_s2_tumor_retardationtumor.png,1
581_s2_tumor_retardationtumor.png,1
506_s2_tumor_retardationtumor.png,1
489_s2_tumor_retardationtumor.png,1
17_s2_tumor_retardationtumor.png,1
174_s2_tumor_retardationtumor.png,1
700_s2_tumor_retardationtumor.png,1
327_s2_tumor_retardationtumor.png,1
1042_s2_tumor_retardationtumor.png,1
616_s2_tumor_retardationtumor.png,1
232_s2_tumor_retardationtumor.png,1
786_s2_tumor_retardationtumor.png,1
214_s2_tumor_retardationtumor.png,1
295_s2_tumor_retardationtumor.png,1
690_s2_tumor_retardationtumor.png,1
302_s2_tumor_retardationtumor.png,1
157_s2_tumor_retardationtumor.png,1
891_s2_tumor_retardationtumor.png,1
769_s2_tumor_retardationtumor.png,1
576_s2_tumor_retardationtumor.png,1
206_s2_tumor_retardationtumor.png,1
330_s2_tumor_retardationtumor.png,1
842_s2_tumor_retardationtumor.png,1
1099_s2_tumor_retardationtumor.png,1
957_s2_tumor_retardationtumor.png,1
1061_s2_tumor_retardationtumor.png,1
273_s2_tumor_retardationtumor.png,1
89_s2_tumor_retardationtumor.png,1
342_s2_tumor_retardationtumor.png,1
417_s2_tumor_retardationtumor.png,1
1083_s2_tumor_retardationtumor.png,1
339_s2_tumor_retardationtumor.png,1
601_s2_tumor_retardationtumor.png,1
104_s2_tumor_retardationtumor.png,1
366_s2_tumor_retardationtumor.png,1
92_s2_tumor_retardationtumor.png,1
409_s2_tumor_retardationtumor.png,1
303_s2_tumor_retardationtumor.png,1
636_s2_tumor_retardationtumor.png,1
980_s2_tumor_retardationtumor.png,1
879_s2_tumor_retardationtumor.png,1
383_s2_tumor_retardationtumor.png,1
715_s2_tumor_retardationtumor.png,1
1089_s2_tumor_retardationtumor.png,1
497_s2_tumor_retardationtumor.png,1
47_s2_tumor_retardationtumor.png,1
724_s2_tumor_retardationtumor.png,1
355_s2_tumor_retardationtumor.png,1
1142_s2_tumor_retardationtumor.png,1
442_s2_tumor_retardationtumor.png,1
283_s2_tumor_retardationtumor.png,1
816_s2_tumor_retardationtumor.png,1
1123_s2_tumor_retardationtumor.png,1
166_s2_tumor_retardationtumor.png,1
689_s2_tumor_retardationtumor.png,1
928_s2_tumor_retardationtumor.png,1
33_s2_tumor_retardationtumor.png,1
139_s2_tumor_retardationtumor.png,1
824_s2_tumor_retardationtumor.png,1
20_s2_tumor_retardationtumor.png,1
986_s2_tumor_retardationtumor.png,1
684_s2_tumor_retardationtumor.png,1
604_s2_tumor_retardationtumor.png,1
870_s2_tumor_retardationtumor.png,1
710_s2_tumor_retardationtumor.png,1
466_s2_tumor_retardationtumor.png,1
122_s2_tumor_retardationtumor.png,1
468_s2_tumor_retardationtumor.png,1
413_s2_tumor_retardationtumor.png,1
150_s2_tumor_retardationtumor.png,1
612_s2_tumor_retardationtumor.png,1
588_s2_tumor_retardationtumor.png,1
533_s2_tumor_retardationtumor.png,1
839_s2_tumor_retardationtumor.png,1
1179_s2_tumor_retardationtumor.png,1
371_s2_tumor_retardationtumor.png,1
916_s2_tumor_retardationtumor.png,1
220_s2_tumor_retardationtumor.png,1
365_s2_tumor_retardationtumor.png,1
542_s2_tumor_retardationtumor.png,1
252_s2_tumor_retardationtumor.png,1
85_s2_tumor_retardationtumor.png,1
109_s2_tumor_retardationtumor.png,1
238_s2_tumor_retardationtumor.png,1
841_s2_tumor_retardationtumor.png,1
10_s2_tumor_retardationtumor.png,1
528_s2_tumor_retardationtumor.png,1
856_s2_tumor_retardationtumor.png,1
176_s2_tumor_retardationtumor.png,1
111_s2_tumor_retardationtumor.png,1
989_s2_tumor_retardationtumor.png,1
963_s2_tumor_retardationtumor.png,1
732_s2_tumor_retardationtumor.png,1
05_s2_tumor_retardationtumor.png,1
266_s2_tumor_retardationtumor.png,1
1188_s2_tumor_retardationtumor.png,1
221_s2_tumor_retardationtumor.png,1
1192_s2_tumor_retardationtumor.png,1
348_s2_tumor_retardationtumor.png,1
267_s2_tumor_retardationtumor.png,1
924_s2_tumor_retardationtumor.png,1
181_s2_tumor_retardationtumor.png,1
991_s2_tumor_retardationtumor.png,1
995_s2_tumor_retardationtumor.png,1
536_s2_tumor_retardationtumor.png,1
532_s2_tumor_retardationtumor.png,1
1195_s2_tumor_retardationtumor.png,1
1052_s2_tumor_retardationtumor.png,1
1087_s2_tumor_retardationtumor.png,1
216_s2_tumor_retardationtumor.png,1
272_s2_tumor_retardationtumor.png,1
797_s2_tumor_retardationtumor.png,1
116_s2_tumor_retardationtumor.png,1
460_s2_tumor_retardationtumor.png,1
1109_s2_tumor_retardationtumor.png,1
350_s2_tumor_retardationtumor.png,1
469_s2_tumor_retardationtumor.png,1
1129_s2_tumor_retardationtumor.png,1
657_s2_tumor_retardationtumor.png,1
590_s2_tumor_retardationtumor.png,1
01_s2_tumor_retardationtumor.png,1
951_s2_tumor_retardationtumor.png,1
364_s2_tumor_retardationtumor.png,1
282_s2_tumor_retardationtumor.png,1
103_s2_tumor_retardationtumor.png,1
658_s2_tumor_retardationtumor.png,1
1048_s2_tumor_retardationtumor.png,1
242_s2_tumor_retardationtumor.png,1
1178_s2_tumor_retardationtumor.png,1
1072_s2_tumor_retardationtumor.png,1
1137_s2_tumor_retardationtumor.png,1
547_s2_tumor_retardationtumor.png,1
625_s2_tumor_retardationtumor.png,1
477_s2_tumor_retardationtumor.png,1
865_s2_tumor_retardationtumor.png,1
527_s2_tumor_retardationtumor.png,1
976_s2_tumor_retardationtumor.png,1
230_s2_tumor_retardationtumor.png,1
234_s2_tumor_retardationtumor.png,1
375_s2_tumor_retardationtumor.png,1
102_s2_tumor_retardationtumor.png,1
929_s2_tumor_retardationtumor.png,1
569_s2_tumor_retardationtumor.png,1
1021_s2_tumor_retardationtumor.png,1
1080_s2_tumor_retardationtumor.png,1
778_s2_tumor_retardationtumor.png,1
485_s2_tumor_retardationtumor.png,1
669_s2_tumor_retardationtumor.png,1
1017_s2_tumor_retardationtumor.png,1
861_s2_tumor_retardationtumor.png,1
656_s2_tumor_retardationtumor.png,1
799_s2_tumor_retardationtumor.png,1
664_s2_tumor_retardationtumor.png,1
421_s2_tumor_retardationtumor.png,1
1049_s2_tumor_retardationtumor.png,1
346_s2_tumor_retardationtumor.png,1
141_s2_tumor_retardationtumor.png,1
120_s2_tumor_retardationtumor.png,1
254_s2_tumor_retardationtumor.png,1
246_s2_tumor_retardationtumor.png,1
434_s2_tumor_retardationtumor.png,1
1106_s2_tumor_retardationtumor.png,1
828_s2_tumor_retardationtumor.png,1
257_s2_tumor_retardationtumor.png,1
447_s2_tumor_retardationtumor.png,1
763_s2_tumor_retardationtumor.png,1
1088_s2_tumor_retardationtumor.png,1
645_s2_tumor_retardationtumor.png,1
149_s2_tumor_retardationtumor.png,1
1161_s2_tumor_retardationtumor.png,1
772_s2_tumor_retardationtumor.png,1
288_s2_tumor_retardationtumor.png,1
738_s2_tumor_retardationtumor.png,1
1016_s2_tumor_retardationtumor.png,1
982_s2_tumor_retardationtumor.png,1
895_s2_tumor_retardationtumor.png,1
794_s2_tumor_retardationtumor.png,1
1004_s2_tumor_retardationtumor.png,1
948_s2_tumor_retardationtumor.png,1
1189_s2_tumor_retardationtumor.png,1
1169_s2_tumor_retardationtumor.png,1
124_s2_tumor_retardationtumor.png,1
239_s2_tumor_retardationtumor.png,1
735_s2_tumor_retardationtumor.png,1
403_s2_tumor_retardationtumor.png,1
177_s2_tumor_retardationtumor.png,1
757_s2_tumor_retardationtumor.png,1
142_s2_tumor_retardationtumor.png,1
1026_s2_tumor_retardationtumor.png,1
1177_s2_tumor_retardationtumor.png,1
1168_s2_tumor_retardationtumor.png,1
953_s2_tumor_retardationtumor.png,1
987_s2_tumor_retardationtumor.png,1
691_s2_tumor_retardationtumor.png,1
937_s2_tumor_retardationtumor.png,1
237_s2_tumor_retardationtumor.png,1
785_s2_tumor_retardationtumor.png,1
1096_s2_tumor_retardationtumor.png,1
740_s2_tumor_retardationtumor.png,1
461_s2_tumor_retardationtumor.png,1
431_s2_tumor_retardationtumor.png,1
426_s2_tumor_retardationtumor.png,1
594_s2_tumor_retardationtumor.png,1
1103_s2_tumor_retardationtumor.png,1
549_s2_tumor_retardationtumor.png,1
484_s2_tumor_retardationtumor.png,1
1005_s2_tumor_retardationtumor.png,1
688_s2_tumor_retardationtumor.png,1
94_s2_tumor_retardationtumor.png,1
655_s2_tumor_retardationtumor.png,1
615_s2_tumor_retardationtumor.png,1
253_s2_tumor_retardationtumor.png,1
201_s2_tumor_retardationtumor.png,1
955_s2_tumor_retardationtumor.png,1
660_s2_tumor_retardationtumor.png,1
307_s2_tumor_retardationtumor.png,1
798_s2_tumor_retardationtumor.png,1
791_s2_tumor_retardationtumor.png,1
344_s2_tumor_retardationtumor.png,1
771_s2_tumor_retardationtumor.png,1
818_s2_tumor_retardationtumor.png,1
318_s2_tumor_retardationtumor.png,1
53_s2_tumor_retardationtumor.png,1
516_s2_tumor_retardationtumor.png,1
855_s2_tumor_retardationtumor.png,1
367_s2_tumor_retardationtumor.png,1
1056_s2_tumor_retardationtumor.png,1
622_s2_tumor_retardationtumor.png,1
1068_s2_tumor_retardationtumor.png,1
568_s2_tumor_retardationtumor.png,1
12_s2_tumor_retardationtumor.png,1
187_s2_tumor_retardationtumor.png,1
121_s2_tumor_retardationtumor.png,1
125_s2_tumor_retardationtumor.png,1
538_s2_tumor_retardationtumor.png,1
424_s2_tumor_retardationtumor.png,1
1093_s2_tumor_retardationtumor.png,1
112_s2_tumor_retardationtumor.png,1
958_s2_tumor_retardationtumor.png,1
509_s2_tumor_retardationtumor.png,1
731_s2_tumor_retardationtumor.png,1
1012_s2_tumor_retardationtumor.png,1
695_s2_tumor_retardationtumor.png,1
558_s2_tumor_retardationtumor.png,1
1063_s2_tumor_retardationtumor.png,1
1074_s2_tumor_retardationtumor.png,1
552_s2_tumor_retardationtumor.png,1
752_s2_tumor_retardationtumor.png,1
847_s2_tumor_retardationtumor.png,1
362_s2_tumor_retardationtumor.png,1
110_s2_tumor_retardationtumor.png,1
118_s2_tumor_retardationtumor.png,1
881_s2_tumor_retardationtumor.png,1
638_s2_tumor_retardationtumor.png,1
787_s2_tumor_retardationtumor.png,1
795_s2_tumor_retardationtumor.png,1
1128_s2_tumor_retardationtumor.png,1
792_s2_tumor_retardationtumor.png,1
1019_s2_tumor_retardationtumor.png,1
372_s2_tumor_retardationtumor.png,1
517_s2_tumor_retardationtumor.png,1
204_s2_tumor_retardationtumor.png,1
155_s2_tumor_retardationtumor.png,1
767_s2_tumor_retardationtumor.png,1
768_s2_tumor_retardationtumor.png,1
74_s2_tumor_retardationtumor.png,1
107_s2_tumor_retardationtumor.png,1
1158_s2_tumor_retardationtumor.png,1
328_s2_tumor_retardationtumor.png,1
920_s2_tumor_retardationtumor.png,1
871_s2_tumor_retardationtumor.png,1
915_s2_tumor_retardationtumor.png,1
703_s2_tumor_retardationtumor.png,1
734_s2_tumor_retardationtumor.png,1
546_s2_tumor_retardationtumor.png,1
1170_s2_tumor_retardationtumor.png,1
02_s2_tumor_retardationtumor.png,1
578_s2_tumor_retardationtumor.png,1
241_s2_tumor_retardationtumor.png,1
600_s2_tumor_retardationtumor.png,1
972_s2_tumor_retardationtumor.png,1
1136_s2_tumor_retardationtumor.png,1
793_s2_tumor_retardationtumor.png,1
265_s2_tumor_retardationtumor.png,1
751_s2_tumor_retardationtumor.png,1
559_s2_tumor_retardationtumor.png,1
79_s2_tumor_retardationtumor.png,1
535_s2_tumor_retardationtumor.png,1
1027_s2_tumor_retardationtumor.png,1
451_s2_tumor_retardationtumor.png,1
668_s2_tumor_retardationtumor.png,1
50_s2_tumor_retardationtumor.png,1
1147_s2_tumor_retardationtumor.png,1
708_s2_tumor_retardationtumor.png,1
39_s2_tumor_retardationtumor.png,1
479_s2_tumor_retardationtumor.png,1
704_s2_tumor_retardationtumor.png,1
894_s2_tumor_retardationtumor.png,1
880_s2_tumor_retardationtumor.png,1
86_s2_tumor_retardationtumor.png,1
885_s2_tumor_retardationtumor.png,1
898_s2_tumor_retardationtumor.png,1
55_s2_tumor_retardationtumor.png,1
985_s2_tumor_retardationtumor.png,1
1182_s2_tumor_retardationtumor.png,1
260_s2_tumor_retardationtumor.png,1
567_s2_tumor_retardationtumor.png,1
1176_s2_tumor_retardationtumor.png,1
408_s2_tumor_retardationtumor.png,1
428_s2_tumor_retardationtumor.png,1
137_s2_tumor_retardationtumor.png,1
454_s2_tumor_retardationtumor.png,1
988_s2_tumor_retardationtumor.png,1
193_s2_tumor_retardationtumor.png,1
595_s2_tumor_retardationtumor.png,1
587_s2_tumor_retardationtumor.png,1
570_s2_tumor_retardationtumor.png,1
1038_s2_tumor_retardationtumor.png,1
687_s2_tumor_retardationtumor.png,1
665_s2_tumor_retardationtumor.png,1
1171_s2_tumor_retardationtumor.png,1
407_s2_tumor_retardationtumor.png,1
511_s2_tumor_retardationtumor.png,1
28_s2_tumor_retardationtumor.png,1
467_s2_tumor_retardationtumor.png,1
463_s2_tumor_retardationtumor.png,1
956_s2_tumor_retardationtumor.png,1
1184_s2_tumor_retardationtumor.png,1
1013_s2_tumor_retardationtumor.png,1
562_s2_tumor_retardationtumor.png,1
541_s2_tumor_retardationtumor.png,1
1018_s2_tumor_retardationtumor.png,1
1191_s2_tumor_retardationtumor.png,1
1032_s2_tumor_retardationtumor.png,1
777_s2_tumor_retardationtumor.png,1
154_s2_tumor_retardationtumor.png,1
478_s2_tumor_retardationtumor.png,1
817_s2_tumor_retardationtumor.png,1
377_s2_tumor_retardationtumor.png,1
1183_s2_tumor_retardationtumor.png,1
812_s2_tumor_retardationtumor.png,1
598_s2_tumor_retardationtumor.png,1
374_s2_tumor_retardationtumor.png,1
806_s2_tumor_retardationtumor.png,1
1140_s2_tumor_retardationtumor.png,1
19_s2_tumor_retardationtumor.png,1
388_s2_tumor_retardationtumor.png,1
770_s2_tumor_retardationtumor.png,1
35_s2_tumor_retardationtumor.png,1
1160_s2_tumor_retardationtumor.png,1
646_s2_tumor_retardationtumor.png,1
1006_s2_tumor_retardationtumor.png,1
610_s2_tumor_retardationtumor.png,1
69_s2_tumor_retardationtumor.png,1
609_s2_tumor_retardationtumor.png,1
96_s2_tumor_retardationtumor.png,1
803_s2_tumor_retardationtumor.png,1
654_s2_tumor_retardationtumor.png,1
411_s2_tumor_retardationtumor.png,1
813_s2_tumor_retardationtumor.png,1
901_s2_tumor_retardationtumor.png,1
1057_s2_tumor_retardationtumor.png,1
857_s2_tumor_retardationtumor.png,1
1149_s2_tumor_retardationtumor.png,1
941_s2_tumor_retardationtumor.png,1
66_s2_tumor_retardationtumor.png,1
106_s2_tumor_retardationtumor.png,1
522_s2_tumor_retardationtumor.png,1
1117_s2_tumor_retardationtumor.png,1
60_s2_tumor_retardationtumor.png,1
1060_s2_tumor_retardationtumor.png,1
248_s2_tumor_retardationtumor.png,1
643_s2_tumor_retardationtumor.png,1
575_s2_tumor_retardationtumor.png,1
765_s2_tumor_retardationtumor.png,1
835_s2_tumor_retardationtumor.png,1
959_s2_tumor_retardationtumor.png,1
826_s2_tumor_retardationtumor.png,1
709_s2_tumor_retardationtumor.png,1
446_s2_tumor_retardationtumor.png,1
87_s2_tumor_retardationtumor.png,1
671_s2_tumor_retardationtumor.png,1
358_s2_tumor_retardationtumor.png,1
503_s2_tumor_retardationtumor.png,1
832_s2_tumor_retardationtumor.png,1
859_s2_tumor_retardationtumor.png,1
1118_s2_tumor_retardationtumor.png,1
304_s2_tumor_retardationtumor.png,1
480_s2_tumor_retardationtumor.png,1
101_s2_tumor_retardationtumor.png,1
313_s2_tumor_retardationtumor.png,1
802_s2_tumor_retardationtumor.png,1
1001_s2_tumor_retardationtumor.png,1
62_s2_tumor_retardationtumor.png,1
1190_s2_tumor_retardationtumor.png,1
1091_s2_tumor_retardationtumor.png,1
18_s2_tumor_retardationtumor.png,1
412_s2_tumor_retardationtumor.png,1
433_s2_tumor_retardationtumor.png,1
1162_s2_tumor_retardationtumor.png,1
1181_s2_tumor_retardationtumor.png,1
48_s2_tumor_retardationtumor.png,1
444_s2_tumor_retardationtumor.png,1
1199_s2_tumor_retardationtumor.png,1
979_s2_tumor_retardationtumor.png,1
131_s2_tumor_retardationtumor.png,1
244_s2_tumor_retardationtumor.png,1
1127_s2_tumor_retardationtumor.png,1
887_s2_tumor_retardationtumor.png,1
325_s2_tumor_retardationtumor.png,1
317_s2_tumor_retardationtumor.png,1
705_s2_tumor_retardationtumor.png,1
696_s2_tumor_retardationtumor.png,1
617_s2_tumor_retardationtumor.png,1
392_s2_tumor_retardationtumor.png,1
954_s2_tumor_retardationtumor.png,1
1090_s2_tumor_retardationtumor.png,1
465_s2_tumor_retardationtumor.png,1
964_s2_tumor_retardationtumor.png,1
761_s2_tumor_retardationtumor.png,1
309_s2_tumor_retardationtumor.png,1
1035_s2_tumor_retardationtumor.png,1
627_s2_tumor_retardationtumor.png,1
32_s2_tumor_retardationtumor.png,1
306_s2_tumor_retardationtumor.png,1
70_s2_tumor_retardationtumor.png,1
727_s2_tumor_retardationtumor.png,1
796_s2_tumor_retardationtumor.png,1
939_s2_tumor_retardationtumor.png,1
483_s2_tumor_retardationtumor.png,1
809_s2_tumor_retardationtumor.png,1
723_s2_tumor_retardationtumor.png,1
438_s2_tumor_retardationtumor.png,1
493_s2_tumor_retardationtumor.png,1
1194_s2_tumor_retardationtumor.png,1
712_s2_tumor_retardationtumor.png,1
1185_s2_tumor_retardationtumor.png,1
208_s2_tumor_retardationtumor.png,1
398_s2_tumor_retardationtumor.png,1
308_s2_tumor_retardationtumor.png,1
525_s2_tumor_retardationtumor.png,1
259_s2_tumor_retardationtumor.png,1
151_s2_tumor_retardationtumor.png,1
819_s2_tumor_retardationtumor.png,1
1108_s2_tumor_retardationtumor.png,1
1067_s2_tumor_retardationtumor.png,1
1076_s2_tumor_retardationtumor.png,1
905_s2_tumor_retardationtumor.png,1
233_s2_tumor_retardationtumor.png,1
733_s2_tumor_retardationtumor.png,1
1198_s2_tumor_retardationtumor.png,1
321_s2_tumor_retardationtumor.png,1
932_s2_tumor_retardationtumor.png,1
996_s2_tumor_retardationtumor.png,1
888_s2_tumor_retardationtumor.png,1
162_s2_tumor_retardationtumor.png,1
148_s2_tumor_retardationtumor.png,1
914_s2_tumor_retardationtumor.png,1
198_s2_tumor_retardationtumor.png,1
387_s2_tumor_retardationtumor.png,1
1193_s2_tumor_retardationtumor.png,1
284_s2_tumor_retardationtumor.png,1
43_s2_tumor_retardationtumor.png,1
1148_s2_tumor_retardationtumor.png,1
908_s2_tumor_retardationtumor.png,1
900_s2_tumor_retardationtumor.png,1
441_s2_tumor_retardationtumor.png,1
648_s2_tumor_retardationtumor.png,1
323_s2_tumor_retardationtumor.png,1
63_s2_tumor_retardationtumor.png,1
618_s2_tumor_retardationtumor.png,1
904_s2_tumor_retardationtumor.png,1
440_s2_tumor_retardationtumor.png,1
210_s2_tumor_retardationtumor.png,1
540_s2_tumor_retardationtumor.png,1
34_s2_tumor_retardationtumor.png,1
219_s2_tumor_retardationtumor.png,1
99_s2_tumor_retardationtumor.png,1
458_s2_tumor_retardationtumor.png,1
129_s2_tumor_retardationtumor.png,1
815_s2_tumor_retardationtumor.png,1
875_s2_tumor_retardationtumor.png,1
419_s2_tumor_retardationtumor.png,1
830_s2_tumor_retardationtumor.png,1
100_s2_tumor_retardationtumor.png,1
852_s2_tumor_retardationtumor.png,1
909_s2_tumor_retardationtumor.png,1
391_s2_tumor_retardationtumor.png,1
1054_s2_tumor_retardationtumor.png,1
854_s2_tumor_retardationtumor.png,1
662_s2_tumor_retardationtumor.png,1
285_s2_tumor_retardationtumor.png,1
427_s2_tumor_retardationtumor.png,1
883_s2_tumor_retardationtumor.png,1
906_s2_tumor_retardationtumor.png,1
681_s2_tumor_retardationtumor.png,1
1151_s2_tumor_retardationtumor.png,1
16_s2_tumor_retardationtumor.png,1
123_s2_tumor_retardationtumor.png,1
390_s2_tumor_retardationtumor.png,1
889_s2_tumor_retardationtumor.png,1
504_s2_tumor_retardationtumor.png,1
943_s2_tumor_retardationtumor.png,1
1110_s2_tumor_retardationtumor.png,1
993_s2_tumor_retardationtumor.png,1
801_s2_tumor_retardationtumor.png,1
464_s2_tumor_retardationtumor.png,1
783_s2_tumor_retardationtumor.png,1
800_s2_tumor_retardationtumor.png,1
725_s2_tumor_retardationtumor.png,1
476_s2_tumor_retardationtumor.png,1
663_s2_tumor_retardationtumor.png,1
23_s2_tumor_retardationtumor.png,1
579_s2_tumor_retardationtumor.png,1
605_s2_tumor_retardationtumor.png,1
651_s2_tumor_retardationtumor.png,1
08_s2_tumor_retardationtumor.png,1
574_s2_tumor_retardationtumor.png,1
58_s2_tumor_retardationtumor.png,1
940_s2_tumor_retardationtumor.png,1
113_s2_tumor_retardationtumor.png,1
1166_s2_tumor_retardationtumor.png,1
741_s2_tumor_retardationtumor.png,1
749_s2_tumor_retardationtumor.png,1
21_s2_tumor_retardationtumor.png,1
71_s2_tumor_retardationtumor.png,1
415_s2_tumor_retardationtumor.png,1
84_s2_tumor_retardationtumor.png,1
513_s2_tumor_retardationtumor.png,1
774_s2_tumor_retardationtumor.png,1
529_s2_tumor_retardationtumor.png,1
537_s2_tumor_retardationtumor.png,1
164_s2_tumor_retardationtumor.png,1
338_s2_tumor_retardationtumor.png,1
439_s2_tumor_retardationtumor.png,1
475_s2_tumor_retardationtumor.png,1
846_s2_tumor_retardationtumor.png,1
135_s2_tumor_retardationtumor.png,1
674_s2_tumor_retardationtumor.png,1
227_s2_tumor_retardationtumor.png,1
637_s2_tumor_retardationtumor.png,1
845_s2_tumor_retardationtumor.png,1
418_s2_tumor_retardationtumor.png,1
736_s2_tumor_retardationtumor.png,1
864_s2_tumor_retardationtumor.png,1
269_s2_tumor_retardationtumor.png,1
1059_s2_tumor_retardationtumor.png,1
459_s2_tumor_retardationtumor.png,1
631_s2_tumor_retardationtumor.png,1
1163_s2_tumor_retardationtumor.png,1
863_s2_tumor_retardationtumor.png,1
713_s2_tumor_retardationtumor.png,1
1024_s2_tumor_retardationtumor.png,1
360_s2_tumor_retardationtumor.png,1
349_s2_tumor_retardationtumor.png,1
215_s2_tumor_retardationtumor.png,1
296_s2_tumor_retardationtumor.png,1
1111_s2_tumor_retardationtumor.png,1
673_s2_tumor_retardationtumor.png,1
51_s2_tumor_retardationtumor.png,1
1113_s2_tumor_retardationtumor.png,1
289_s2_tumor_retardationtumor.png,1
825_s2_tumor_retardationtumor.png,1
755_s2_tumor_retardationtumor.png,1
115_s2_tumor_retardationtumor.png,1
1015_s2_tumor_retardationtumor.png,1
821_s2_tumor_retardationtumor.png,1
42_s2_tumor_retardationtumor.png,1
978_s2_tumor_retardationtumor.png,1
1133_s2_tumor_retardationtumor.png,1
776_s2_tumor_retardationtumor.png,1
1029_s2_tumor_retardationtumor.png,1
822_s2_tumor_retardationtumor.png,1
717_s2_tumor_retardationtumor.png,1
168_s2_tumor_retardationtumor.png,1
686_s2_tumor_retardationtumor.png,1
486_s2_tumor_retardationtumor.png,1
369_s2_tumor_retardationtumor.png,1
548_s2_tumor_retardationtumor.png,1
156_s2_tumor_retardationtumor.png,1
1107_s2_tumor_retardationtumor.png,1
354_s2_tumor_retardationtumor.png,1
666_s2_tumor_retardationtumor.png,1
1132_s2_tumor_retardationtumor.png,1
573_s2_tumor_retardationtumor.png,1
22_s2_tumor_retardationtumor.png,1
195_s2_tumor_retardationtumor.png,1
838_s2_tumor_retardationtumor.png,1
78_s2_tumor_retardationtumor.png,1
521_s2_tumor_retardationtumor.png,1
555_s2_tumor_retardationtumor.png,1
235_s2_tumor_retardationtumor.png,1
860_s2_tumor_retardationtumor.png,1
03_s2_tumor_retardationtumor.png,1
550_s2_tumor_retardationtumor.png,1
913_s2_tumor_retardationtumor.png,1
498_s2_tumor_retardationtumor.png,1
448_s2_tumor_retardationtumor.png,1
24_s2_tumor_retardationtumor.png,1
1173_s2_tumor_retardationtumor.png,1
867_s2_tumor_retardationtumor.png,1
827_s2_tumor_retardationtumor.png,1
488_s2_tumor_retardationtumor.png,1
620_s2_tumor_retardationtumor.png,1
457_s2_tumor_retardationtumor.png,1
917_s2_tumor_retardationtumor.png,1
1119_s2_tumor_retardationtumor.png,1
781_s2_tumor_retardationtumor.png,1
1141_s2_tumor_retardationtumor.png,1
119_s2_tumor_retardationtumor.png,1
30_s2_tumor_retardationtumor.png,1
849_s2_tumor_retardationtumor.png,1
990_s2_tumor_retardationtumor.png,1
449_s2_tumor_retardationtumor.png,1
82_s2_tumor_retardationtumor.png,1
105_s2_tumor_retardationtumor.png,1
1187_s2_tumor_retardationtumor.png,1
416_s2_tumor_retardationtumor.png,1
225_s2_tumor_retardationtumor.png,1
1116_s2_tumor_retardationtumor.png,1
203_s2_tumor_retardationtumor.png,1
644_s2_tumor_retardationtumor.png,1
1007_s2_tumor_retardationtumor.png,1
386_s2_tumor_retardationtumor.png,1
1097_s2_tumor_retardationtumor.png,1
790_s2_tumor_retardationtumor.png,1
200_s2_tumor_retardationtumor.png,1
653_s2_tumor_retardationtumor.png,1
138_s2_tumor_retardationtumor.png,1
341_s2_tumor_retardationtumor.png,1
394_s2_tumor_retardationtumor.png,1
15_s2_tumor_retardationtumor.png,1
1138_s2_tumor_retardationtumor.png,1
492_s2_tumor_retardationtumor.png,1
236_s2_tumor_retardationtumor.png,1
1023_s2_tumor_retardationtumor.png,1
922_s2_tumor_retardationtumor.png,1
596_s2_tumor_retardationtumor.png,1
884_s2_tumor_retardationtumor.png,1
67_s2_tumor_retardationtumor.png,1
728_s2_tumor_retardationtumor.png,1
1180_s2_tumor_retardationtumor.png,1
930_s2_tumor_retardationtumor.png,1
315_s2_tumor_retardationtumor.png,1
1154_s2_tumor_retardationtumor.png,1
59_s2_tumor_retardationtumor.png,1
347_s2_tumor_retardationtumor.png,1
647_s2_tumor_retardationtumor.png,1
95_s2_tumor_retardationtumor.png,1
726_s2_tumor_retardationtumor.png,1
652_s2_tumor_retardationtumor.png,1
1053_s2_tumor_retardationtumor.png,1
1043_s2_tumor_retardationtumor.png,1
172_s2_tumor_retardationtumor.png,1
629_s2_tumor_retardationtumor.png,1
543_s2_tumor_retardationtumor.png,1
1031_s2_tumor_retardationtumor.png,1
743_s2_tumor_retardationtumor.png,1
80_s2_tumor_retardationtumor.png,1
400_s2_tumor_retardationtumor.png,1
810_s2_tumor_retardationtumor.png,1
742_s2_tumor_retardationtumor.png,1
1033_s2_tumor_retardationtumor.png,1
614_s2_tumor_retardationtumor.png,1
320_s2_tumor_retardationtumor.png,1
619_s2_tumor_retardationtumor.png,1
683_s2_tumor_retardationtumor.png,1
702_s2_tumor_retardationtumor.png,1
500_s2_tumor_retardationtumor.png,1
611_s2_tumor_retardationtumor.png,1
1120_s2_tumor_retardationtumor.png,1
759_s2_tumor_retardationtumor.png,1
293_s2_tumor_retardationtumor.png,1
212_s2_tumor_retardationtumor.png,1
584_s2_tumor_retardationtumor.png,1
61_s2_tumor_retardationtumor.png,1
659_s2_tumor_retardationtumor.png,1
756_s2_tumor_retardationtumor.png,1
634_s2_tumor_retardationtumor.png,1
692_s2_tumor_retardationtumor.png,1
531_s2_tumor_retardationtumor.png,1
337_s2_tumor_retardationtumor.png,1
1197_s2_tumor_retardationtumor.png,1
25_s2_tumor_retardationtumor.png,1
1101_s2_tumor_retardationtumor.png,1
261_s2_tumor_retardationtumor.png,1
805_s2_tumor_retardationtumor.png,1
515_s2_tumor_retardationtumor.png,1
877_s2_tumor_retardationtumor.png,1
984_s2_tumor_retardationtumor.png,1
961_s2_tumor_retardationtumor.png,1
54_s2_tumor_retardationtumor.png,1
1078_s2_tumor_retardationtumor.png,1
560_s2_tumor_retardationtumor.png,1
952_s2_tumor_retardationtumor.png,1
356_s2_tumor_retardationtumor.png,1
430_s2_tumor_retardationtumor.png,1
224_s2_tumor_retardationtumor.png,1
892_s2_tumor_retardationtumor.png,1
243_s2_tumor_retardationtumor.png,1
753_s2_tumor_retardationtumor.png,1
874_s2_tumor_retardationtumor.png,1
837_s2_tumor_retardationtumor.png,1
264_s2_tumor_retardationtumor.png,1
512_s2_tumor_retardationtumor.png,1
404_s2_tumor_retardationtumor.png,1
163_s2_tumor_retardationtumor.png,1
925_s2_tumor_retardationtumor.png,1
76_s2_tumor_retardationtumor.png,1
764_s2_tumor_retardationtumor.png,1
1075_s2_tumor_retardationtumor.png,1
1172_s2_tumor_retardationtumor.png,1
495_s2_tumor_retardationtumor.png,1
108_s2_tumor_retardationtumor.png,1
414_s2_tumor_retardationtumor.png,1
949_s2_tumor_retardationtumor.png,1
07_s2_tumor_retardationtumor.png,1
1159_s2_tumor_retardationtumor.png,1
1164_s2_tumor_retardationtumor.png,1
425_s2_tumor_retardationtumor.png,1
523_s2_tumor_retardationtumor.png,1
997_s2_tumor_retardationtumor.png,1
971_s2_tumor_retardationtumor.png,1
621_s2_tumor_retardationtumor.png,1
332_s2_tumor_retardationtumor.png,1
635_s2_tumor_retardationtumor.png,1
300_s2_tumor_retardationtumor.png,1
912_s2_tumor_retardationtumor.png,1
182_s2_tumor_retardationtumor.png,1
1157_s2_tumor_retardationtumor.png,1
470_s2_tumor_retardationtumor.png,1
422_s2_tumor_retardationtumor.png,1
217_s2_tumor_retardationtumor.png,1
780_s2_tumor_retardationtumor.png,1
279_s2_tumor_retardationtumor.png,1
90_s2_tumor_retardationtumor.png,1
462_s2_tumor_retardationtumor.png,1
196_s2_tumor_retardationtumor.png,1
161_s2_tumor_retardationtumor.png,1
945_s2_tumor_retardationtumor.png,1
263_s2_tumor_retardationtumor.png,1
903_s2_tumor_retardationtumor.png,1
351_s2_tumor_retardationtumor.png,1
335_s2_tumor_retardationtumor.png,1
443_s2_tumor_retardationtumor.png,1
352_s2_tumor_retardationtumor.png,1
213_s2_tumor_retardationtumor.png,1
544_s2_tumor_retardationtumor.png,1
280_s2_tumor_retardationtumor.png,1
969_s2_tumor_retardationtumor.png,1
869_s2_tumor_retardationtumor.png,1
502_s2_tumor_retardationtumor.png,1
340_s2_tumor_retardationtumor.png,1
491_s2_tumor_retardationtumor.png,1
834_s2_tumor_retardationtumor.png,1
650_s2_tumor_retardationtumor.png,1
942_s2_tumor_retardationtumor.png,1
1135_s2_tumor_retardationtumor.png,1
1070_s2_tumor_retardationtumor.png,1
750_s2_tumor_retardationtumor.png,1
524_s2_tumor_retardationtumor.png,1
40_s2_tumor_retardationtumor.png,1
613_s2_tumor_retardationtumor.png,1
1069_s2_tumor_retardationtumor.png,1
1077_s2_tumor_retardationtumor.png,1
814_s2_tumor_retardationtumor.png,1
938_s2_tumor_retardationtumor.png,1
1046_s2_tumor_retardationtumor.png,1
850_s2_tumor_retardationtumor.png,1
707_s2_tumor_retardationtumor.png,1
184_s2_tumor_retardationtumor.png,1
436_s2_tumor_retardationtumor.png,1
38_s2_tumor_retardationtumor.png,1
1104_s2_tumor_retardationtumor.png,1
773_s2_tumor_retardationtumor.png,1
324_s2_tumor_retardationtumor.png,1
899_s2_tumor_retardationtumor.png,1
556_s2_tumor_retardationtumor.png,1
496_s2_tumor_retardationtumor.png,1
68_s2_tumor_retardationtumor.png,1
507_s2_tumor_retardationtumor.png,1
1125_s2_tumor_retardationtumor.png,1
1124_s2_tumor_retardationtumor.png,1
481_s2_tumor_retardationtumor.png,1
840_s2_tumor_retardationtumor.png,1
602_s2_tumor_retardationtumor.png,1
680_s2_tumor_retardationtumor.png,1
921_s2_tumor_retardationtumor.png,1
1131_s2_tumor_retardationtumor.png,1
396_s2_tumor_retardationtumor.png,1
405_s2_tumor_retardationtumor.png,1
170_s2_tumor_retardationtumor.png,1
144_s2_tumor_retardationtumor.png,1
36_s2_tumor_retardationtumor.png,1
199_s2_tumor_retardationtumor.png,1
432_s2_tumor_retardationtumor.png,1
591_s2_tumor_retardationtumor.png,1
719_s2_tumor_retardationtumor.png,1
1051_s2_tumor_retardationtumor.png,1
188_s2_tumor_retardationtumor.png,1
471_s2_tumor_retardationtumor.png,1
1155_s2_tumor_retardationtumor.png,1
490_s2_tumor_retardationtumor.png,1
758_s2_tumor_retardationtumor.png,1
935_s2_tumor_retardationtumor.png,1
716_s2_tumor_retardationtumor.png,1
373_s2_tumor_retardationtumor.png,1
1121_s2_tumor_retardationtumor.png,1
423_s2_tumor_retardationtumor.png,1
505_s2_tumor_retardationtumor.png,1
947_s2_tumor_retardationtumor.png,1
145_s2_tumor_retardationtumor.png,1
287_s2_tumor_retardationtumor.png,1
1086_s2_tumor_retardationtumor.png,1
1011_s2_tumor_retardationtumor.png,1
1022_s2_tumor_retardationtumor.png,1
626_s2_tumor_retardationtumor.png,1
410_s2_tumor_retardationtumor.png,1
359_s2_tumor_retardationtumor.png,1
823_s2_tumor_retardationtumor.png,1
876_s2_tumor_retardationtumor.png,1
606_s2_tumor_retardationtumor.png,1
519_s2_tumor_retardationtumor.png,1
907_s2_tumor_retardationtumor.png,1
379_s2_tumor_retardationtumor.png,1
897_s2_tumor_retardationtumor.png,1
311_s2_tumor_retardationtumor.png,1
1055_s2_tumor_retardationtumor.png,1
911_s2_tumor_retardationtumor.png,1
706_s2_tumor_retardationtumor.png,1
670_s2_tumor_retardationtumor.png,1
1037_s2_tumor_retardationtumor.png,1
1002_s2_tumor_retardationtumor.png,1
766_s2_tumor_retardationtumor.png,1
370_s2_tumor_retardationtumor.png,1
623_s2_tumor_retardationtumor.png,1
290_s2_tumor_retardationtumor.png,1
41_s2_tumor_retardationtumor.png,1
1126_s2_tumor_retardationtumor.png,1
831_s2_tumor_retardationtumor.png,1
868_s2_tumor_retardationtumor.png,1
158_s2_tumor_retardationtumor.png,1
06_s2_tumor_retardationtumor.png,1
1064_s2_tumor_retardationtumor.png,1
902_s2_tumor_retardationtumor.png,1
571_s2_tumor_retardationtumor.png,1
240_s2_tumor_retardationtumor.png,1
384_s2_tumor_retardationtumor.png,1
316_s2_tumor_retardationtumor.png,1
245_s2_tumor_retardationtumor.png,1
381_s2_tumor_retardationtumor.png,1
1095_s2_tumor_retardationtumor.png,1
1150_s2_tumor_retardationtumor.png,1
721_s2_tumor_retardationtumor.png,1
14_s2_tumor_retardationtumor.png,1
382_s2_tumor_retardationtumor.png,1
554_s2_tumor_retardationtumor.png,1
968_s2_tumor_retardationtumor.png,1
165_s2_tumor_retardationtumor.png,1
1156_s2_tumor_retardationtumor.png,1
202_s2_tumor_retardationtumor.png,1
1153_s2_tumor_retardationtumor.png,1
1196_s2_tumor_retardationtumor.png,1
57_s2_tumor_retardationtumor.png,1
1039_s2_tumor_retardationtumor.png,1
278_s2_tumor_retardationtumor.png,1
858_s2_tumor_retardationtumor.png,1
171_s2_tumor_retardationtumor.png,1
1082_s2_tumor_retardationtumor.png,1
699_s2_tumor_retardationtumor.png,1
1112_s2_tumor_retardationtumor.png,1
580_s2_tumor_retardationtumor.png,1
249_s2_tumor_retardationtumor.png,1
197_s2_tumor_retardationtumor.png,1
456_s2_tumor_retardationtumor.png,1
402_s2_tumor_retardationtumor.png,1
1139_s2_tumor_retardationtumor.png,1
1000_s2_tumor_retardationtumor.png,1
639_s2_tumor_retardationtumor.png,1
804_s2_tumor_retardationtumor.png,1
747_s2_tumor_retardationtumor.png,1
628_s2_tumor_retardationtumor.png,1
1085_s2_tumor_retardationtumor.png,1
153_s2_tumor_retardationtumor.png,1
435_s2_tumor_retardationtumor.png,1
829_s2_tumor_retardationtumor.png,1
927_s2_tumor_retardationtumor.png,1
923_s2_tumor_retardationtumor.png,1
1045_s2_tumor_retardationtumor.png,1
630_s2_tumor_retardationtumor.png,1
1092_s2_tumor_retardationtumor.png,1
333_s2_tumor_retardationtumor.png,1
508_s2_tumor_retardationtumor.png,1
998_s2_tumor_retardationtumor.png,1
88_s2_tumor_retardationtumor.png,1
977_s2_tumor_retardationtumor.png,1
926_s2_tumor_retardationtumor.png,1
966_s2_tumor_retardationtumor.png,1
649_s2_tumor_retardationtumor.png,1
851_s2_tumor_retardationtumor.png,1
1165_s2_tumor_retardationtumor.png,1
268_s2_tumor_retardationtumor.png,1
744_s2_tumor_retardationtumor.png,1
933_s2_tumor_retardationtumor.png,1
1174_s2_tumor_retardationtumor.png,1
305_s2_tumor_retardationtumor.png,1
553_s2_tumor_retardationtumor.png,1
697_s2_tumor_retardationtumor.png,1
97_s2_tumor_retardationtumor.png,1
565_s2_tumor_retardationtumor.png,1
256_s2_tumor_retardationtumor.png,1
298_s2_tumor_retardationtumor.png,1
661_s2_tumor_retardationtumor.png,1
970_s2_tumor_retardationtumor.png,1
624_s2_tumor_retardationtumor.png,1
159_s2_tumor_retardationtumor.png,1
299_s2_tumor_retardationtumor.png,1
65_s2_tumor_retardationtumor.png,1
682_s2_tumor_retardationtumor.png,1
632_s2_tumor_retardationtumor.png,1
539_s2_tumor_retardationtumor.png,1
1186_s2_tumor_retardationtumor.png,1
286_s2_tumor_retardationtumor.png,1
128_s2_tumor_retardationtumor.png,1
98_s2_tumor_retardationtumor.png,1
1084_s2_tumor_retardationtumor.png,1
429_s2_tumor_retardationtumor.png,1
960_s2_tumor_retardationtumor.png,1
167_s2_tumor_retardationtumor.png,1
297_s2_tumor_retardationtumor.png,1
983_s2_tumor_retardationtumor.png,1
675_s2_tumor_retardationtumor.png,1
275_s2_tumor_retardationtumor.png,1
83_s2_tumor_retardationtumor.png,1
326_s2_tumor_retardationtumor.png,1
784_s2_tumor_retardationtumor.png,1
180_s2_tumor_retardationtumor.png,1
231_s2_tumor_retardationtumor.png,1
49_s2_tumor_retardationtumor.png,1
190_s2_tumor_retardationtumor.png,1
363_s2_tumor_retardationtumor.png,1
420_s2_tumor_retardationtumor.png,1
782_s2_tumor_retardationtumor.png,1
775_s2_tumor_retardationtumor.png,1
183_s2_tumor_retardationtumor.png,1
844_s2_tumor_retardationtumor.png,1
228_s2_tumor_retardationtumor.png,1
1175_s2_tumor_retardationtumor.png,1
1047_s2_tumor_retardationtumor.png,1
679_s2_tumor_retardationtumor.png,1
534_s2_tumor_retardationtumor.png,1
583_s2_tumor_retardationtumor.png,1
563_s2_tumor_retardationtumor.png,1
878_s2_tumor_retardationtumor.png,1
31_s2_tumor_retardationtumor.png,1
397_s2_tumor_retardationtumor.png,1
322_s2_tumor_retardationtumor.png,1
126_s2_tumor_retardationtumor.png,1
1025_s2_tumor_retardationtumor.png,1
1081_s2_tumor_retardationtumor.png,1
136_s2_tumor_retardationtumor.png,1
848_s2_tumor_retardationtumor.png,1
518_s2_tumor_retardationtumor.png,1
720_s2_tumor_retardationtumor.png,1
967_s2_tumor_retardationtumor.png,1
223_s2_tumor_retardationtumor.png,1
501_s2_tumor_retardationtumor.png,1
262_s2_tumor_retardationtumor.png,1
882_s2_tumor_retardationtumor.png,1
589_s2_tumor_retardationtumor.png,1
251_s2_tumor_retardationtumor.png,1
994_s2_tumor_retardationtumor.png,1
762_s2_tumor_retardationtumor.png,1
312_s2_tumor_retardationtumor.png,1
140_s2_tumor_retardationtumor.png,1
250_s2_tumor_retardationtumor.png,1
255_s2_tumor_retardationtumor.png,1
1058_s2_tumor_retardationtumor.png,1
401_s2_tumor_retardationtumor.png,1
474_s2_tumor_retardationtumor.png,1
1030_s2_tumor_retardationtumor.png,1
81_s2_tumor_retardationtumor.png,1
893_s2_tumor_retardationtumor.png,1
711_s2_tumor_retardationtumor.png,1
918_s2_tumor_retardationtumor.png,1
331_s2_tumor_retardationtumor.png,1
329_s2_tumor_retardationtumor.png,1
73_s2_tumor_retardationtumor.png,1
1065_s2_tumor_retardationtumor.png,1
1145_s2_tumor_retardationtumor.png,1
452_s2_tumor_retardationtumor.png,1
334_s2_tumor_retardationtumor.png,1
44_s2_tumor_retardationtumor.png,1
46_s2_tumor_retardationtumor.png,1
593_s2_tumor_retardationtumor.png,1
910_s2_tumor_retardationtumor.png,1
642_s2_tumor_retardationtumor.png,1
75_s2_tumor_retardationtumor.png,1
722_s2_tumor_retardationtumor.png,1
445_s2_tumor_retardationtumor.png,1
473_s2_tumor_retardationtumor.png,1
27_s2_tumor_retardationtumor.png,1
1122_s2_tumor_retardationtumor.png,1
1071_s2_tumor_retardationtumor.png,1
357_s2_tumor_retardationtumor.png,1
1134_s2_tumor_retardationtumor.png,1
04_s2_tumor_retardationtumor.png,1
169_s2_tumor_retardationtumor.png,1
754_s2_tumor_retardationtumor.png,1
185_s2_tumor_retardationtumor.png,1
77_s2_tumor_retardationtumor.png,1
178_s2_tumor_retardationtumor.png,1
205_s2_tumor_retardationtumor.png,1
545_s2_tumor_retardationtumor.png,1
808_s2_tumor_retardationtumor.png,1
551_s2_tumor_retardationtumor.png,1
999_s2_tumor_retardationtumor.png,1
258_s2_tumor_retardationtumor.png,1
1044_s2_tumor_retardationtumor.png,1
1073_s2_tumor_retardationtumor.png,1
274_s2_tumor_retardationtumor.png,1
450_s2_tumor_retardationtumor.png,1
361_s2_tumor_retardationtumor.png,1
672_s2_tumor_retardationtumor.png,1
946_s2_tumor_retardationtumor.png,1
678_s2_tumor_retardationtumor.png,1
291_s2_tumor_retardationtumor.png,1
694_s2_tumor_retardationtumor.png,1
56_s2_tumor_retardationtumor.png,1
693_s2_tumor_retardationtumor.png,1
1200_s2_tumor_retardationtumor.png,1
514_s2_tumor_retardationtumor.png,1
345_s2_tumor_retardationtumor.png,1
270_s2_tumor_retardationtumor.png,1
218_s2_tumor_retardationtumor.png,1
564_s2_tumor_retardationtumor.png,1
1100_s2_tumor_retardationtumor.png,1
186_s2_tumor_retardationtumor.png,1
64_s2_tumor_retardationtumor.png,1
1010_s2_tumor_retardationtumor.png,1
1008_s2_tumor_retardationtumor.png,1
1020_s2_tumor_retardationtumor.png,1
1167_s2_tumor_retardationtumor.png,1
399_s2_tumor_retardationtumor.png,1
209_s2_tumor_retardationtumor.png,1
380_s2_tumor_retardationtumor.png,1
343_s2_tumor_retardationtumor.png,1
981_s2_tumor_retardationtumor.png,1
1098_s2_tumor_retardationtumor.png,1
853_s2_tumor_retardationtumor.png,1
950_s2_tumor_retardationtumor.png,1
1003_s2_tumor_retardationtumor.png,1
222_s2_tumor_retardationtumor.png,1
572_s2_tumor_retardationtumor.png,1
1062_s2_tumor_retardationtumor.png,1
1036_s2_tumor_retardationtumor.png,1
746_s2_tumor_retardationtumor.png,1
1114_s2_tumor_retardationtumor.png,1
510_s2_tumor_retardationtumor.png,1
319_s2_tumor_retardationtumor.png,1
